area_id,year,total_accidents,city_name,population,area_km2,accidents_per_100k,accidents_per_km2,Cluster_ID,Risk_Score,Risk_Class
001008,2024,20,Alpignano,16484.0,11.9193,121.32977432661976,1.6779508863775559,0,-0.6486662365924194,Low Risk
001013,2024,34,Avigliana,12351.0,23.2172,275.28135373653953,1.464431542132557,2,-0.061654527494208536,Medium Risk
001024,2024,33,Beinasco,17532.0,6.7343,188.22724161533196,4.900286592518896,0,0.2723687456185799,Low Risk
001028,2024,14,Borgaro Torinese,11773.0,11.1039,118.91616410430646,1.2608182710579166,0,-0.7423373937380706,Low Risk
001059,2024,71,Carmagnola,28399.0,95.7148,250.00880312687065,0.7417870590546081,2,-0.31022752361596645,Medium Risk
001063,2024,30,Caselle Torinese,13749.0,23.5513,218.1976871045167,1.273815033565026,0,-0.3335086703219551,Low Risk
001078,2024,65,Chieri,36001.0,54.1975,180.55054026277048,1.1993173116841183,0,-0.5025102975186113,Low Risk
001082,2024,67,Chivasso,26497.0,51.2378,252.85881420538175,1.307628352505377,2,-0.18489745554075748,Medium Risk
001086,2024,42,Ciriè,18261.0,17.7329,229.99835715459176,2.3684789289963852,2,-0.06532377147106719,Medium Risk
001090,2024,138,Collegno,48747.0,18.0993,283.0943442673395,7.624604266463344,2,1.207799253037163,Medium Risk
001115,2024,15,Giaveno,16168.0,71.7376,92.77585353785254,0.2090953697921313,0,-1.0605678156270255,Low Risk
001120,2024,61,Grugliasco,37201.0,13.1321,163.974086718099,4.645106266324503,0,0.12187322446671806,Low Risk
001125,2024,54,Ivrea,22839.0,30.1075,236.43767240246945,1.7935730299759196,2,-0.15446680086760362,Medium Risk
001130,2024,35,Leini,16309.0,31.9191,214.60543258323625,1.0965221450479494,0,-0.38382213476640303,Low Risk
001156,2024,175,Moncalieri,56319.0,47.5288,310.7299490402884,3.681978084866439,2,0.52885793607151,Medium Risk
001164,2024,120,Nichelino,46512.0,20.5627,257.99793601651186,5.83580949972523,2,0.7457733499767069,Medium Risk
001171,2024,72,Orbassano,23061.0,22.2078,312.21542864576554,3.2421041255775,2,0.44657180515255346,Medium Risk
001189,2024,39,Pianezza,15446.0,16.4634,252.49255470672017,2.368890994569773,2,0.02679571881111523,Medium Risk
001191,2024,82,Pinerolo,35480.0,50.3376,231.1161217587373,1.6290009853469374,2,-0.20930038452684802,Medium Risk
001194,2024,29,Piossasco,18102.0,40.1459,160.2032924538725,0.7223651730313682,0,-0.6815751360759915,Low Risk
001197,2024,19,Poirino,10202.0,75.6186,186.2379925504803,0.2512609331566572,0,-0.669689967672888,Low Risk
001214,2024,54,Rivalta di Torino,20127.0,25.1076,268.2963183782978,2.1507432012617693,2,0.04763539360156778,Medium Risk
001217,2024,29,Rivarolo Canavese,12302.0,32.2459,235.7340269874817,0.8993391407899919,2,-0.33698400006484047,Medium Risk
001219,2024,166,Rivoli,47807.0,29.4998,347.22948522182946,5.627156794283351,2,1.0689557898280828,Medium Risk
001248,2024,20,San Maurizio Canavese,10144.0,17.3442,197.16088328075708,1.1531232342800475,0,-0.4438275189112547,Low Risk
001249,2024,24,San Mauro Torinese,18589.0,12.5517,129.1086126203669,1.912091589187122,0,-0.5698031740980739,Low Risk
001257,2024,10,Santena,10556.0,16.1983,94.732853353543,0.6173487341264207,0,-0.9705486229259483,Low Risk
001265,2024,122,Settimo Torinese,46348.0,31.4505,263.22602917062227,3.879111619847061,2,0.37409322252091615,Medium Risk
001280,2024,4,Trofarello,10611.0,12.3475,37.6967298086891,0.32395221704798544,0,-1.2628552022976105,Low Risk
001292,2024,71,Venaria Reale,32682.0,20.4424,217.24496664830795,3.4731734042969515,0,0.10441132254668772,Low Risk
001309,2024,11,Vinovo,15070.0,17.6941,72.99270072992701,0.6216761519376516,0,-1.058630790137944,Low Risk
001314,2024,29,Volpiano,15167.0,32.4629,191.20458891013385,0.8933274599619875,0,-0.5203872241543652,Low Risk
002016,2024,28,Borgosesia,12250.0,41.0901,228.57142857142858,0.6814293467282874,2,-0.4100651242290776,Medium Risk
002158,2024,174,Vercelli,45425.0,79.7743,383.04898183819483,2.1811535795362667,2,0.5232635939609034,Medium Risk
003008,2024,33,Arona,13796.0,15.1698,239.19976804870976,2.1753747577423566,2,-0.066467234801768,Medium Risk
003024,2024,57,Borgomanero,21383.0,32.2699,266.566898938409,1.766351925478542,2,-0.03665910094478424,Medium Risk
003032,2024,20,Cameri,10708.0,39.985,186.77624206200971,0.5001875703388771,0,-0.6174820498959847,Low Risk
003068,2024,38,Galliate,15516.0,29.3662,244.90848156741427,1.2940046720379212,2,-0.22016363664774852,Medium Risk
003106,2024,413,Novara,102225.0,103.0492,404.01076057715824,4.007794335133121,1,0.9759750390306658,High Risk
003108,2024,33,Oleggio,14148.0,37.7943,233.24851569126378,0.8731475381208278,2,-0.3524151580040335,Medium Risk
003149,2024,52,Trecate,20395.0,38.2224,254.96445207158618,1.360458788563774,2,-0.16566923628309976,Medium Risk
004003,2024,49,Alba,31250.0,53.5853,156.79999999999998,0.9144298902870751,0,-0.6569170428518343,Low Risk
004025,2024,21,Borgo San Dalmazzo,12439.0,22.3397,168.82386043894203,0.9400305286105005,0,-0.602577723052631,Low Risk
004029,2024,81,Bra,29568.0,59.5298,273.9448051948052,1.3606630628693528,2,-0.08796864869117532,Medium Risk
004034,2024,16,Busca,10078.0,76.7643,158.76165905933718,0.20843022081879206,0,-0.7907155145178894,Low Risk
004078,2024,220,Cuneo,55822.0,119.6691,394.10984916341226,1.8384027288581597,1,0.49966646323207803,High Risk
004089,2024,55,Fossano,24333.0,130.1434,226.03049356840506,0.4226107509101498,0,-0.4724543275081342,Low Risk
004130,2024,44,Mondovì,22233.0,87.0516,197.9040165519723,0.505447343874208,0,-0.5708953083629138,Low Risk
004203,2024,46,Saluzzo,17471.0,79.9306,263.2934577299525,0.5754992455955542,2,-0.28927708192702195,Medium Risk
004215,2024,68,Savigliano,21431.0,110.7876,317.29737296439737,0.6137871025277197,2,-0.06062451731770868,Medium Risk
005005,2024,302,Asti,74065.0,151.3113,407.7499493687977,1.9958853040057156,1,0.5871118541584511,High Risk
005017,2024,13,Canelli,10212.0,23.4326,127.30121425773599,0.5547826532267013,0,-0.8498612958672755,Low Risk
005080,2024,12,Nizza Monferrato,10128.0,30.3632,118.48341232227489,0.39521526057859513,0,-0.9179946968676433,Low Risk
006001,2024,40,Acqui Terme,19223.0,33.2967,208.08406596264894,1.2013202509558003,0,-0.3894524318817343,Low Risk
006003,2024,420,Alessandria,91089.0,203.5657,461.08750782202026,2.0632159543577333,1,0.8188722312895261,High Risk
006039,2024,95,Casale Monferrato,32641.0,86.2097,291.045004748629,1.1019641641253826,2,-0.06997061740765059,Medium Risk
006114,2024,91,Novi Ligure,27683.0,55.1948,328.72159809269226,1.648706037525274,2,0.19401826186305576,Medium Risk
006121,2024,27,Ovada,10975.0,35.3724,246.0136674259681,0.7633069851070327,2,-0.32225089335109874,Medium Risk
006174,2024,107,Tortona,26713.0,98.8666,400.55403736008685,1.0822664074621762,1,0.37413689728504723,High Risk
006177,2024,27,Valenza,18149.0,48.4945,148.7685271915808,0.556764169132582,0,-0.7616281027134844,Low Risk
007003,2024,94,Aosta,33523.0,21.3923,280.4044984040808,4.394104420749522,2,0.5478345622911338,Medium Risk
008008,2024,38,Bordighera,10160.0,10.6456,374.01574803149606,3.5695498609754264,2,0.7652114299854915,Medium Risk
008031,2024,229,Imperia,41941.0,45.3823,546.0051024057605,5.046020144417537,1,1.7655196385837866,High Risk
008055,2024,358,Sanremo,53451.0,55.9577,669.7723148304054,6.397689683457325,1,2.54345270378072,High Risk
008059,2024,54,Taggia,13869.0,31.3583,389.3575600259572,1.7220321254659852,1,0.45684500296827546,High Risk
008065,2024,123,Ventimiglia,23131.0,53.7257,531.7539233063853,2.2894071180086994,1,1.1534476343172426,High Risk
009001,2024,49,Alassio,10322.0,17.2476,474.71420267390045,2.840974976228577,1,1.0308670112718072,High Risk
009002,2024,172,Albenga,23749.0,36.5751,724.2410206745548,4.702652897736439,1,2.4258080621362796,High Risk
009015,2024,22,Cairo Montenotte,12691.0,100.4026,173.35119375935705,0.21911783160993836,0,-0.7288743478470829,Low Risk
009029,2024,83,Finale Ligure,11304.0,35.5254,734.2533616418967,2.33635652237554,1,1.9914208504033222,High Risk
009034,2024,55,Loano,10866.0,13.4774,506.16602245536535,4.080905812693843,1,1.408638027586609,High Risk
009056,2024,409,Savona,58949.0,65.3174,693.820081765594,6.26173117729732,1,2.61453393762741,High Risk
009065,2024,45,Varazze,12697.0,47.9963,354.4144286051823,0.9375722711959047,2,0.15628631197859288,Medium Risk
010001,2024,16,Arenzano,11219.0,24.2972,142.61520634637668,0.6585120919282881,0,-0.7663652487258856,Low Risk
010015,2024,165,Chiavari,27244.0,12.231,605.6379386286889,13.490311503556537,1,3.7058434283871873,High Risk
010046,2024,135,Rapallo,29148.0,33.621,463.15356113627007,4.015347550637994,1,1.2194796134038808,High Risk
010059,2024,92,Sestri Levante,17788.0,33.6163,517.2026085001124,2.736767580013267,1,1.183777837348238,High Risk
011002,2024,17,Arcola,10125.0,16.5379,167.90123456790124,1.0279418789568204,0,-0.5886926444709928,Low Risk
011015,2024,524,La Spezia,92441.0,51.3951,566.8480436170097,10.19552447606873,1,2.8852583222154196,High Risk
011027,2024,43,Sarzana,21697.0,34.5374,198.18408074849057,1.2450271300097866,0,-0.42117891430075427,Low Risk
012026,2024,414,Busto Arsizio,83045.0,30.6597,498.5248961406466,13.503067544692218,1,3.2701448021332458,High Risk
012032,2024,31,Cardano al Campo,14780.0,9.4198,209.7428958051421,3.290940359667933,0,0.03710814528710474,Low Risk
012034,2024,43,Caronno Pertusella,18035.0,8.5453,238.4252841696701,5.0320058979790065,2,0.5042182711377551,Medium Risk
012040,2024,66,Cassano Magnago,21385.0,12.3442,308.62754267009586,5.3466405275351985,2,0.8546615069503058,Medium Risk
012042,2024,68,Castellanza,14328.0,6.9206,474.59519821328865,9.82573765280467,1,2.4335141916795338,High Risk
012050,2024,18,Cislago,10328.0,11.1336,174.28350116189003,1.6167277430480709,0,-0.44430086527714774,Low Risk
012067,2024,24,Fagnano Olona,12350.0,8.6809,194.33198380566802,2.7646902970890115,0,-0.13166251531124945,Low Risk
012070,2024,281,Gallarate,52787.0,20.9823,532.3280353117245,13.392240126201608,1,3.3861893388460933,High Risk
012075,2024,18,Gerenzano,10804.0,9.7868,166.60496112550908,1.8392119998365146,0,-0.43102444184860084,Low Risk
012083,2024,16,Induno Olona,10303.0,12.3655,155.29457439580705,1.2939226072540535,0,-0.5868422087573926,Low Risk
012090,2024,40,Lonate Pozzolo,11483.0,29.2406,348.3410258643212,1.3679609857526862,2,0.21789516455316776,Medium Risk
012092,2024,35,Luino,14207.0,21.0057,246.35742943619343,1.6662144084700818,2,-0.13946380138373413,Medium Risk
012096,2024,28,Malnate,16391.0,9.0012,170.82545299249588,3.1106963515975643,0,-0.15833383745385113,Low Risk
012108,2024,55,Olgiate Olona,12585.0,7.2066,437.02820818434645,7.631892986984154,1,1.8390955073957849,High Risk
012118,2024,37,Samarate,16065.0,16.014,230.31434796140678,2.3104783314599726,2,-0.07568232157610602,Medium Risk
012119,2024,136,Saronno,38755.0,11.0575,350.92246161785573,12.299344336423243,2,2.424408320609419,Medium Risk
012120,2024,32,Sesto Calende,11055.0,25.0379,289.4617819990954,1.2780624573147108,2,-0.04107298638070134,Medium Risk
012123,2024,60,Somma Lombardo,17785.0,30.5053,337.36294630306435,1.966871330555674,2,0.29328962934677916,Medium Risk
012127,2024,16,Tradate,18797.0,21.4775,85.11996595201362,0.7449656617390292,0,-0.9842441522503667,Low Risk
012130,2024,21,Uboldo,10607.0,10.7362,197.98246441029508,1.9559993293716584,0,-0.2791801878749435,Low Risk
012133,2024,373,Varese,79350.0,54.8393,470.06931316950215,6.801691487673986,1,1.8075106565864565,High Risk
013041,2024,119,Cantù,39469.0,23.2534,301.5024449568015,5.117531199738533,2,0.7794840013429413,Medium Risk
013075,2024,406,Como,84250.0,37.1412,481.89910979228483,10.931256933001627,1,2.685480946803077,High Risk
013095,2024,43,Erba,16208.0,17.8017,265.3010858835143,2.4154996432924944,2,0.08856577265454185,Medium Risk
013143,2024,66,Mariano Comense,25214.0,13.8027,261.75934004917906,4.781673150905258,2,0.5494032320224674,Medium Risk
013165,2024,25,Olgiate Comasco,11735.0,10.9644,213.03792074989346,2.2801065265769216,0,-0.152471371861676,Low Risk
014045,2024,22,Morbegno,12237.0,14.816,179.78262646073384,1.4848812095032398,0,-0.4482867694947328,Low Risk
014061,2024,41,Sondrio,21202.0,20.8748,193.3779832091312,1.9640906739226243,0,-0.29639434154559113,Low Risk
015002,2024,103,Abbiategrasso,32476.0,47.7776,317.1572853799729,2.1558219751515355,2,0.24857398924068397,Medium Risk
015009,2024,45,Arese,19463.0,6.5763,231.20793300107897,6.8427535240180655,2,0.8384399811045847,Medium Risk
015010,2024,31,Arluno,12196.0,12.3585,254.18169891767792,2.508395031759518,2,0.06173124967516913,Medium Risk
015012,2024,55,Bareggio,17253.0,11.3842,318.7851388164377,4.831257356687338,2,0.7926893290283874,Medium Risk
015027,2024,78,Bollate,36239.0,13.1096,215.23772731035623,5.949838286446574,0,0.5937233919331026,Low Risk
015032,2024,46,Bresso,26172.0,3.3824,175.76035457741096,13.599810785241248,0,1.968963507947472,Low Risk
015036,2024,82,Buccinasco,27015.0,12.0056,303.5350731075328,6.830145931898448,2,1.1318392750476183,Medium Risk
015041,2024,26,Busto Garolfo,13991.0,12.9872,185.83375026802946,2.001971171615129,0,-0.3196525178260311,Low Risk
015046,2024,17,Canegrate,12466.0,5.2538,136.37092892668056,3.2357531691347217,0,-0.2741850918637466,Low Risk
015051,2024,20,Carugate,15581.0,5.386,128.36146588794043,3.713330857779428,0,-0.2110182192217508,Low Risk
015059,2024,55,Cassano d'Adda,19151.0,18.601,287.1912693854107,2.9568302779420463,2,0.28687632401814894,Medium Risk
015060,2024,17,Cassina de' Pecchi,13920.0,7.2095,122.1264367816092,2.3579998612941258,0,-0.5087949890430531,Low Risk
015062,2024,20,Castano Primo,10980.0,19.1729,182.14936247723134,1.0431390139206902,0,-0.5273424737416673,Low Risk
015070,2024,78,Cernusco sul Naviglio,35012.0,13.2206,222.78076088198333,5.899883515120343,0,0.6145511203642932,Low Risk
015072,2024,56,Cerro Maggiore,15021.0,10.1212,372.81139737700556,5.5329407580128835,2,1.1546995313418233,Medium Risk
015074,2024,50,Cesano Boscone,23686.0,3.9388,211.09516169889386,12.69422159033208,0,1.9316192553764473,Low Risk
015076,2024,16,Cesate,14276.0,5.7681,112.07621182404036,2.773877013227926,0,-0.4663727610356386,Low Risk
015085,2024,45,Corbetta,18600.0,18.6867,241.93548387096774,2.408129846361316,2,-0.008516838867441784,Medium Risk
015087,2024,13,Cornaredo,20590.0,11.0674,63.13744536182613,1.1746209588521244,0,-0.9878759925213986,Low Risk
015105,2024,75,Garbagnate Milanese,26771.0,8.9131,280.15389787456576,8.414580785585262,2,1.3544626322115667,Medium Risk
015108,2024,53,Gorgonzola,20899.0,10.5801,253.60065074883968,5.009404447973082,2,0.5617691401028656,Medium Risk
015114,2024,28,Inzago,11255.0,12.2054,248.77832074633497,2.29406656070264,2,-0.00343245755889586,Medium Risk
015116,2024,97,Lainate,26137.0,12.8701,371.121398783334,7.536848975532435,2,1.5503398895742113,Medium Risk
015125,2024,21,Locate di Triulzi,10290.0,12.6103,204.08163265306123,1.6653053456301594,0,-0.3126210420300517,Low Risk
015130,2024,75,Magenta,24107.0,21.992,311.1129547434355,3.41033102946526,2,0.4758552123973354,Medium Risk
015139,2024,26,Mediglia,12220.0,21.9547,212.76595744680853,1.1842566739695828,0,-0.3737239351486009,Low Risk
015140,2024,68,Melegnano,18011.0,4.9985,377.54705457775805,13.60408122436731,2,2.7954469369557664,Medium Risk
015142,2024,38,Melzo,18566.0,9.8204,204.67521275449747,3.8694961508696184,0,0.1325965202898503,Low Risk
015154,2024,32,Nerviano,16973.0,13.243,188.53473163259292,2.4163709129351356,0,-0.22535455330423587,Low Risk
015157,2024,69,Novate Milanese,20056.0,5.4619,344.03669724770646,12.632966550101614,2,2.4632543949032,Medium Risk
015159,2024,38,Opera,14100.0,7.6385,269.50354609929076,4.974798717025594,2,0.6198852680664583,Medium Risk
015166,2024,142,Paderno Dugnano,47380.0,14.1139,299.70451667370196,10.061003691396426,2,1.7651971456000553,Medium Risk
015168,2024,88,Parabiago,27919.0,14.3077,315.197535728357,6.150534327669716,2,1.043033342332043,Medium Risk
015169,2024,18,Paullo,11147.0,8.8211,161.47842468825692,2.0405618346918186,0,-0.4115518909520096,Low Risk
015170,2024,57,Pero,11451.0,4.9782,497.77312025150644,11.449921658430757,1,2.8546226293109345,High Risk
015171,2024,42,Peschiera Borromeo,23847.0,23.2212,176.12278273996728,1.808692057258023,0,-0.39821255291368085,Low Risk
015173,2024,41,Pieve Emanuele,15699.0,12.9138,261.1631314096439,3.1748981709489073,2,0.224186796826512,Medium Risk
015175,2024,68,Pioltello,36147.0,13.0937,188.12072924447395,5.19333725379381,0,0.3308024262037246,Low Risk
015181,2024,28,Rescaldina,14057.0,8.0299,199.18901614853812,3.4869674591215336,0,0.03330505272124373,Low Risk
015182,2024,208,Rho,50742.0,22.2431,409.9168341807576,9.35121453394536,1,2.073553188113307,High Risk
015189,2024,151,Rozzano,41844.0,12.2433,360.86416212599175,12.333276159205443,2,2.4719019354407172,Medium Risk
015192,2024,110,San Donato Milanese,32545.0,12.8731,337.9935473959133,8.544950322766077,2,1.6173072230292456,Medium Risk
015195,2024,155,San Giuliano Milanese,39308.0,30.8676,394.32176656151415,5.021446435744924,1,1.1399592952805813,High Risk
015204,2024,18,Sedriano,12403.0,7.7527,145.1261791502056,2.321771769835025,0,-0.42196748205192286,Low Risk
015205,2024,98,Segrate,36482.0,17.4936,268.6256235951976,5.602048749256871,2,0.7422983085123259,Medium Risk
015206,2024,46,Senago,21307.0,8.5991,215.89149105927632,5.349397029921736,0,0.47577867005162855,Low Risk
015209,2024,165,Sesto San Giovanni,80203.0,11.6992,205.7279652880815,14.103528446389497,0,2.192767581908694,Low Risk
015211,2024,30,Settimo Milanese,20133.0,10.7192,149.0090895544628,2.7987163221135902,0,-0.3102692506113366,Low Risk
015213,2024,29,Solaro,13991.0,6.676,207.2761060681867,4.343918514080287,0,0.23854261176589883,Low Risk
015220,2024,22,Trezzano sul Naviglio,21453.0,10.7662,102.54975994033468,2.0434322230684923,0,-0.6520863667057141,Low Risk
015221,2024,28,Trezzo sull'Adda,11981.0,13.0534,233.70336365912695,2.1450350100356994,2,-0.0950509899525778,Medium Risk
015242,2024,30,Vimodrone,16816.0,4.7367,178.40152235965746,6.333523339033505,0,0.5200818445449956,Low Risk
015250,2024,24,Baranzate,11866.0,2.7721,202.25855385133997,8.65769633130118,0,1.0845862021055885,Low Risk
016004,2024,50,Albino,17486.0,31.8094,285.94304014640284,1.5718624054524764,2,0.0035498194107270037,Medium Risk
016008,2024,22,Alzano Lombardo,13440.0,13.6844,163.6904761904762,1.6076700476454941,0,-0.48946258422448263,Low Risk
016030,2024,21,Bonate Sopra,10217.0,6.151,205.53978663012626,3.4140790115428388,0,0.044647514739839994,Low Risk
016053,2024,56,Caravaggio,16170.0,33.3883,346.32034632034635,1.6772342407370247,2,0.2717557610576257,Medium Risk
016062,2024,25,Castelli Calepio,10394.0,10.1528,240.5233788724264,2.4623749113545035,2,-0.0033975531523886965,Medium Risk
016079,2024,17,Cologno al Serio,11059.0,18.5187,153.72095126141605,0.9179910036881639,0,-0.6687998296143545,Low Risk
016091,2024,84,Dalmine,23336.0,11.8075,359.9588618443607,7.11412237984332,2,1.419748089538061,Medium Risk
016133,2024,17,Martinengo,10798.0,22.0512,157.43656232635675,0.7709331011464228,0,-0.6831388533238933,Low Risk
016144,2024,32,Nembro,11231.0,15.2348,284.9256522126258,2.1004542232257726,2,0.10557327043157526,Medium Risk
016153,2024,40,Osio Sotto,12531.0,7.5856,319.2083632591174,5.2731491246572455,2,0.883190414592624,Medium Risk
016170,2024,21,Ponte San Pietro,11534.0,4.5861,182.07040055488122,4.579054098253418,0,0.18264677251893202,Low Risk
016183,2024,39,Romano di Lombardia,20482.0,19.3831,190.41109266673178,2.0120620540574006,0,-0.29889686783155345,Low Risk
016198,2024,87,Seriate,25111.0,12.5348,346.4617100075664,6.940677154801033,2,1.329680925656491,Medium Risk
016207,2024,38,Stezzano,13346.0,9.3738,284.72950696838006,4.053852226418315,2,0.4971790980169376,Medium Risk
016219,2024,152,Treviglio,30557.0,32.2198,497.4310305331021,4.717596012389897,1,1.5007996616943151,High Risk
016220,2024,25,Treviolo,10819.0,8.4874,231.0749607172567,2.945542804628037,2,0.055004713970376026,Medium Risk
017009,2024,19,Bagnolo Mella,12554.0,31.3457,151.34618448303328,0.6061437453941051,0,-0.7411618062303038,Low Risk
017014,2024,24,Bedizzole,12314.0,26.4434,194.90011369173297,0.9075988715520696,0,-0.5023997920838844,Low Risk
017023,2024,8,Botticino,10641.0,18.4824,75.1809040503712,0.4328442193654504,0,-1.0876110945825341,Low Risk
017029,2024,860,Brescia,197304.0,90.3337,435.8756031301951,9.520256559844222,1,2.213723465283695,High Risk
017032,2024,44,Calcinato,13004.0,33.2958,338.3574284835435,1.3214879954829137,2,0.1677107929820064,Medium Risk
017039,2024,26,Carpenedolo,12968.0,29.8418,200.49352251696484,0.871261116956752,0,-0.48681364642764957,Low Risk
017042,2024,11,Castel Mella,10999.0,7.5285,100.00909173561233,1.4611144318257288,0,-0.7794606163573612,Low Risk
017043,2024,49,Castenedolo,11530.0,26.195,424.978317432784,1.8705859896926895,1,0.6324322730006456,High Risk
017046,2024,21,Cazzago San Martino,10839.0,22.3415,193.7448104068641,0.9399547926504487,0,-0.5006269835280865,Low Risk
017052,2024,36,Chiari,19094.0,37.9592,188.540902901435,0.9483866888659402,0,-0.5202253235862733,Low Risk
017061,2024,22,Concesio,15644.0,19.0748,140.62899514190744,1.1533541636085307,0,-0.6750856294394724,Low Risk
017065,2024,29,Darfo Boario Terme,15544.0,36.0712,186.56716417910448,0.8039654904743951,0,-0.5573130784026923,Low Risk
017067,2024,121,Desenzano del Garda,29208.0,59.2622,414.2700629964393,2.04177367698128,1,0.6230076788586723,High Risk
017075,2024,22,Gardone Val Trompia,11407.0,26.6562,192.86403085824494,0.8253239396463112,0,-0.5272583794003836,Low Risk
017077,2024,8,Gavardo,12258.0,29.7959,65.26350138684941,0.26849331619451,0,-1.1612045307634782,Low Risk
017078,2024,31,Ghedi,18521.0,60.8401,167.37757140543167,0.5095323643452263,0,-0.6949759506989925,Low Risk
017081,2024,10,Gussago,16488.0,25.0891,60.65016982047549,0.39857946279460005,0,-1.15394796976245,Low Risk
017088,2024,27,Leno,14187.0,58.4516,190.31507718333685,0.4619206317705589,0,-0.6106898922513517,Low Risk
017092,2024,69,Lonato del Garda,16821.0,68.1954,410.2015337970394,1.01179844974881,1,0.3994544032920439,High Risk
017096,2024,17,Lumezzane,21669.0,31.7179,78.4530896672666,0.5359749542056693,0,-1.0535052810237335,Low Risk
017103,2024,58,Manerbio,13216.0,27.8839,438.86198547215497,2.0800533641276866,1,0.7313172069084561,High Risk
017107,2024,21,Mazzano,12470.0,15.7265,168.40417000801924,1.3353257240962706,0,-0.5248860402866474,Low Risk
017113,2024,85,Montichiari,26011.0,81.6613,326.78482180615896,1.0408847275269926,2,0.06399160718706451,Medium Risk
017117,2024,13,Nave,10640.0,27.2115,122.18045112781955,0.4777391911508002,0,-0.8862901623294561,Low Risk
017125,2024,23,Orzinuovi,12349.0,47.8684,186.24989877722894,0.48048399361583005,0,-0.6235937764384603,Low Risk
017127,2024,19,Ospitaletto,14620.0,9.2903,129.95896032831737,2.045143859724659,0,-0.5395957058238798,Low Risk
017133,2024,50,Palazzolo sull'Oglio,19940.0,23.0393,250.75225677031094,2.170204823931283,2,-0.020237914660487476,Medium Risk
017161,2024,102,Rezzato,13341.0,18.2064,764.5603777827749,5.60242552069602,1,2.7715285938957095,High Risk
017166,2024,51,Rovato,19189.0,26.0941,265.77726822658815,1.9544648023882794,2,-0.0021008782772028965,Medium Risk
017170,2024,38,Salò,10494.0,27.3048,362.1116828663998,1.391696698016466,2,0.27900699906960147,Medium Risk
017174,2024,32,Sarezzo,13199.0,17.679,242.44260928858247,1.8100571299281636,2,-0.12658573839264747,Medium Risk
017188,2024,24,Travagliato,13743.0,17.7358,174.63435931019427,1.3531952322421317,0,-0.4958050327617696,Low Risk
017199,2024,12,Villa Carcina,10594.0,14.2195,113.27166320558807,0.8439115299412778,0,-0.8491826099801326,Low Risk
018102,2024,23,Mortara,15395.0,51.9694,149.39915556999026,0.4425681266283621,0,-0.7819881117023276,Low Risk
018110,2024,318,Pavia,71122.0,63.2453,447.11903489778126,5.028041609416036,1,1.3573081878567346,High Risk
018153,2024,30,Stradella,11448.0,18.8352,262.0545073375262,1.5927624872579,2,-0.08999340828368736,Medium Risk
018177,2024,202,Vigevano,62340.0,81.3639,324.02951555983316,2.4826735198288183,2,0.34235181406869114,Medium Risk
018182,2024,138,Voghera,38435.0,63.4415,359.0477429426304,2.175232300623409,2,0.42387121155490404,Medium Risk
019021,2024,51,Casalmaggiore,15022.0,64.5301,339.5020636399947,0.7903288542866042,2,0.06569224682486097,Medium Risk
019035,2024,115,Crema,34210.0,34.5182,336.15901783104357,3.3315758063861964,2,0.5625123324375434,Medium Risk
019036,2024,310,Cremona,71223.0,70.4916,435.2526571472699,4.397687100306986,1,1.1821272350958425,High Risk
020002,2024,19,Asola,10009.0,73.4814,189.82915376161455,0.2585688351065712,0,-0.6535284117329136,Low Risk
020015,2024,11,Castel Goffredo,12628.0,42.4042,87.10801393728222,0.2594082661623141,0,-1.073651103989012,Low Risk
020017,2024,70,Castiglione delle Stiviere,23483.0,42.0224,298.08797853766555,1.6657782515991473,2,0.07210803979191469,Medium Risk
020021,2024,40,Curtatone,14728.0,67.4705,271.59152634437805,0.5928516907389155,2,-0.2518390598262727,Medium Risk
020026,2024,15,Goito,10028.0,79.2204,149.5811727163941,0.18934516866867626,0,-0.8321120703391811,Low Risk
020030,2024,267,Mantova,48755.0,63.8062,547.636139883089,4.184546329353574,1,1.5991359789217898,High Risk
020045,2024,30,Porto Mantovano,16481.0,37.443,182.02778957587526,0.8012178511337233,0,-0.576438232848464,Low Risk
020057,2024,44,San Giorgio Bigarello,11830.0,51.5259,371.93575655114114,0.8539394750989309,2,0.21117557714559107,Medium Risk
020065,2024,52,Suzzara,20906.0,61.0987,248.7324213144552,0.8510819379135726,2,-0.29349423398820645,Medium Risk
020066,2024,64,Viadana,19822.0,103.8408,322.87357481586116,0.6163280714324235,2,-0.03729862267180528,Medium Risk
020071,2024,41,Borgo Virgilio,14676.0,69.9866,279.3676751158354,0.5858264296308151,2,-0.2214336279619126,Medium Risk
021004,2024,62,Appiano sulla strada del vino/Eppan an der Weinstraße,14890.0,59.4501,416.3868368032236,1.0428914333197086,1,0.4310081530858292,High Risk
021008,2024,660,Bolzano/Bozen,107467.0,52.291,614.142015688537,12.621674858006159,1,3.566142425336462,High Risk
021011,2024,41,Bressanone/Brixen,22698.0,84.6986,180.632654859459,0.48406939429931545,0,-0.6458569020112845,Low Risk
021013,2024,44,Brunico/Bruneck,16944.0,44.9974,259.67894239848914,0.9778342748692147,2,-0.22324307008871894,Medium Risk
021040,2024,41,Laives/Leifers,18178.0,24.1083,225.5473649466388,1.7006591091035037,0,-0.2176903320137736,Low Risk
021041,2024,29,Lana/Lana,12567.0,36.1238,230.76310973183735,0.802794833323183,2,-0.37671718824095585,Medium Risk
021051,2024,141,Merano/Meran,40900.0,26.3399,344.74327628361857,5.353095493908481,2,1.0037284715819095,Medium Risk
022006,2024,68,Arco,17798.0,63.2175,382.06540060680976,1.075651520544153,2,0.2971604084954629,Medium Risk
022139,2024,53,Pergine Valsugana,21486.0,54.3284,246.6722516987806,0.9755487001273735,2,-0.27692006761645344,Medium Risk
022153,2024,54,Riva del Garda,17646.0,40.7248,306.01836110166613,1.3259733626684476,2,0.03629409317537363,Medium Risk
022161,2024,97,Rovereto,39954.0,50.9842,242.7791960754868,1.9025502018272327,2,-0.10662809671249115,Medium Risk
022205,2024,350,Trento,118879.0,157.8748,294.41701225615964,2.2169465931231582,2,0.16780945920294232,Medium Risk
023012,2024,43,Bovolone,16050.0,41.2729,267.9127725856698,1.0418458601164444,2,-0.17669476271072532,Medium Risk
023015,2024,54,Bussolengo,20583.0,24.2258,262.35242675994755,2.229028556332505,2,0.03904186505671285,Medium Risk
023021,2024,21,Castel d'Azzano,11970.0,9.7241,175.43859649122808,2.1595828919900044,0,-0.3305232451149603,Low Risk
023022,2024,41,Castelnuovo del Garda,13300.0,34.429,308.2706766917293,1.190856545354207,2,0.018366670217810577,Medium Risk
023025,2024,49,Cerea,16644.0,70.2947,294.4003845229512,0.6970653548560559,2,-0.13757992696033997,Medium Risk
023038,2024,4,Grezzana,10716.0,49.4866,37.32736095558044,0.08082996205033281,0,-1.3132061187201027,Low Risk
023040,2024,34,Isola della Scala,11762.0,69.8295,289.0664852916171,0.4869002355737905,2,-0.20162300090200036,Medium Risk
023044,2024,94,Legnago,25443.0,79.2725,369.4532877412255,1.185783216121606,2,0.2676808001390517,Medium Risk
023052,2024,28,Negrar di Valpolicella,16751.0,40.4219,167.1541997492687,0.6926938120177428,0,-0.6590955041243681,Low Risk
023055,2024,37,Oppeano,10305.0,46.7257,359.04900533721496,0.7918554457183091,2,0.14597670815249575,Medium Risk
023058,2024,26,Pescantina,17367.0,19.7259,149.70921863303965,1.3180640680526619,0,-0.6048454572582702,Low Risk
023059,2024,61,Peschiera del Garda,10881.0,18.2606,560.6102380295929,3.3405255029955203,1,1.4826693546056666,High Risk
023069,2024,63,San Bonifacio,21402.0,33.792,294.3650126156434,1.8643465909090908,2,0.09676464497538237,Medium Risk
023071,2024,50,San Giovanni Lupatoto,25418.0,19.0108,196.7109922102447,2.6300839522797568,0,-0.14896901875286195,Low Risk
023073,2024,51,San Martino Buon Albergo,15970.0,34.7507,319.34877896055104,1.4675963361889113,2,0.11928643915565179,Medium Risk
023076,2024,33,San Pietro in Cariano,12916.0,20.2358,255.49705791266646,1.630773184158768,2,-0.1091879300219102,Medium Risk
023077,2024,19,Sant'Ambrogio di Valpolicella,11948.0,23.4999,159.02243053230666,0.8085140787833139,0,-0.6691006985419587,Low Risk
023082,2024,55,Sommacampagna,14788.0,40.8265,371.92318095753313,1.3471642193183349,2,0.3102055791348116,Medium Risk
023083,2024,31,Sona,17629.0,41.1449,175.84661637075274,0.7534348120909274,0,-0.6113278671516218,Low Risk
023089,2024,35,Valeggio sul Mincio,15759.0,63.959,222.09531061615587,0.5472255663784612,0,-0.4635221784951126,Low Risk
023091,2024,1230,Verona,258031.0,198.9134,476.6869097123989,6.1835954742113906,1,1.7104208321840515,High Risk
023094,2024,13,Vigasio,10249.0,30.7626,126.84164308713044,0.42259106837523486,0,-0.8782969735006376,Low Risk
023096,2024,101,Villafranca di Verona,33265.0,57.3407,303.62242597324513,1.761401587354183,2,0.11396194495990733,Medium Risk
023097,2024,42,Zevio,15542.0,54.8687,270.23549092780854,0.7654637343330533,2,-0.22271220989729798,Medium Risk
024004,2024,36,Altavilla Vicentina,11844.0,16.7234,303.951367781155,2.1526723034789574,2,0.19390825565269235,Medium Risk
024008,2024,68,Arzignano,25124.0,34.1902,270.65753860850185,1.988874004831794,2,0.024779410370708646,Medium Risk
024012,2024,148,Bassano del Grappa,42527.0,47.0617,348.0142027417875,3.144807773624837,2,0.5734998216554696,Medium Risk
024018,2024,17,Caldogno,11328.0,15.8845,150.07062146892656,1.0702256917120463,0,-0.6531537640500651,Low Risk
024021,2024,14,Camisano Vicentino,11174.0,30.0209,125.29085376767496,0.4663417818919486,0,-0.8758532830507135,Low Risk
024026,2024,38,Cassola,15043.0,12.7395,252.60918699727446,2.982848620432513,2,0.15060781036372406,Medium Risk
024029,2024,26,Chiampo,12574.0,22.604,206.77588675043742,1.1502388957706602,0,-0.40506642455236685,Low Risk
024034,2024,26,Cornedo Vicentino,11728.0,23.5599,221.6916780354707,1.1035700491088671,0,-0.3534124066929025,Low Risk
024036,2024,14,Creazzo,11314.0,10.5285,123.7404984974368,1.3297240822529326,0,-0.70875611994793,Low Risk
024038,2024,23,Dueville,13835.0,20.0095,166.24503071919045,1.149454009345561,0,-0.5710591628100555,Low Risk
024048,2024,14,Isola Vicentina,10288.0,26.4789,136.0808709175739,0.5287228699077379,0,-0.8191736856139675,Low Risk
024052,2024,29,Lonigo,15928.0,49.4205,182.06931190356605,0.5868010238666141,0,-0.6193414668548771,Low Risk
024055,2024,21,Malo,14771.0,30.5281,142.17046916254824,0.6878908284498544,0,-0.7622831769087317,Low Risk
024057,2024,38,Marostica,14022.0,36.5289,271.00271002710025,1.0402722228153598,2,-0.1643681698466388,Medium Risk
024061,2024,72,Montecchio Maggiore,23156.0,30.5401,310.9345310070824,2.3575561311194138,2,0.2636384858000594,Medium Risk
024086,2024,13,Romano d'Ezzelino,14172.0,21.3495,91.730172170477,0.6089135576945596,0,-0.9845288208146132,Low Risk
024087,2024,56,Rosà,14599.0,24.3153,383.58791698061515,2.3030766636644415,2,0.5499612074589242,Medium Risk
024100,2024,104,Schio,38635.0,66.2059,269.1859712695742,1.570856978003471,2,-0.06521497200026097,Medium Risk
024104,2024,25,Tezze sul Brenta,12820.0,17.9344,195.00780031201248,1.3939691319475422,0,-0.40425469116860024,Low Risk
024105,2024,84,Thiene,23964.0,19.7031,350.52578868302453,4.26328851805046,2,0.8084621773963898,Medium Risk
024108,2024,21,Torri di Quartesolo,11766.0,18.6733,178.48036715961243,1.1246003652273566,0,-0.5259900817981197,Low Risk
024111,2024,35,Valdagno,25706.0,50.2157,136.15498327238777,0.6969931714583288,0,-0.7850674686702421,Low Risk
024116,2024,441,Vicenza,111113.0,80.5798,396.8932528147021,5.47283562381639,1,1.2411580460028122,High Risk
025006,2024,112,Belluno,35522.0,147.2211,315.2975620742076,0.76076051598582,2,-0.039282139867364535,Medium Risk
025021,2024,62,Feltre,20491.0,99.7878,302.571860816944,0.6213184377248521,2,-0.11936213292600723,Medium Risk
025053,2024,24,Sedico,10177.0,91.2029,235.82588189053746,0.26314952704354794,2,-0.4644091235107514,Medium Risk
025074,2024,22,Borgo Valbelluna,13488.0,167.6916,163.1079478054567,0.13119321420989483,0,-0.7884481016034646,Low Risk
026008,2024,25,Carbonera,11238.0,19.8826,222.45951236874888,1.2573808254453642,0,-0.3193724755650855,Low Risk
026009,2024,27,Casale sul Sile,13149.0,26.9182,205.3388090349076,1.0030388361777534,0,-0.4405166217755736,Low Risk
026010,2024,13,Casier,11335.0,13.4217,114.68901632112923,0.9685807312039458,0,-0.8183392290749572,Low Risk
026012,2024,81,Castelfranco Veneto,33357.0,51.609,242.82759240938933,1.56949369296053,2,-0.17333613841952172,Medium Risk
026021,2024,105,Conegliano,34480.0,36.3983,304.5243619489559,2.8847501119557784,2,0.3433161600409893,Medium Risk
026043,2024,70,Mogliano Veneto,27561.0,46.2562,253.98207612205653,1.5133106480860945,2,-0.13898305505928457,Medium Risk
026046,2024,96,Montebelluna,31129.0,49.0063,308.39410196279994,1.958931810807998,2,0.173166478806243,Medium Risk
026049,2024,9,Motta di Livenza,10641.0,37.7775,84.57851705666761,0.2382370458606313,0,-1.0882537127323664,Low Risk
026051,2024,46,Oderzo,20344.0,42.3532,226.11089264648055,1.0861044738059933,0,-0.33883942770995434,Low Risk
026055,2024,41,Paese,22026.0,38.089,186.14364841550895,1.0764262648008611,0,-0.5043126407765072,Low Risk
026057,2024,19,Pieve di Soligo,11805.0,19.0228,160.9487505294367,0.9988014382740711,0,-0.6229931369563961,Low Risk
026059,2024,20,Ponzano Veneto,12910.0,22.2704,154.91866769945779,0.8980530210503629,0,-0.6679045238933012,Low Risk
026063,2024,45,Preganziol,16896.0,23.1084,266.33522727272725,1.9473438230253934,2,-0.00124844457880776,Medium Risk
026068,2024,29,Riese Pio X,10938.0,30.6437,265.1307368805997,0.9463609159468341,2,-0.20725916608332146,Medium Risk
026069,2024,29,Roncade,14668.0,61.7762,197.7092991546223,0.46943644963594394,0,-0.5789260580632873,Low Risk
026071,2024,36,San Biagio di Callalta,12795.0,48.5044,281.3599062133646,0.7422007075646746,2,-0.18186901572979247,Medium Risk
026081,2024,33,Silea,10195.0,18.9531,323.68808239333003,1.7411399718251896,2,0.1919918427534414,Medium Risk
026082,2024,23,Spresiano,12313.0,25.7247,186.79444489563875,0.8940823410963005,0,-0.5382800180127001,Low Risk
026083,2024,51,Susegana,11707.0,44.098,435.63679849662594,1.1565150346954511,1,0.5325961068202955,High Risk
026085,2024,13,Trevignano,10704.0,26.4946,121.44992526158444,0.4906660225102474,0,-0.8866823576221159,Low Risk
026086,2024,355,Treviso,84837.0,55.5781,418.4494972712378,6.387407989837724,1,1.5130809281358881,High Risk
026087,2024,19,Valdobbiadene,10140.0,62.8942,187.3767258382643,0.3020946287575007,0,-0.6548190269292746,Low Risk
026089,2024,29,Vedelago,16491.0,61.8489,175.85349584621915,0.46888465275857777,0,-0.6684615798836309,Low Risk
026091,2024,58,Villorba,17768.0,30.5337,326.4295362449347,1.8995405077013268,2,0.23502900145310857,Medium Risk
026092,2024,89,Vittorio Veneto,27479.0,82.8023,323.88369300192875,1.074849370126192,2,0.058944406470280736,Medium Risk
026093,2024,25,Volpago del Montello,10083.0,44.8222,247.94208072994147,0.557759324620389,2,-0.3556520874306083,Medium Risk
026095,2024,19,Zero Branco,11457.0,26.0637,165.8374792703151,0.7289832218756355,0,-0.6571929673249636,Low Risk
027003,2024,12,Campolongo Maggiore,10689.0,23.6146,112.26494527083919,0.5081602059742701,0,-0.9207490795569913,Low Risk
027004,2024,26,Camponogara,13036.0,21.299,199.44768333844738,1.220714587539321,0,-0.42089281388113486,Low Risk
027005,2024,27,Caorle,11242.0,153.834,240.17078811599362,0.17551386559538204,2,-0.4642363011300001,Medium Risk
027006,2024,43,Cavarzere,13181.0,140.4375,326.2271451331462,0.30618602581219406,2,-0.08588012266683431,Medium Risk
027008,2024,239,Chioggia,48223.0,187.9113,495.61412603944177,1.2718766779858368,1,0.8011723082594706,High Risk
027011,2024,9,Concordia Sagittaria,10256.0,66.8349,87.75351014040562,0.1346601850230942,0,-1.0960700264977965,Low Risk
027012,2024,36,Dolo,15053.0,24.284,239.1549857171328,1.4824575852413113,2,-0.2058471358520741,Medium Risk
027013,2024,34,Eraclea,12060.0,95.4535,281.92371475953564,0.35619437736699017,2,-0.25710503455056977,Medium Risk
027019,2024,176,Jesolo,26511.0,96.3967,663.8753724868923,1.8257886421423142,1,1.6008985469622927,High Risk
027020,2024,28,Marcon,17558.0,25.5472,159.47146599840528,1.0960105217010083,0,-0.6095097111084435,Low Risk
027021,2024,30,Martellago,21394.0,20.1706,140.2262316537347,1.4873132182483417,0,-0.6096461998623391,Low Risk
027023,2024,89,Mira,37969.0,99.1344,234.40174879506966,0.8977711066995917,2,-0.3427501117042907,Medium Risk
027024,2024,72,Mirano,27159.0,45.6303,265.1054898928532,1.5778988961282305,2,-0.08049595474781698,Medium Risk
027025,2024,32,Musile di Piave,11322.0,44.8684,282.6355767532238,0.7131968155762184,2,-0.18247596015813394,Medium Risk
027026,2024,23,Noale,16108.0,24.6898,142.7861931959275,0.9315587813591036,0,-0.7108146570842316,Low Risk
027028,2024,30,Pianiga,12258.0,20.0674,244.73813020068525,1.4949619781336896,2,-0.1804913324080851,Medium Risk
027029,2024,97,Portogruaro,24592.0,102.3109,394.43721535458684,0.9480905749045312,1,0.3221555438948796,High Risk
027032,2024,18,Salzano,12858.0,17.1836,139.99066728884742,1.047510416909146,0,-0.6989598179338208,Low Risk
027033,2024,146,San Donà di Piave,41807.0,78.8769,349.2238141937953,1.850985523011173,2,0.31853954718595817,Medium Risk
027034,2024,69,San Michele al Tagliamento,11714.0,114.4092,589.0387570428546,0.6030983522304151,1,1.049078721517628,High Risk
027035,2024,35,Santa Maria di Sala,17541.0,28.051,199.53252380137963,1.2477273537485296,0,-0.415119222985756,Low Risk
027036,2024,29,San Stino di Livenza,12799.0,67.9666,226.58020157824828,0.42668016349206817,0,-0.4693876715901456,Low Risk
027037,2024,36,Scorzè,19045.0,33.2872,189.02599107377264,1.0814967915595184,0,-0.49150072474549655,Low Risk
027038,2024,51,Spinea,27877.0,14.9588,182.94651504824768,3.4093643875177153,0,-0.048741663919535216,Low Risk
027042,2024,669,Venezia,256083.0,415.8927,261.2434249833062,1.608587984352695,2,-0.09013290806117794,Medium Risk
027044,2024,45,Cavallino-Treporti,13395.0,44.7138,335.94624860022395,1.0064007085060989,2,0.09454895620688217,Medium Risk
028001,2024,47,Abano Terme,20095.0,21.4081,233.88902712117442,2.1954307014634646,2,-0.08416759503612399,Medium Risk
028003,2024,44,Albignasego,26441.0,21.1553,166.4082296433569,2.079857057096803,0,-0.38348739969521967,Low Risk
028016,2024,31,Cadoneghe,15972.0,12.9249,194.08965689957427,2.398471168055459,0,-0.20622194633760668,Low Risk
028017,2024,48,Campodarsego,14780.0,25.7182,324.76319350473614,1.866382561765598,2,0.22155009977331702,Medium Risk
028019,2024,30,Camposampiero,11874.0,21.1245,252.65285497726126,1.4201519562593197,2,-0.16313584843799772,Medium Risk
028032,2024,53,Cittadella,20072.0,36.6783,264.04942208051017,1.4449960876049326,2,-0.11151511772801301,Medium Risk
028034,2024,19,Conselve,10069.0,24.2861,188.697983911014,0.7823405157682789,0,-0.5529388013153463,Low Risk
028037,2024,37,Este,15990.0,32.8074,231.3946216385241,1.1277943390820364,2,-0.3088457816089169,Medium Risk
028054,2024,25,Mestrino,11649.0,19.218,214.61069619709846,1.3008637735456343,0,-0.3427514289085986,Low Risk
028055,2024,58,Monselice,17258.0,50.5708,336.0760227141036,1.1469069107073648,2,0.12330552617220919,Medium Risk
028057,2024,29,Montegrotto Terme,11366.0,15.37,255.14692943867672,1.8867924528301887,2,-0.05919007471513102,Medium Risk
028058,2024,36,Noventa Padovana,11507.0,7.0781,312.853045972017,5.086110679419618,2,0.8196139334040562,Medium Risk
028060,2024,1028,Padova,209730.0,93.0257,490.1540075334955,11.05070964260414,1,2.743252744303885,High Risk
028063,2024,28,Piazzola sul Brenta,11046.0,40.9328,253.48542458808618,0.6840480006254153,2,-0.3076015747985071,Medium Risk
028065,2024,62,Piove di Sacco,20075.0,35.7342,308.8418430884184,1.7350325458524327,2,0.13002044021204492,Medium Risk
028069,2024,32,Ponte San Nicolò,13393.0,13.521,238.93078473829613,2.3666888543746762,2,-0.02913566682425893,Medium Risk
028072,2024,58,Rubano,16721.0,14.5124,346.86920638717777,3.996582233124776,2,0.7399237002666448,Medium Risk
028075,2024,19,San Giorgio delle Pertiche,10145.0,18.8582,187.28437654016759,1.007519275434559,0,-0.5134876462930154,Low Risk
028077,2024,18,San Martino di Lupari,13110.0,24.1222,137.29977116704805,0.7462005953022527,0,-0.7704984486567275,Low Risk
028085,2024,16,Saonara,10426.0,13.5443,153.4624976021485,1.181308742423012,0,-0.616960726655123,Low Risk
028086,2024,46,Selvazzano Dentro,22920.0,19.5168,200.6980802792321,2.3569437612723396,0,-0.18752531509151044,Low Risk
028093,2024,26,Trebaseleghe,12941.0,30.6561,200.91183061587202,0.8481183190294918,0,-0.4897511482814175,Low Risk
028099,2024,29,Vigodarzere,13035.0,19.916,222.47794399693132,1.456115685880699,0,-0.2793742074186798,Low Risk
028100,2024,80,Vigonza,23080.0,33.3229,346.6204506065858,2.4007514351992176,2,0.4183274168304349,Medium Risk
028103,2024,18,Villafranca Padovana,10491.0,23.9549,171.57563625965113,0.7514120284367708,0,-0.6292092525713718,Low Risk
029001,2024,44,Adria,18950.0,113.3883,232.18997361477574,0.38804709127837705,2,-0.45419566951076057,Medium Risk
029004,2024,21,Badia Polesine,10053.0,44.5341,208.89286780065652,0.4715487682472532,0,-0.5327433070191494,Low Risk
029029,2024,20,Lendinara,11517.0,55.0601,173.65633411478683,0.3632394419915692,0,-0.6986739723301139,Low Risk
029033,2024,45,Occhiobello,12052.0,32.3261,373.3820112844341,1.3920639978221934,2,0.32519418617587936,Medium Risk
029041,2024,166,Rovigo,50535.0,108.8039,328.48520827149497,1.5256806051988945,2,0.16833709022972715,Medium Risk
029052,2024,27,Porto Viro,13911.0,133.3075,194.09100711667026,0.20253924197813325,0,-0.6473462212179149,Low Risk
030023,2024,23,Cervignano del Friuli,13560.0,29.1668,169.6165191740413,0.7885678236899489,0,-0.629761086292881,Low Risk
030026,2024,12,Cividale del Friuli,10969.0,50.6458,109.39921597228555,0.23693968700267345,0,-0.9869585637029445,Low Risk
030027,2024,30,Codroipo,15909.0,75.201,188.57250612860645,0.3989308652810468,0,-0.6304734533197816,Low Risk
030043,2024,22,Gemona del Friuli,10634.0,56.0573,206.88358096671058,0.39245557670455056,0,-0.5568530925408643,Low Risk
030046,2024,40,Latisana,13268.0,37.7963,301.4772384684956,1.0583046488677463,2,-0.036056885250509624,Medium Risk
030118,2024,22,Tavagnacco,14780.0,15.3441,148.84979702300404,1.4337758486975452,0,-0.5851170840339102,Low Risk
030129,2024,332,Udine,98156.0,57.1924,338.23709197603813,5.80496709352991,2,1.067882155114495,Medium Risk
031007,2024,103,Gorizia,34087.0,41.2626,302.1679819285945,2.496207219128218,2,0.2556224111905823,Medium Risk
031012,2024,122,Monfalcone,29233.0,20.6446,417.3365716826874,5.909535665500906,1,1.4125299238088072,High Risk
031016,2024,22,Ronchi dei Legionari,11851.0,17.1084,185.6383427558856,1.2859180285707605,0,-0.464296382802157,Low Risk
032003,2024,11,Muggia,12966.0,13.8518,84.83726669751658,0.7941206197028544,0,-0.9755263436019177,Low Risk
032006,2024,837,Trieste,200609.0,85.1039,417.22953606268914,9.835036937202643,1,2.2006663282187455,High Risk
033013,2024,50,Castel San Giovanni,13813.0,44.0397,361.97784695576627,1.135339250721508,2,0.22696103182359867,Medium Risk
033021,2024,55,Fiorenzuola d'Arda,14947.0,59.769,367.966816083495,0.920209473138249,2,0.20824900569582647,Medium Risk
033032,2024,581,Piacenza,102731.0,118.2281,565.5547011126145,4.9142293583335945,1,1.8190335090094862,High Risk
033039,2024,36,Rottofreno,12211.0,35.1646,294.81614937351566,1.0237568463739102,2,-0.07025137117392008,Medium Risk
034009,2024,50,Collecchio,14634.0,58.831,341.67008336750035,0.849892063707909,2,0.08652821941266264,Medium Risk
034014,2024,100,Fidenza,26987.0,95.1166,370.54878274724865,1.051341195963691,2,0.24515571480161935,Medium Risk
034018,2024,20,Langhirano,10599.0,70.8424,188.69704689121613,0.28231680462547853,0,-0.653389901700528,Low Risk
034020,2024,17,Medesano,10703.0,88.7682,158.83397178361207,0.19151002273336623,0,-0.7938186556347315,Low Risk
034023,2024,17,Montechiarugolo,11077.0,48.2015,153.47115645030243,0.3526861197265645,0,-0.7833831593261267,Low Risk
034025,2024,37,Noceto,13138.0,79.1728,281.6258182371746,0.4673322151041772,2,-0.23599797546382795,Medium Risk
034027,2024,780,Parma,195998.0,260.5979,397.96324452290327,2.9931169821399175,1,0.7473977024707034,High Risk
034032,2024,37,Salsomaggiore Terme,19819.0,81.4989,186.6895403400777,0.45399385758580785,0,-0.6271164208459596,Low Risk
034051,2024,17,Sorbolo Mezzani,12683.0,66.9713,134.03768824410628,0.2538400777646544,0,-0.8827533537323997,Low Risk
035004,2024,23,Bibbiano,10140.0,28.1622,226.82445759368838,0.8166975591395559,0,-0.3900396325217521,Low Risk
035008,2024,27,Cadelbosco di Sopra,10704.0,43.5957,252.2421524663677,0.6193271354743701,2,-0.3256899682428939,Medium Risk
035012,2024,59,Casalgrande,18946.0,37.7068,311.4113797107569,1.5647045095314374,2,0.10631754516570399,Medium Risk
035014,2024,30,Castellarano,15364.0,58.058,195.26165061181985,0.5167246546556892,0,-0.5794413060297137,Low Risk
035016,2024,27,Castelnovo ne' Monti,10360.0,96.6802,260.6177606177606,0.2792712468530268,2,-0.35973266273179766,Medium Risk
035020,2024,93,Correggio,24966.0,77.5093,372.50660898822395,1.1998560172779267,2,0.28300070996343873,Medium Risk
035024,2024,38,Guastalla,14746.0,52.9206,257.69700257697,0.7180568625450203,2,-0.28353771411710454,Medium Risk
035027,2024,19,Montecchio Emilia,10433.0,24.3868,182.1144445509441,0.7791100103334591,0,-0.5805248112010744,Low Risk
035028,2024,34,Novellara,13368.0,58.1064,254.33871932974264,0.585133479272507,2,-0.3239806990255361,Medium Risk
035030,2024,27,Quattro Castella,13115.0,46.3056,205.87113991612657,0.5830828236757541,0,-0.5227014159986375,Low Risk
035033,2024,839,Reggio nell'Emilia,170601.0,230.6805,491.7907866894098,3.6370651182046165,1,1.2606597211664816,High Risk
035036,2024,50,Rubiera,14869.0,25.1941,336.2700921380052,1.9845916305801756,2,0.29237787636919205,Medium Risk
035039,2024,23,Sant'Ilario d'Enza,11159.0,20.2331,206.11165875078413,1.1367511651699442,0,-0.4104936465568976,Low Risk
035040,2024,67,Scandiano,25672.0,50.0478,260.9847304456217,1.3387201835045697,2,-0.14540377129601245,Medium Risk
036002,2024,36,Bomporto,10142.0,38.8735,354.9595740485112,0.9260807490964281,2,0.15620834134452577,Medium Risk
036005,2024,357,Carpi,71730.0,131.5407,497.69970723546635,2.713988902294119,1,1.099404345291643,High Risk
036006,2024,78,Castelfranco Emilia,32908.0,102.5111,237.02443174911875,0.7608932105889021,2,-0.3595159228744441,Medium Risk
036007,2024,34,Castelnuovo Rangone,15081.0,22.4407,225.44924076652742,1.5151042525411418,0,-0.25536700310590404,Low Risk
036008,2024,45,Castelvetro di Modena,11284.0,49.783,398.79475363346336,0.9039230259325473,1,0.3311121433389998,High Risk
036012,2024,27,Finale Emilia,15047.0,105.1257,179.43776168006912,0.2568353884920624,0,-0.6963938026783267,Low Risk
036013,2024,70,Fiorano Modenese,16988.0,26.2317,412.05556863668477,2.6685270112116255,1,0.7398522551741706,High Risk
036015,2024,71,Formigine,34541.0,46.7584,205.5528212848499,1.5184437448672323,0,-0.3361038559825445,Low Risk
036019,2024,53,Maranello,17379.0,32.5808,304.9657632775189,1.6267249422973038,2,0.0924037925273728,Medium Risk
036022,2024,90,Mirandola,24103.0,137.0459,373.39750238559515,0.6567142833167574,2,0.17753683696006428,Medium Risk
036023,2024,1014,Modena,186414.0,183.173,543.9505616530947,5.535750356220622,1,1.8554927863450135,High Risk
036027,2024,42,Nonantola,16010.0,55.32,262.3360399750156,0.7592190889370932,2,-0.2562878672279559,Medium Risk
036030,2024,65,Pavullo nel Frignano,17979.0,143.7304,361.5328994938539,0.45223557438092427,2,0.08791520908372275,Medium Risk
036037,2024,22,San Felice sul Panaro,10741.0,51.6636,204.82264221208453,0.42583172678636405,0,-0.5585808113759049,Low Risk
036040,2024,149,Sassuolo,40722.0,38.4032,365.895584696233,3.879885009582535,2,0.7943288452282047,Medium Risk
036044,2024,34,Soliera,15474.0,50.9283,219.7234070052992,0.6676052410938516,0,-0.44904452996730326,Low Risk
036045,2024,68,Spilamberto,12845.0,29.7918,529.3888672635267,2.282507267100343,1,1.1423847518469312,High Risk
036046,2024,100,Vignola,25726.0,22.8613,388.7118090647594,4.37420444156719,1,0.9869845171588694,High Risk
037001,2024,32,Anzola dell'Emilia,12353.0,36.5961,259.0463854934024,0.8744101147390022,2,-0.24660758764863036,Medium Risk
037006,2024,1946,Bologna,391686.0,140.8566,496.8265396261291,13.815469065702283,1,3.32595262945932,High Risk
037008,2024,52,Budrio,18368.0,120.1849,283.1010452961673,0.4326666661119658,2,-0.23692576128862586,Medium Risk
037009,2024,34,Calderara di Reno,13479.0,40.7517,252.2442317679353,0.8343210221904853,2,-0.2824924122777635,Medium Risk
037011,2024,101,Casalecchio di Reno,36052.0,17.3334,280.1508931543326,5.8269006657666695,2,0.834624200302204,Medium Risk
037019,2024,57,Castel Maggiore,18631.0,30.9004,305.94171005313723,1.844636315387503,2,0.14017208027072214,Medium Risk
037020,2024,55,Castel San Pietro Terme,20786.0,148.4147,264.60117386702586,0.3705832373747344,2,-0.325091015992911,Medium Risk
037021,2024,50,Castenaso,15870.0,35.7333,315.05986137366097,1.3992550366185044,2,0.08800926569003156,Medium Risk
037024,2024,24,Crevalcore,13675.0,102.7526,175.50274223034737,0.2335707320301384,0,-0.7171677533725049,Low Risk
037030,2024,47,Granarolo dell'Emilia,12471.0,34.3693,376.8743484884933,1.3674994835507268,2,0.33454870566619743,Medium Risk
037032,2024,324,Imola,69855.0,205.0213,463.81790852480134,1.580323605401,1,0.7330380398113657,High Risk
037037,2024,30,Medicina,16599.0,159.1056,180.7337791433219,0.1885540169547772,0,-0.7048077528661796,Low Risk
037039,2024,20,Molinella,15648.0,127.8402,127.8118609406953,0.15644531219444274,0,-0.9277919456691716,Low Risk
037042,2024,24,Monte San Pietro,10695.0,74.6857,224.4039270687237,0.3213466567227729,0,-0.49945198572703836,Low Risk
037046,2024,50,Ozzano dell'Emilia,13927.0,64.9471,359.01486321533713,0.7698573146453036,2,0.1414179183705666,Medium Risk
037047,2024,46,Pianoro,17472.0,107.129,263.2783882783883,0.4293888676268797,2,-0.31869012396719737,Medium Risk
037053,2024,85,San Giovanni in Persiceto,28048.0,114.4106,303.0519110096976,0.7429381543318538,2,-0.0929663936446471,Medium Risk
037054,2024,141,San Lazzaro di Savena,32665.0,44.7241,431.65467625899277,3.1526626583877597,1,0.9172990806677962,High Risk
037055,2024,35,San Pietro in Casale,12678.0,65.8561,276.06878056475784,0.5314617780281553,2,-0.2458523481957146,Medium Risk
037057,2024,83,Sasso Marconi,14761.0,96.4485,562.2925276065307,0.8605628910765849,1,0.9913652642013389,High Risk
037060,2024,88,Zola Predosa,19113.0,37.7472,460.41960968973996,2.3312987453374023,1,0.8699932887368574,High Risk
037061,2024,89,Valsamoggia,31503.0,178.1313,282.51277656096244,0.49963145163146505,2,-0.22588048598190097,Medium Risk
038001,2024,63,Argenta,21140.0,311.663,298.0132450331126,0.20214141556745588,2,-0.2222204334218946,Medium Risk
038003,2024,34,Bondeno,13905.0,174.753,244.5163610212154,0.19456032228345152,2,-0.4426299129758833,Medium Risk
038004,2024,89,Cento,35107.0,64.7415,253.51069587261802,1.3746978367816625,2,-0.1687569785510315,Medium Risk
038005,2024,34,Codigoro,11297.0,169.2711,300.9648579268832,0.20086122202785947,2,-0.21040085746617948,Medium Risk
038006,2024,97,Comacchio,22081.0,283.7461,439.2916987455278,0.3418549188869909,1,0.38389740521230054,High Risk
038007,2024,33,Copparo,15874.0,157.0042,207.88711099911805,0.21018546000680238,0,-0.589362407018796,Low Risk
038008,2024,603,Ferrara,131669.0,405.1396,457.9665676810791,1.4883758585929394,1,0.6906259119793705,High Risk
038019,2024,21,Portomaggiore,11506.0,126.6429,182.5134712324005,0.16582058686274556,0,-0.7020928131834312,Low Risk
039001,2024,35,Alfonsine,11626.0,106.7905,301.04937209702393,0.32774450910895636,2,-0.18456611138103396,Medium Risk
039002,2024,45,Bagnacavallo,16402.0,79.5793,274.3567857578344,0.5654736847396244,2,-0.2460246224728753,Medium Risk
039007,2024,150,Cervia,28774.0,82.2725,521.3039549593383,1.8232094563797139,1,1.0170386772618965,High Risk
039010,2024,308,Faenza,59063.0,215.7569,521.4770668608096,1.4275325609517007,1,0.9382614219769712,High Risk
039012,2024,121,Lugo,31934.0,117.0548,378.9064946452057,1.0337038720325864,2,0.27580885192258975,Medium Risk
039013,2024,29,Massa Lombarda,10501.0,37.2479,276.1641748404914,0.7785673823222249,2,-0.19582222435161756,Medium Risk
039014,2024,813,Ravenna,156463.0,653.8119,519.611665377757,1.2434769082667354,1,0.8936549695669677,High Risk
039016,2024,27,Russi,12136.0,46.2594,222.47857613711273,0.5836651577841476,0,-0.4546338510373334,Low Risk
040003,2024,32,Bertinoro,11016.0,57.2533,290.48656499636894,0.5589197478573287,2,-0.18134499706706347,Medium Risk
040007,2024,439,Cesena,96520.0,249.4614,454.82801491918775,1.759791294364579,1,0.7323075773090231,High Risk
040008,2024,122,Cesenatico,25992.0,45.1634,469.3751923668822,2.701302382017297,1,0.9809639163389594,High Risk
040012,2024,520,Forlì,117407.0,228.1972,442.90374509185995,2.2787308520875804,1,0.7877657008980192,High Risk
040013,2024,24,Forlimpopoli,13099.0,24.4588,183.22009313688068,0.9812419251966572,0,-0.5353956952497149,Low Risk
040015,2024,19,Gambettola,10661.0,7.7713,178.21967920457743,2.4448933897803458,0,-0.261829633394025,Low Risk
040041,2024,43,San Mauro Pascoli,12184.0,17.2873,352.92186474064346,2.487375125091831,2,0.46151153039978343,Medium Risk
040045,2024,67,Savignano sul Rubicone,17858.0,23.3027,375.1819912644193,2.8752033026215846,2,0.6304993895416202,Medium Risk
041013,2024,289,Fano,60136.0,120.3167,480.5773579885593,2.4019940706485468,1,0.9666718730833864,High Risk
041029,2024,67,Mondolfo,14307.0,24.3413,468.30222967778013,2.7525234888851458,1,0.9868633606441843,High Risk
041044,2024,461,Pesaro,95950.0,152.8116,480.4585721730068,3.016786683733434,1,1.0896884700432181,High Risk
041067,2024,55,Urbino,14007.0,226.4923,392.6608124509174,0.24283386234322316,1,0.17321175757397533,High Risk
041068,2024,38,Vallefoglia,14908.0,39.5691,254.8966997585189,0.9603453199592612,2,-0.24632324677112893,Medium Risk
041069,2024,33,Colli al Metauro,12202.0,46.1679,270.44746762825764,0.7147823487747981,2,-0.2320260216478968,Medium Risk
042002,2024,409,Ancona,99273.0,124.8683,411.9952051413778,3.2754510151896037,1,0.8615272058887404,High Risk
042010,2024,72,Castelfidardo,18517.0,33.3901,388.8318842145056,2.1563277738012165,1,0.5419376447517575,High Risk
042014,2024,33,Chiaravalle,14389.0,17.602,229.34185836402807,1.8747869560277242,2,-0.16718520121406522,Medium Risk
042017,2024,51,Fabriano,29484.0,272.0776,172.975172975173,0.18744652260972602,0,-0.7367751564734556,Low Risk
042018,2024,105,Falconara Marittima,25727.0,25.8148,408.13153496326817,4.067434185041139,1,1.0048162510863363,High Risk
042021,2024,170,Jesi,39440.0,108.9032,431.0344827586207,1.5610193272557649,1,0.5950242309711402,High Risk
042022,2024,30,Loreto,12825.0,17.8954,233.91812865497076,1.676408462509919,2,-0.1883123097889024,Medium Risk
042034,2024,83,Osimo,34826.0,106.7377,238.32768621145124,0.7776071622304022,2,-0.3508259762774649,Medium Risk
042045,2024,214,Senigallia,44323.0,117.7689,482.81930374749004,1.8171181016380384,1,0.8583521510334582,High Risk
043013,2024,207,Civitanova Marche,41894.0,46.0658,494.10416766124024,4.493572237972639,1,1.4421845329571827,High Risk
043015,2024,43,Corridonia,14941.0,61.9643,287.7986747874975,0.6939479668131489,2,-0.16521755872474697,Medium Risk
043023,2024,154,Macerata,41079.0,92.5263,374.88741205968984,1.6643916378370256,2,0.3860601871862592,Medium Risk
043042,2024,47,Porto Recanati,12163.0,17.2489,386.41782454986435,2.7248114372510712,2,0.6462601813142153,Medium Risk
043043,2024,52,Potenza Picena,15652.0,48.5522,332.22591362126246,1.0710122301358127,2,0.09230640989339445,Medium Risk
043044,2024,61,Recanati,20865.0,103.4588,292.3556194584232,0.5896066840133464,2,-0.16753307384432428,Medium Risk
043047,2024,41,San Severino Marche,12009.0,194.2547,341.41060871013406,0.2110631042646587,2,-0.04286460050911889,Medium Risk
043053,2024,87,Tolentino,18498.0,95.1181,470.32111579630237,0.9146524163119323,1,0.6259230435755263,High Risk
044007,2024,189,Ascoli Piceno,46554.0,158.0203,405.9801520814538,1.1960488620765815,1,0.41919544566152434,High Risk
044023,2024,61,Grottammare,15960.0,17.9947,382.2055137844612,3.389887022289896,2,0.7626289061419433,Medium Risk
044045,2024,45,Monteprandone,12820.0,26.3736,351.0140405616225,1.7062517062517062,2,0.2967895401906892,Medium Risk
044066,2024,261,San Benedetto del Tronto,46976.0,25.4053,555.6028610354223,10.273446879194498,1,2.854901248690644,High Risk
045001,2024,27,Aulla,10781.0,59.9874,250.4405899267229,0.4500945198491683,2,-0.36705749288509776,Medium Risk
045003,2024,275,Carrara,60833.0,71.2778,452.05727154669347,3.8581437698694403,1,1.1424984218334815,High Risk
045010,2024,405,Massa,66977.0,93.8397,604.6851904385087,4.3158705750338076,1,1.8589375608314516,High Risk
045011,2024,38,Montignoso,10050.0,16.7091,378.1094527363184,2.274209861692132,2,0.5217467484844542,Medium Risk
046001,2024,53,Altopascio,15619.0,28.5991,339.33030283628915,1.8532051707920878,2,0.27850539031478105,Medium Risk
046005,2024,205,Camaiore,31761.0,85.4275,645.4456723654797,2.399695648356794,1,1.640781346180059,High Risk
046007,2024,153,Capannori,46389.0,156.1777,329.8195692944448,0.9796533051773717,2,0.06410803163763468,Medium Risk
046017,2024,402,Lucca,89378.0,185.7334,449.7751124437781,2.164392618667402,1,0.7929115839287513,High Risk
046018,2024,95,Massarosa,21951.0,68.2379,432.7821055988338,1.3921882121225888,1,0.5682591224747048,High Risk
046024,2024,139,Pietrasanta,23121.0,42.1153,601.18506984992,3.3004632520722876,1,1.6406364456795521,High Risk
046028,2024,46,Seravezza,12556.0,39.4678,366.35871296591273,1.1655070715874714,2,0.2509459397047529,Medium Risk
046033,2024,402,Viareggio,61251.0,32.5275,656.3158152519959,12.358773345630619,1,3.6858867475003114,High Risk
047002,2024,53,Agliana,18112.0,11.6792,292.62367491166077,4.537982053565313,2,0.6267331073895912,Medium Risk
047009,2024,45,Monsummano Terme,20899.0,32.6232,215.32130723958082,1.379386448907526,0,-0.3240698818667459,Low Risk
047010,2024,27,Montale,10757.0,32.1174,250.99934926094636,0.8406658073193969,2,-0.28631137111207755,Medium Risk
047011,2024,69,Montecatini-Terme,20452.0,17.6864,337.3753178173284,3.9013026958567036,2,0.6819385058604974,Medium Risk
047012,2024,52,Pescia,19250.0,79.1246,270.12987012987014,0.6571913159750571,2,-0.2448946708625162,Medium Risk
047014,2024,386,Pistoia,89729.0,236.3969,430.184221377704,1.6328471312441069,1,0.6059744510275923,High Risk
047017,2024,54,Quarrata,26924.0,45.9127,200.5645520725004,1.1761451624496053,0,-0.4252763901412941,Low Risk
047020,2024,48,Serravalle Pistoiese,11664.0,42.0349,411.522633744856,1.1419082714601438,1,0.4309968961480058,High Risk
048001,2024,163,Bagno a Ripoli,25323.0,74.0913,643.6836077873869,2.199988392699278,1,1.5934535321751397,High Risk
048002,2024,75,Barberino di Mugello,10870.0,133.3254,689.9724011039558,0.5625334707415091,1,1.4539074921426935,High Risk
048004,2024,61,Borgo San Lorenzo,18207.0,146.3627,335.0359751743835,0.4167728526462002,2,-0.027622892136345556,Medium Risk
048005,2024,127,Calenzano,18420.0,76.9699,689.4679695982627,1.649995647649276,1,1.6702984189948942,High Risk
048006,2024,219,Campi Bisenzio,47871.0,28.7516,457.4794760919972,7.616967403553193,1,1.9197750926312627,High Risk
048010,2024,44,Castelfiorentino,17437.0,66.3437,252.33698457303436,0.6632129350639172,2,-0.3164859563591811,Medium Risk
048011,2024,27,Cerreto Guidi,10932.0,49.305,246.9813391877058,0.5476118040766657,2,-0.36162151892660854,Medium Risk
048012,2024,35,Certaldo,15632.0,75.2749,223.899692937564,0.4649624243937886,0,-0.4726648434219296,Low Risk
048014,2024,203,Empoli,48674.0,62.4217,417.0604429469532,3.2520741985559507,1,0.8775559579338859,High Risk
048015,2024,50,Fiesole,13845.0,42.1928,361.14120621162874,1.1850363095125236,2,0.23352124685240347,Medium Risk
048019,2024,82,Fucecchio,22990.0,65.1757,356.67681600695954,1.2581376187750954,2,0.22993981328940158,Medium Risk
048021,2024,31,Greve in Chianti,13426.0,169.3743,230.89527781915683,0.1830265866781442,2,-0.5006785608029993,Medium Risk
048022,2024,75,Impruneta,14497.0,48.7144,517.3484169138443,1.5395858308836814,1,0.9438785599747067,High Risk
048024,2024,102,Lastra a Signa,19814.0,42.8991,514.7875239729484,2.3776722588585777,1,1.10175947019225,High Risk
048028,2024,31,Montelupo Fiorentino,14269.0,24.6575,217.25418739925715,1.2572239683666229,0,-0.3407019670467453,Low Risk
048030,2024,32,Montespertoli,13242.0,124.8777,241.65533907264765,0.2562507157002411,2,-0.44194332582080664,Medium Risk
048033,2024,47,Pontassieve,20477.0,114.3984,229.52580944474286,0.41084490692177517,2,-0.4605165595907536,Medium Risk
048035,2024,38,Reggello,16534.0,121.6458,229.82944236119513,0.3123823428346889,2,-0.4790538753562581,Medium Risk
048038,2024,50,San Casciano in Val di Pesa,16690.0,107.8317,299.58058717795086,0.4636855395954993,2,-0.16326724128767447,Medium Risk
048041,2024,261,Scandicci,50460.0,59.6923,517.2413793103448,4.372423243868974,1,1.5125151698327042,High Risk
048043,2024,258,Sesto Fiorentino,49315.0,48.811,523.1673932880462,5.28569379852902,1,1.7202242660972975,High Risk
048044,2024,69,Signa,19211.0,18.8084,359.1692259642913,3.6685736160438953,2,0.7243581484948682,Medium Risk
048050,2024,50,Vinci,14744.0,54.1848,339.12099837221916,0.9227680087404585,2,0.09073812984098065,Medium Risk
048052,2024,93,Figline e Incisa Valdarno,23316.0,97.9012,398.8677303139475,0.9499372837105163,1,0.34065430742881453,High Risk
048053,2024,52,Scarperia e San Piero,12071.0,115.8099,430.78452489437495,0.44901169934522006,1,0.37061584980549067,High Risk
048054,2024,45,Barberino Tavarnelle,11953.0,122.9905,376.4745252237932,0.36588191770909134,2,0.13170284721106867,Medium Risk
049002,2024,32,Campiglia Marittima,12585.0,83.276,254.27095748907428,0.3842643738892358,2,-0.36460954328187034,Medium Risk
049007,2024,136,Cecina,27982.0,42.4945,486.0267314702308,3.2004141712456904,1,1.1493590244495788,High Risk
049008,2024,57,Collesalvetti,16381.0,107.9895,347.9641047555094,0.5278290944952981,2,0.047583062802653286,Medium Risk
049009,2024,997,Livorno,155370.0,104.7138,641.6940207247217,9.521190139217563,1,3.0560326470064156,High Risk
049012,2024,125,Piombino,32648.0,130.3251,382.87184513599607,0.9591398740534249,2,0.277054594477824,Medium Risk
049014,2024,47,Portoferraio,11914.0,48.0293,394.49387275474237,0.9785693316371465,1,0.32851008718402286,High Risk
049017,2024,120,Rosignano Marittimo,30138.0,120.6514,398.1684252438782,0.9946009743774212,1,0.34676531357809226,High Risk
050004,2024,65,Calcinaia,12700.0,14.8907,511.81102362204723,4.365140658263211,1,1.4888334961043468,High Risk
050008,2024,188,Cascina,45005.0,78.6061,417.7313631818687,2.3916718931482417,1,0.7074591561013076,High Risk
050009,2024,24,Castelfranco di Sotto,13419.0,48.2483,178.8508830762352,0.49742685234505674,0,-0.6504638431262098,Low Risk
050022,2024,38,Montopoli in Val d'Arno,11060.0,30.1734,343.5804701627486,1.2593874074515965,2,0.17660618645299936,Medium Risk
050026,2024,566,Pisa,89969.0,185.069,629.1055808111682,3.0583187892083497,1,1.7062321383329502,High Risk
050028,2024,56,Ponsacco,15466.0,19.8828,362.0845726108884,2.8165047176454023,2,0.5651186437896165,Medium Risk
050029,2024,159,Pontedera,29270.0,46.0346,543.2183122651178,3.453923787759642,1,1.434288988648645,High Risk
050031,2024,112,San Giuliano Terme,30915.0,91.94,362.28368106097366,1.2181857733304329,2,0.244854999460557,Medium Risk
050032,2024,88,San Miniato,27785.0,102.5828,316.71765341011337,0.8578436151089656,2,-0.013969189635755691,Medium Risk
050033,2024,36,Santa Croce sull'Arno,14549.0,16.7885,247.43968657639698,2.1443249843642973,2,-0.03899041816952681,Medium Risk
050035,2024,30,Santa Maria a Monte,13307.0,38.0351,225.44525437739534,0.788745132785243,0,-0.40129797026271563,Low Risk
050037,2024,67,Vecchiano,11933.0,67.5491,561.4681974356826,0.9918710982085625,1,1.0143703049434847,High Risk
050040,2024,39,Casciana Terme Lari,12134.0,81.3978,321.4109114883797,0.47912842853246645,2,-0.07084457159052915,Medium Risk
051002,2024,358,Arezzo,97373.0,384.7537,367.6583857948302,0.9304653860378731,2,0.20904729894642907,Medium Risk
051004,2024,28,Bibbiena,11846.0,86.5122,236.3667060611177,0.32365377368741055,2,-0.45004190448249726,Medium Risk
051012,2024,24,Castiglion Fiorentino,13012.0,111.4256,184.44512757454658,0.21539035912752544,0,-0.6842314709724886,Low Risk
051017,2024,78,Cortona,21413.0,342.7316,364.2646990146173,0.22758333343059114,2,0.05396330676857586,Medium Risk
051026,2024,61,Montevarchi,24161.0,56.6641,252.47299366748067,1.0765193482293023,2,-0.232902403327134,Medium Risk
051033,2024,44,San Giovanni Valdarno,16637.0,21.4497,264.47075794914946,2.0513107409427636,2,0.012008332999818995,Medium Risk
051034,2024,41,Sansepolcro,15444.0,91.1928,265.4752654752655,0.44959689800071934,2,-0.30564194425993585,Medium Risk
051039,2024,30,Terranuova Bracciolini,12105.0,85.8786,247.83147459727385,0.34933033375020084,2,-0.3979748999974185,Medium Risk
052012,2024,85,Colle di Val d'Elsa,21752.0,92.0349,390.7686649503494,0.9235626919788038,1,0.3022181082201649,High Risk
052015,2024,47,Montepulciano,13484.0,165.5399,348.5612577870068,0.28391946594144374,2,0.0010285723115439627,Medium Risk
052016,2024,28,Monteriggioni,10011.0,99.7309,279.6923384277295,0.2807555130857136,2,-0.2813894165129018,Medium Risk
052022,2024,97,Poggibonsi,28781.0,70.6019,337.02790035092596,1.3739007023890293,2,0.17279985493013372,Medium Risk
052032,2024,241,Siena,54123.0,118.5306,445.2820427544667,2.0332302375926554,1,0.7481792933075171,High Risk
052033,2024,30,Sinalunga,12195.0,78.6758,246.00246002460025,0.3813116612732251,2,-0.39903388242018906,Medium Risk
053009,2024,78,Follonica,20648.0,56.0491,377.76055792328555,1.3916369754376072,2,0.3430235588863898,Medium Risk
053011,2024,414,Grosseto,81643.0,473.5252,507.0857268841175,0.8742934906104258,1,0.7682407305075362,High Risk
053016,2024,32,Monte Argentario,12064.0,60.4003,265.2519893899204,0.5297986930528491,2,-0.29044415714309335,Medium Risk
053018,2024,59,Orbetello,14450.0,226.8069,408.3044982698962,0.26013317936976343,1,0.2406942560161195,High Risk
054001,2024,56,Assisi,28004.0,187.1913,199.9714326524782,0.2991592023774609,0,-0.6038765135080588,Low Risk
054002,2024,51,Bastia Umbra,21379.0,27.6014,238.5518499462089,1.8477323614019578,2,-0.13493668571805062,Medium Risk
054009,2024,36,Castiglione del Lago,15160.0,205.2661,237.46701846965698,0.17538210157449283,2,-0.4753254487766056,Medium Risk
054013,2024,101,Città di Castello,38657.0,387.317,261.27221460537544,0.2607683112282704,2,-0.36077187703244556,Medium Risk
054015,2024,68,Corciano,21391.0,63.723,317.8907016969754,1.0671186227892597,2,0.03287063754275804,Medium Risk
054018,2024,216,Foligno,55831.0,264.656,386.8818398380828,0.8161537996493561,2,0.26473803293181797,Medium Risk
054023,2024,28,Gualdo Tadino,14408.0,124.2833,194.3364797334814,0.22529173267848537,0,-0.6417712171758745,Low Risk
054024,2024,69,Gubbio,30923.0,525.7677,223.134883420108,0.1312366659267962,0,-0.5428346206539799,Low Risk
054026,2024,35,Magione,14612.0,129.7327,239.52915411990142,0.2697854897030587,2,-0.4479238393797017,Medium Risk
054027,2024,29,Marsciano,18201.0,161.5281,159.33190484039338,0.17953532543254083,0,-0.7941868619766544,Low Risk
054039,2024,502,Perugia,164721.0,449.6117,304.75774187869183,1.1165189873840027,2,-0.01094006938122552,Medium Risk
054044,2024,23,San Giustino,10975.0,79.9788,209.56719817767652,0.28757620769503917,0,-0.5669415622581304,Low Risk
054051,2024,142,Spoleto,36914.0,348.1366,384.677899983746,0.4078858700866269,2,0.17370554042895014,Medium Risk
054052,2024,39,Todi,15877.0,222.8556,245.63834477546138,0.17500121154684917,2,-0.4419683635805014,Medium Risk
054056,2024,29,Umbertide,16367.0,200.8295,177.1858006965235,0.1444010964524634,0,-0.7281942350501323,Low Risk
055004,2024,22,Amelia,11682.0,132.4964,188.32391713747646,0.1660422471855839,0,-0.6782744055755263,Low Risk
055022,2024,69,Narni,18405.0,197.9836,374.89812550937245,0.348513715277427,2,0.12176387695904106,Medium Risk
055023,2024,74,Orvieto,19931.0,281.2704,371.2809191711404,0.2630920281693346,2,0.08980386716482253,Medium Risk
055032,2024,430,Terni,107982.0,212.4261,398.2145172343539,2.0242333686868044,1,0.5537916127418997,High Risk
056021,2024,46,Civita Castellana,15455.0,84.2211,297.6383047557425,0.5461814200954392,2,-0.15464205138655066,Medium Risk
056036,2024,27,Montefiascone,13005.0,104.93,207.61245674740485,0.2573144000762413,0,-0.5810186782503337,Low Risk
056050,2024,58,Tarquinia,16153.0,279.3305,359.0664272890485,0.20763933763051298,2,0.028687734676456467,Medium Risk
056057,2024,37,Vetralla,13446.0,113.771,275.17477316674103,0.3252146856404532,2,-0.29094219566582297,Medium Risk
056059,2024,287,Viterbo,66113.0,406.2267,434.1052440518506,0.7065020590719419,1,0.43592877627977,High Risk
057027,2024,22,Fara in Sabina,13738.0,54.9624,160.1397583345465,0.4002736416168144,0,-0.7465384501399828,Low Risk
057059,2024,155,Rieti,45907.0,206.455,337.6391400004357,0.7507689326971979,2,0.05012295858949545,Medium Risk
058003,2024,80,Albano Laziale,39672.0,23.8082,201.6535591853196,3.3601868263875474,0,0.017920588925407183,Low Risk
058005,2024,49,Anguillara Sabazia,19018.0,75.2338,257.6506467557051,0.6513030047664746,2,-0.29713723162812195,Medium Risk
058007,2024,76,Anzio,57838.0,43.6586,131.40150074345587,1.7407795943983546,0,-0.5948356599294625,Low Risk
058009,2024,47,Ariccia,18307.0,18.5919,256.7323974436008,2.5279826160854997,2,0.07610247783225374,Medium Risk
058011,2024,28,Artena,13664.0,54.797,204.91803278688525,0.5109768782962572,0,-0.5410861292959717,Low Risk
058013,2024,48,Bracciano,18560.0,143.0603,258.6206896551724,0.33552285295081863,2,-0.35660372552776637,Medium Risk
058015,2024,18,Campagnano di Roma,10990.0,46.9371,163.7852593266606,0.3834919498648191,0,-0.7349937970607221,Low Risk
058018,2024,28,Capena,10695.0,29.5069,261.8045815801777,0.9489305891164439,2,-0.22035217353128317,Medium Risk
058026,2024,12,Cave,10728.0,17.8793,111.85682326621924,0.6711672157187362,0,-0.8896732774174723,Low Risk
058029,2024,55,Cerveteri,37504.0,134.3187,146.65102389078498,0.4094738856168203,0,-0.7998804373722008,Low Risk
058032,2024,160,Civitavecchia,52069.0,73.7376,307.2845647122088,2.1698563555092654,2,0.21099830168211156,Medium Risk
058034,2024,43,Colleferro,20698.0,26.9893,207.74954101845591,1.5932239813555742,0,-0.31209358256436626,Low Risk
058036,2024,44,Fiano Romano,15722.0,41.1862,279.86261289912227,1.068319000053416,2,-0.1224830293672054,Medium Risk
058038,2024,13,Formello,13249.0,31.1449,98.1206128764435,0.4174038125022074,0,-0.9968532852196258,Low Risk
058039,2024,72,Frascati,22624.0,22.4759,318.2461103253183,3.2034312307849744,2,0.46347799114755095,Medium Risk
058043,2024,56,Genzano di Roma,23221.0,17.9002,241.16101804401188,3.1284566652886556,2,0.1330172333132924,Medium Risk
058046,2024,62,Grottaferrata,20337.0,18.396,304.86305748143775,3.370297890845836,2,0.442241227209326,Medium Risk
058047,2024,107,Guidonia Montecelio,87875.0,79.4718,121.76386913229018,1.3463895369174979,0,-0.7134958086908989,Low Risk
058050,2024,26,Lanuvio,12851.0,43.763,202.31888568982959,0.5941091789868154,0,-0.5350207036739001,Low Risk
058057,2024,102,Marino,45321.0,24.1913,225.06122989342688,4.216391843348642,0,0.2856935964525776,Low Risk
058059,2024,34,Mentana,22612.0,24.2684,150.3626393065629,1.4009988297539187,0,-0.5855115869480523,Low Risk
058060,2024,34,Monte Compatri,11844.0,24.5711,287.06518068220197,1.3837394337249858,2,-0.02964994203279736,Medium Risk
058065,2024,61,Monterotondo,41258.0,40.9352,147.8501139173009,1.4901600578475247,0,-0.577880620928805,Low Risk
058072,2024,101,Nettuno,48500.0,71.6278,208.24742268041237,1.4100670410092173,0,-0.34684994521085655,Low Risk
058074,2024,42,Palestrina,21921.0,47.0165,191.5970986725058,0.8933034147586485,0,-0.5187860710626309,Low Risk
058075,2024,8,Palombara Sabina,12835.0,75.8028,62.32956758862485,0.10553699863329587,0,-1.2059444239725574,Low Risk
058079,2024,157,Pomezia,63767.0,86.5727,246.20885410949236,1.8135047191551148,2,-0.11048329355311158,Medium Risk
058081,2024,18,Riano,10274.0,25.4484,175.19953280124588,0.7073136228603764,0,-0.6232405139733102,Low Risk
058082,2024,6,Rignano Flaminio,10005.0,38.5618,59.97001499250374,0.15559439652713308,0,-1.2055429313740373,Low Risk
058086,2024,25,Rocca di Papa,16999.0,39.7161,147.0674745573269,0.629467646621899,0,-0.75398304981277,Low Risk
058088,2024,9,Rocca Priora,11978.0,28.2646,75.13775254633495,0.318419507086603,0,-1.1107738613064455,Low Risk
058091,2024,13924,Roma,2770226.0,1287.3716,502.6304713045073,10.815835924918648,1,2.747118532188214,High Risk
058097,2024,65,Santa Marinella,18516.0,48.9057,351.047742492979,1.3290884293650842,2,0.22116098683958724,Medium Risk
058104,2024,126,Tivoli,55150.0,68.644,228.46781504986402,1.8355573684517217,2,-0.17864205157217414,Medium Risk
058110,2024,59,Valmontone,15662.0,40.9131,376.707955561231,1.4420808982941893,2,0.3488501843961519,Medium Risk
058111,2024,193,Velletri,52312.0,118.2667,368.94020492430036,1.6319048388092336,2,0.3552006280486172,Medium Risk
058114,2024,40,Zagarolo,18010.0,28.0351,222.09883398112163,1.4267828543504393,0,-0.2868178908082437,Low Risk
058115,2024,23,Lariano,13191.0,22.4985,174.3613069517095,1.0222903749138832,0,-0.5633960715995259,Low Risk
058116,2024,87,Ladispoli,40160.0,25.9515,216.63346613545815,3.3524073752962256,0,0.07764923736797191,Low Risk
058117,2024,110,Ardea,48667.0,72.0684,226.0258491380196,1.5263277663996981,0,-0.2507531306394483,Low Risk
058118,2024,73,Ciampino,38675.0,12.9981,188.75242404654168,5.616205445411252,0,0.4183349327676951,Low Risk
058119,2024,49,San Cesareo,15714.0,23.6431,311.8238513427517,2.072486264491543,2,0.21001094526022615,Medium Risk
058120,2024,300,Fiumicino,79995.0,213.8908,375.0234389649353,1.4025848704105084,2,0.3340236973743104,Medium Risk
058122,2024,53,Fonte Nuova,32139.0,19.9404,164.90867793024051,2.6579206033981264,0,-0.27349862977538,Low Risk
059001,2024,317,Aprilia,73429.0,178.123,431.70954255130806,1.7796691050566182,1,0.6417097512765969,High Risk
059005,2024,98,Cisterna di Latina,36481.0,144.1568,268.6329870343466,0.6798153122155874,2,-0.24647445975454904,Medium Risk
059006,2024,15,Cori,10482.0,85.3114,143.10246136233542,0.17582644289039917,0,-0.8613359177122916,Low Risk
059007,2024,156,Fondi,39237.0,143.913,397.5839131432067,1.08398824289675,1,0.36233030008417405,High Risk
059008,2024,164,Formia,37341.0,74.1642,439.1955223480892,2.2113094997316765,1,0.7590492879539563,High Risk
059009,2024,83,Gaeta,19755.0,29.2033,420.1467982789167,2.842144552156777,1,0.8078352947555756,High Risk
059010,2024,34,Itri,10344.0,101.097,328.69296210363495,0.33631067192893954,2,-0.06973945609376075,Medium Risk
059011,2024,466,Latina,127560.0,277.6174,365.3182815929759,1.6785691386779071,2,0.3497554126815434,Medium Risk
059014,2024,74,Minturno,19971.0,42.1345,370.5372790546292,1.7562804827397975,2,0.3867203798272169,Medium Risk
059017,2024,38,Pontinia,14849.0,112.1023,255.90948885446832,0.33897609594093964,2,-0.3670031041481761,Medium Risk
059019,2024,30,Priverno,13763.0,56.9808,217.97573203516674,0.5264931345295257,0,-0.4845425808911943,Low Risk
059024,2024,44,Sabaudia,19938.0,145.3721,220.6841207744006,0.30267155802248163,0,-0.5184234021594258,Low Risk
059025,2024,25,San Felice Circeo,10129.0,32.6307,246.8160726626518,0.7661496688701132,2,-0.31839673902274546,Medium Risk
059028,2024,42,Sezze,23576.0,100.471,178.14726840855107,0.4180310736431408,0,-0.6692921573410245,Low Risk
059032,2024,187,Terracina,44495.0,136.5876,420.2719406674907,1.3690847485423274,1,0.5124316959878141,High Risk
060003,2024,74,Alatri,27768.0,96.9573,266.4938058196485,0.7632225732358471,2,-0.2384718134897509,Medium Risk
060006,2024,77,Anagni,20853.0,112.8135,369.2514266532393,0.6825424262167205,2,0.16576134082717336,Medium Risk
060019,2024,137,Cassino,35418.0,83.4187,386.80896719182334,1.6423176098404795,2,0.4304037914194862,Medium Risk
060024,2024,77,Ceccano,22610.0,61.061,340.55727554179566,1.2610340479192939,2,0.16456734213409407,Medium Risk
060033,2024,60,Ferentino,20247.0,80.9996,296.340198547933,0.7407443987377715,2,-0.12086856598232612,Medium Risk
060035,2024,25,Fiuggi,10119.0,32.9774,247.05998616464078,0.7580949377452436,2,-0.31901682317579394,Medium Risk
060038,2024,150,Frosinone,44491.0,46.8443,337.1468386864759,3.2020971601667654,2,0.5405437575663999,Medium Risk
060043,2024,13,Isola del Liri,10945.0,16.014,118.77569666514391,0.8117896840264769,0,-0.8331152375568507,Low Risk
060044,2024,17,Monte San Giovanni Campano,12228.0,48.7118,139.02518809290154,0.34899141481119567,0,-0.8432321434928427,Low Risk
060056,2024,18,Pontecorvo,12470.0,88.8006,144.34643143544506,0.20270133309910068,0,-0.8508473574718551,Low Risk
060074,2024,80,Sora,25133.0,72.1249,318.3066088409661,1.1091869798086376,2,0.043023255290002616,Medium Risk
060085,2024,42,Veroli,19868.0,119.6404,211.39520837527684,0.35105198578406627,0,-0.5467107880240569,Low Risk
061005,2024,90,Aversa,50640.0,8.8518,177.7251184834123,10.167423574866127,0,1.2874873609310922,Low Risk
061013,2024,13,Capodrise,10033.0,3.4356,129.57241104355626,3.783909651880312,0,-0.19188532391131596,Low Risk
061015,2024,21,Capua,17657.0,48.603,118.93300107606048,0.43207209431516574,0,-0.9087511851525418,Low Risk
061018,2024,27,Casagiove,12983.0,6.3569,207.96426095663563,4.247353269675471,0,0.2219597398406609,Low Risk
061019,2024,32,Casal di Principe,21077.0,23.5127,151.82426341509702,1.3609666265465048,0,-0.5875731106419076,Low Risk
061022,2024,132,Caserta,72813.0,54.0685,181.28630876354498,2.441347549867298,0,-0.24999459243050792,Low Risk
061027,2024,74,Castel Volturno,26737.0,73.9413,276.7700190746905,1.0007938729776187,2,-0.14870139675925717,Medium Risk
061043,2024,22,Gricignano di Aversa,12589.0,9.9776,174.75573913734212,2.204939063502245,0,-0.3242058328703755,Low Risk
061046,2024,21,Lusciano,15579.0,4.5573,134.79684190256114,4.607991573958265,0,-0.004963467141082645,Low Risk
061047,2024,8,Macerata Campania,10026.0,7.633,79.79253939756633,1.0480807022140706,0,-0.9451504544797096,Low Risk
061048,2024,78,Maddaloni,37221.0,36.6723,209.55911985169664,2.1269459510311597,0,-0.19747281236708855,Low Risk
061049,2024,140,Marcianise,38740.0,30.236,361.38358286009293,4.63024209551528,2,0.9266031362154984,Medium Risk
061052,2024,115,Mondragone,28915.0,55.7257,397.7174476915096,2.0636797743231576,1,0.5596820065259316,High Risk
061053,2024,16,Orta di Atella,26950.0,10.8339,59.36920222634508,1.4768458265259972,0,-0.9425816001037319,Low Risk
061054,2024,7,Parete,11875.0,5.6084,58.94736842105263,1.2481278082875686,0,-0.9902535856545915,Low Risk
061057,2024,18,Piedimonte Matese,10373.0,41.4291,173.52742697387447,0.4344772152907015,0,-0.6848908051004918,Low Risk
061074,2024,8,San Cipriano d'Aversa,13196.0,6.1901,60.62443164595332,1.2923862296247233,0,-0.974500901225976,Low Risk
061075,2024,22,San Felice a Cancello,16884.0,27.179,130.3008765695333,0.8094484712461828,0,-0.7864294058660941,Low Risk
061077,2024,12,San Marcellino,14274.0,4.6099,84.06893652795293,2.6030933425887763,0,-0.61527452734602,Low Risk
061078,2024,27,San Nicola la Strada,22160.0,4.7271,121.84115523465704,5.711747159992385,0,0.16375530803760463,Low Risk
061081,2024,21,San Prisco,12043.0,7.7852,174.3751556921033,2.697425885012588,0,-0.2268298004789587,Low Risk
061082,2024,21,Santa Maria a Vico,14074.0,10.8351,149.2113116384823,1.9381454716615443,0,-0.4823176245892518,Low Risk
061083,2024,56,Santa Maria Capua Vetere,31968.0,15.9201,175.17517517517518,3.5175658444356506,0,-0.05880263905212024,Low Risk
061087,2024,17,Sant'Arpino,14869.0,3.2007,114.33183132692179,5.311338144780829,0,0.052594173031415226,Low Risk
061088,2024,22,Sessa Aurunca,20414.0,162.187,107.76917801508768,0.1356458902378119,0,-1.0139763924556005,Low Risk
061091,2024,18,Teano,11518.0,89.4301,156.27713144643167,0.20127451495637375,0,-0.802318621387252,Low Risk
061092,2024,28,Teverola,14338.0,6.6991,195.2852559631748,4.179665925273545,0,0.15648525826373932,Low Risk
061094,2024,19,Trentola Ducenta,19881.0,6.6551,95.56863336854283,2.85495334405193,0,-0.5176277489470897,Low Risk
061099,2024,30,Villa Literno,11989.0,61.8249,250.22937692885145,0.4852413833261356,2,-0.36086120895792756,Medium Risk
062008,2024,123,Benevento,57500.0,130.834,213.91304347826087,0.940122598101411,0,-0.4180734212311068,Low Risk
062043,2024,12,Montesarchio,13098.0,26.5073,91.61704076958314,0.4527054811316128,0,-1.0163715669939128,Low Risk
062070,2024,3,Sant'Agata de' Goti,10426.0,63.3786,28.77421830040284,0.04733458927776884,0,-1.3549306676949733,Low Risk
063001,2024,68,Acerra,58334.0,54.7117,116.5700963417561,1.2428785799015567,0,-0.7555403226025015,Low Risk
063002,2024,115,Afragola,61861.0,17.9106,185.90064822747772,6.420778756713902,0,0.5682933910014554,Low Risk
063005,2024,41,Arzano,32750.0,4.731,125.19083969465649,8.666243923060664,0,0.7709748972930656,Low Risk
063006,2024,55,Bacoli,25436.0,13.4675,216.22896681868218,4.083905698904771,0,0.22294124332928372,Low Risk
063008,2024,55,Boscoreale,26309.0,11.3981,209.05393591546618,4.825365631113958,0,0.34253224446678493,Low Risk
063010,2024,18,Brusciano,15715.0,5.6161,114.5402481705377,3.2050711347732412,0,-0.36967053581423387,Low Risk
063011,2024,65,Caivano,35908.0,27.2212,181.01815751364597,2.3878447680484327,0,-0.2618396602503449,Low Risk
063012,2024,5,Calvizzano,12204.0,3.9831,40.970173713536546,1.2553036579548593,0,-1.0623671183793446,Low Risk
063016,2024,21,Cardito,21598.0,3.1983,97.23122511343644,6.5659881812212735,0,0.23466612870795767,Low Risk
063017,2024,38,Casalnuovo di Napoli,47489.0,7.8354,80.01853060708795,4.849784312224009,0,-0.18052053966308523,Low Risk
063020,2024,11,Casandrino,13397.0,3.1823,82.10793461222661,3.456619426201175,0,-0.451837522252637,Low Risk
063023,2024,148,Casoria,74115.0,12.1384,199.68967145652027,12.192710736176101,0,1.784206817223967,Low Risk
063024,2024,116,Castellammare di Stabia,63694.0,17.8099,182.12076490721262,6.513231405005082,0,0.5714000630529636,Low Risk
063026,2024,16,Cercola,17076.0,4.229,93.69875849145,3.783400331047529,0,-0.3387674045069228,Low Risk
063027,2024,25,Cicciano,12334.0,7.3311,202.6917463920869,3.4101294485138656,0,0.03220113446466902,Low Risk
063030,2024,4,Crispano,11705.0,2.2191,34.17343015805211,1.8025325582443332,0,-0.9802464280388187,Low Risk
063031,2024,42,Forio,17410.0,13.0814,241.24066628374496,3.210665525096702,2,0.14985764745951274,Medium Risk
063032,2024,30,Frattamaggiore,28828.0,5.3882,104.06549188289164,5.567722059314798,0,0.06209235221102061,Low Risk
063033,2024,5,Frattaminore,15461.0,2.0417,32.33943470668133,2.4489396091492384,0,-0.8578968746259983,Low Risk
063034,2024,227,Giugliano in Campania,122364.0,94.6321,185.5120787159622,2.3987632103694203,0,-0.2412590900256451,Low Risk
063035,2024,60,Gragnano,28293.0,14.6424,212.06658890891742,4.097688903458449,0,0.20867939808434527,Low Risk
063036,2024,11,Grumo Nevano,17274.0,2.8769,63.679518351279384,3.823560082032744,0,-0.4535259066788621,Low Risk
063037,2024,30,Ischia,19602.0,8.1402,153.04560759106215,3.6854131348124124,0,-0.11562943638594037,Low Risk
063041,2024,51,Marano di Napoli,57700.0,15.6525,88.38821490467937,3.258265452803067,0,-0.4659876191586764,Low Risk
063043,2024,52,Marigliano,29182.0,22.5752,178.19203618669042,2.3034125943513235,0,-0.2903641074139569,Low Risk
063044,2024,45,Massa Lubrense,14022.0,19.8362,320.9242618741977,2.2685796674766334,2,0.28663818855595097,Medium Risk
063045,2024,21,Melito di Napoli,36216.0,3.7992,57.985420808482445,5.527479469361971,0,-0.13453188060029797,Low Risk
063047,2024,13,Monte di Procida,11952.0,3.7043,108.76840696117806,3.5094349809680643,0,-0.3321443279088523,Low Risk
063048,2024,41,Mugnano di Napoli,34388.0,5.2636,119.22763754798186,7.789345694961622,0,0.5704202978794749,Low Risk
063050,2024,73,Nola,33718.0,39.1853,216.50157186072718,1.8629435017723484,0,-0.2221013780613692,Low Risk
063051,2024,32,Ottaviano,22981.0,20.0227,139.24546364387973,1.5981860588232355,0,-0.5913863951286228,Low Risk
063052,2024,23,Palma Campania,16618.0,20.6708,138.40414008906006,1.112680689668518,0,-0.6923594834280811,Low Risk
063053,2024,75,Piano di Sorrento,12549.0,7.3354,597.6571838393497,10.224391307904137,1,3.017115165926115,High Risk
063055,2024,25,Poggiomarino,21955.0,13.2007,113.86927806877705,1.893838963085291,0,-0.63582274421312,Low Risk
063056,2024,12,Pollena Trocchia,12968.0,8.0156,92.53547193090685,1.4970806926493339,0,-0.8028144151295766,Low Risk
063057,2024,71,Pomigliano d'Arco,39673.0,11.7093,178.96302271065966,6.06355631848189,0,0.4681469390494628,Low Risk
063058,2024,106,Pompei,24233.0,12.4303,437.4200470432881,8.52754961666251,1,2.0206227336929445,High Risk
063060,2024,233,Pozzuoli,77090.0,43.4339,302.24413023738487,5.364473372181637,2,0.8321256427604032,Medium Risk
063061,2024,3,Procida,10183.0,4.2559,29.460866149464792,0.7049037806339435,0,-1.220025404703986,Low Risk
063062,2024,34,Qualiano,24804.0,7.4345,137.07466537655216,4.573273253076872,0,-0.002617970044703266,Low Risk
063063,2024,60,Quarto,40819.0,14.159,146.99037213062545,4.2375874002401295,0,-0.02948135982117528,Low Risk
063064,2024,79,Ercolano,50617.0,19.8936,156.07404626904005,3.9711263924076086,0,-0.04584284060053179,Low Risk
063066,2024,10,San Gennaro Vesuviano,12183.0,7.0144,82.08158909956497,1.4256386861313868,0,-0.8599388962235585,Low Risk
063067,2024,42,San Giorgio a Cremano,43230.0,4.1538,97.15475364330327,10.111223458038422,0,0.946537851770833,Low Risk
063068,2024,31,San Giuseppe Vesuviano,30147.0,14.1713,102.82946893554914,2.1875198464502197,0,-0.6219968730033614,Low Risk
063072,2024,52,Sant'Anastasia,26411.0,18.7405,196.88766044451177,2.7747392011952723,0,-0.11918709666682048,Low Risk
063073,2024,19,Sant'Antimo,32446.0,5.9133,58.55883622018122,3.213095902457173,0,-0.5971106660673696,Low Risk
063074,2024,40,Sant'Antonio Abate,19247.0,7.9318,207.82459604094146,5.042991502559318,0,0.38122008190269585,Low Risk
063076,2024,25,Saviano,15949.0,13.8775,156.7496394758292,1.8014772113132769,0,-0.4789285898380138,Low Risk
063079,2024,47,Somma Vesuviana,33881.0,30.6664,138.7208169770668,1.5326220228001983,0,-0.6067038584979694,Low Risk
063080,2024,54,Sorrento,15809.0,9.9556,341.57758238977794,5.424082928201213,2,1.0050361065213722,Medium Risk
063082,2024,23,Terzigno,17482.0,23.4648,131.56389429127103,0.9801916061504893,0,-0.7469619374482663,Low Risk
063083,2024,67,Torre Annunziata,40674.0,7.508,164.7243939617446,8.923814597762387,0,0.9844715146344523,Low Risk
063084,2024,148,Torre del Greco,81655.0,30.6611,181.25038270773376,4.826963155268402,0,0.2290928199547514,Low Risk
063086,2024,52,Vico Equense,20322.0,29.3794,255.88032673949414,1.769947650394494,2,-0.07966169303278096,Medium Risk
063087,2024,20,Villaricca,30710.0,6.8729,65.12536633018561,2.9099797756405597,0,-0.6311346960484947,Low Risk
063089,2024,18,Volla,24905.0,6.2063,72.27464364585425,2.9002787490130997,0,-0.6038316773845076,Low Risk
063090,2024,21,Santa Maria la Carità,11685.0,3.9788,179.7175866495507,5.277973258268824,0,0.3134224363274208,Low Risk
064005,2024,56,Ariano Irpino,21422.0,186.7365,261.4135001400429,0.29988780982828744,2,-0.35233527583632734,Medium Risk
064006,2024,17,Atripalda,10570.0,8.5931,160.8325449385052,1.9783314519789135,0,-0.4266957076925487,Low Risk
064008,2024,133,Avellino,52819.0,30.55,251.80332834775365,4.353518821603928,2,0.4226576710483562,Medium Risk
064049,2024,26,Mercogliano,11653.0,19.9169,223.11851025487002,1.3054240368732082,0,-0.3070249749731191,Low Risk
064054,2024,15,Monteforte Irpino,11303.0,26.9575,132.7081305848005,0.5564314198275063,0,-0.827407275827992,Low Risk
064101,2024,19,Solofra,12124.0,22.2135,156.71395579016826,0.8553357192698134,0,-0.6691402321844153,Low Risk
064121,2024,33,Montoro,19305.0,40.1409,170.94017094017093,0.8221041381732845,0,-0.6176083221129915,Low Risk
065002,2024,61,Agropoli,21214.0,32.7665,287.5459602149524,1.8616574855416355,2,0.06832377480760629,Medium Risk
065007,2024,52,Angri,33889.0,13.7655,153.44211986190209,3.7775598416330682,0,-0.0954961846019119,Low Risk
065013,2024,43,Baronissi,16912.0,17.9298,254.25733207190163,2.3982420328168748,2,0.039912622536199927,Medium Risk
065014,2024,148,Battipaglia,49805.0,56.8494,297.15891978716996,2.603369604604446,2,0.2566547706761392,Medium Risk
065022,2024,31,Campagna,16423.0,136.3035,188.75966632162212,0.2274336315648534,0,-0.6641588961404693,Low Risk
065025,2024,136,Capaccio Paestum,22276.0,113.0263,610.5225354641767,1.203259772283088,1,1.2575446584343113,High Risk
065034,2024,21,Castel San Giorgio,13606.0,13.5851,154.3436719094517,1.5458112196450522,0,-0.5401322527252836,Low Risk
065037,2024,74,Cava de' Tirreni,51257.0,36.5311,144.37052500146322,2.025671277349984,0,-0.4845414475957044,Low Risk
065050,2024,165,Eboli,37908.0,137.5727,435.264324153213,1.1993658625584873,1,0.5396801886781976,High Risk
065052,2024,26,Fisciano,13756.0,31.6874,189.00843268391975,0.8205154099105638,0,-0.543999812794072,Low Risk
065056,2024,17,Giffoni Valle Piana,11560.0,88.6125,147.05882352941177,0.19184652278177458,0,-0.8419299684860084,Low Risk
065067,2024,60,Mercato San Severino,21740.0,30.3331,275.9889604415824,1.9780371936926986,2,0.04441637360530815,Medium Risk
065072,2024,28,Montecorvino Pugliano,10937.0,28.8816,256.0117033921551,0.9694753753254668,2,-0.23992703374670818,Medium Risk
065073,2024,13,Montecorvino Rovella,12279.0,42.1614,105.87181366560795,0.30833890715203954,0,-0.987048164517711,Low Risk
065078,2024,102,Nocera Inferiore,44377.0,20.9447,229.84879554724296,4.869967103849661,2,0.4365757543264891,Medium Risk
065079,2024,47,Nocera Superiore,23917.0,14.6625,196.5129405861939,3.205456095481671,0,-0.03419572520170866,Low Risk
065088,2024,60,Pagani,34474.0,11.9763,174.04420722863608,5.009894541719897,0,0.23635638011816756,Low Risk
065090,2024,17,Pellezzano,10959.0,14.0374,155.12364266812665,1.2110504794335133,0,-0.604189356805345,Low Risk
065099,2024,89,Pontecagnano Faiano,25797.0,37.1891,345.0013567469086,2.393174344095447,2,0.41018064771382534,Medium Risk
065114,2024,48,Sala Consilina,11900.0,59.6928,403.3613445378151,0.8041170794467675,1,0.32974717757910943,High Risk
065116,2024,543,Salerno,129206.0,59.8517,420.2591210934477,9.072424008006456,1,2.059864601472993,High Risk
065122,2024,17,San Marzano sul Sarno,10357.0,5.1894,164.14019503717293,3.2759085828804873,0,-0.15249841640182935,Low Risk
065132,2024,18,San Valentino Torio,10893.0,9.1563,165.24373450839988,1.9658595720978997,0,-0.41115240523533314,Low Risk
065135,2024,53,Sarno,30590.0,40.0006,173.25923504413208,1.3249801252981206,0,-0.5070994497610033,Low Risk
065137,2024,110,Scafati,48612.0,19.8723,226.2815765654571,5.5353431661156485,0,0.5556442824013148,Low Risk
065158,2024,33,Bellizzi,13366.0,8.022,246.89510698787967,4.113687359760658,2,0.35439676692874333,Medium Risk
066006,2024,104,Avezzano,41283.0,104.0845,251.919676380108,0.9991881596203085,2,-0.2507010192358975,Medium Risk
066032,2024,18,Celano,10431.0,82.7991,172.5625539257981,0.2173936673224709,0,-0.7324474861940642,Low Risk
066049,2024,206,L'Aquila,69349.0,473.9064,297.0482631328498,0.43468499264833727,2,-0.17945421192320105,Medium Risk
066098,2024,62,Sulmona,22643.0,57.9278,273.81530715894536,1.0702978535349177,2,-0.14682851669479674,Medium Risk
067001,2024,52,Alba Adriatica,12631.0,9.5964,411.6855355870477,5.418698678671169,1,1.2908064904179672,High Risk
067004,2024,20,Atri,10179.0,92.1814,196.48295510364477,0.21696350890743688,0,-0.6346617659602672,Low Risk
067025,2024,102,Giulianova,23464.0,28.0024,434.70848960109106,3.642544924720738,1,1.028203991474295,High Risk
067035,2024,47,Pineto,14582.0,38.1092,322.3151831024551,1.2332979962843618,2,0.08435668275976865,Medium Risk
067037,2024,59,Roseto degli Abruzzi,25429.0,53.2664,232.0185614849188,1.1076400883108302,2,-0.31034157128286105,Medium Risk
067040,2024,48,Silvi,15251.0,20.6259,314.733460100977,2.3271711779849604,2,0.27307821032275353,Medium Risk
067041,2024,143,Teramo,52476.0,152.8396,272.5055263358488,0.935621396549062,2,-0.17924206505203383,Medium Risk
067044,2024,44,Tortoreto,11810.0,22.9731,372.5656223539374,1.9152835272557907,2,0.42696082765935917,Medium Risk
067047,2024,73,Martinsicuro,16198.0,14.6579,450.67292258303496,4.980249558258687,1,1.3622484819013931,High Risk
068011,2024,34,Cepagatti,10920.0,30.8178,311.35531135531136,1.1032585064475726,2,0.0133905538831664,Medium Risk
068012,2024,59,Città Sant'Angelo,14799.0,62.0216,398.675586188256,0.9512814890296284,1,0.34013816588425366,High Risk
068024,2024,198,Montesilvano,53344.0,23.5815,371.1757648470306,8.396412441956619,2,1.7232357450396405,Medium Risk
068027,2024,22,Penne,11470.0,91.1943,191.8047079337402,0.24124314787218062,0,-0.6489257530477275,Low Risk
068041,2024,70,Spoltore,18996.0,37.0138,368.4986312907981,1.891186530429191,2,0.4054797004167094,Medium Risk
069005,2024,28,Atessa,10443.0,110.9761,268.1221871109834,0.25230657772259074,2,-0.3344445312544947,Medium Risk
069022,2024,146,Chieti,49139.0,59.5668,297.1163434339323,2.4510297682601716,2,0.22587777727830988,Medium Risk
069035,2024,84,Francavilla al Mare,25677.0,23.1125,327.1410211473303,3.6343969713358573,2,0.5864467478970745,Medium Risk
069046,2024,98,Lanciano,34410.0,66.9494,284.80092996222027,1.4637920578825203,2,-0.022832923367011357,Medium Risk
069058,2024,74,Ortona,22287.0,70.8737,332.03212635168484,1.0441108619981743,2,0.08610943309179592,Medium Risk
069081,2024,31,San Giovanni Teatino,14174.0,17.7311,218.71031466064625,1.7483404864898398,0,-0.23608616713311958,Low Risk
069083,2024,56,San Salvo,19445.0,19.6996,287.9917716636668,2.8426973136510387,2,0.26722403842021436,Medium Risk
069099,2024,123,Vasto,40553.0,71.3449,303.3067837151382,1.7240195164615832,2,0.10516097320441638,Medium Risk
070006,2024,107,Campobasso,47535.0,56.1117,225.0972967287262,1.9069106799473194,0,-0.1780989720414703,Low Risk
070078,2024,93,Termoli,32560.0,55.6345,285.62653562653566,1.6716246214129722,2,0.022295550611382678,Medium Risk
071004,2024,20,Apricena,12681.0,172.5024,157.71626843308889,0.11594041590145993,0,-0.81357262448786,Low Risk
071020,2024,177,Cerignola,57223.0,593.9196,309.31618405186725,0.2980201360588201,2,-0.15671300520170137,Medium Risk
071024,2024,515,Foggia,147467.0,509.2545,349.23067533753317,1.011282178164356,2,0.14988380812924898,Medium Risk
071028,2024,66,Lucera,31765.0,339.787,207.77585392727846,0.19423933228758017,0,-0.5930209617239552,Low Risk
071029,2024,131,Manfredonia,54643.0,354.5377,239.73793532565927,0.36949526101173447,2,-0.4270393972036054,Medium Risk
071033,2024,13,Monte Sant'Angelo,11654.0,245.1273,111.54968251244208,0.053033668628504456,0,-1.0151037287353812,Low Risk
071036,2024,27,Orta Nova,16964.0,105.2381,159.16057533600568,0.2565610743637523,0,-0.7794145515364299,Low Risk
071046,2024,32,San Giovanni Rotondo,26344.0,261.8788,121.46978439113272,0.12219393093293539,0,-0.9606216210270015,Low Risk
071047,2024,10,San Marco in Lamis,12901.0,234.1973,77.51337105650725,0.0426990405098607,0,-1.1564419460359712,Low Risk
071049,2024,18,San Nicandro Garganico,14132.0,173.3574,127.37050665157089,0.10383173720879524,0,-0.9401670585179511,Low Risk
071051,2024,164,San Severo,50284.0,336.3046,326.14748230053294,0.4876531572865789,2,-0.049752043279989555,Medium Risk
071056,2024,24,Torremaggiore,16690.0,210.0084,143.7986818454164,0.11428114303999269,0,-0.8708508068545173,Low Risk
071060,2024,32,Vieste,13461.0,169.1885,237.72379466607237,0.1891381506426264,2,-0.4715114455191255,Medium Risk
072001,2024,28,Acquaviva delle Fonti,20184.0,132.0242,138.72374157748712,0.212082330360646,0,-0.8719685170646545,Low Risk
072002,2024,32,Adelfia,16547.0,29.8139,193.38852964283555,1.0733248585391377,0,-0.4752926866885657,Low Risk
072003,2024,16,Alberobello,10373.0,40.8232,154.2466017545551,0.3919339983146838,0,-0.7723260558010663,Low Risk
072004,2024,176,Altamura,69911.0,431.37,251.74865185736152,0.4080024109233373,2,-0.3701611320309184,Medium Risk
072010,2024,16,Bitetto,11767.0,33.9452,135.97348517039177,0.47134793726358953,0,-0.8311388262506665,Low Risk
072011,2024,137,Bitonto,53457.0,174.3365,256.2807490132256,0.7858365861423168,2,-0.2757164925880987,Medium Risk
072012,2024,32,Bitritto,11197.0,17.9815,285.7908368312941,1.7796068181186218,2,0.044659805725694876,Medium Risk
072014,2024,49,Capurso,15357.0,15.1052,319.0727355603308,3.2439160024362472,2,0.4749929745056438,Medium Risk
072015,2024,53,Casamassima,19537.0,78.4318,271.28013512821826,0.6757463171825714,2,-0.23646085298723085,Medium Risk
072016,2024,26,Cassano delle Murge,14805.0,90.1974,175.61634582911176,0.2882566459787089,0,-0.7057173554635838,Low Risk
072017,2024,62,Castellana Grotte,19323.0,69.1282,320.8611499249599,0.8968843395314791,2,0.010826936271623261,Medium Risk
072019,2024,82,Conversano,25801.0,128.4204,317.8171388705864,0.6385278351414573,2,-0.053527813523571305,Medium Risk
072020,2024,98,Corato,47316.0,169.3426,207.1180995857638,0.5787084880000661,0,-0.5184781245447153,Low Risk
072021,2024,51,Gioia del Colle,26963.0,208.9351,189.1480918295442,0.24409493665736393,0,-0.659222617381273,Low Risk
072022,2024,64,Giovinazzo,19537.0,44.2824,327.5835594001126,1.445269452423536,2,0.14849453064843154,Medium Risk
072023,2024,62,Gravina in Puglia,42895.0,384.7214,144.53899055834012,0.16115557907618344,0,-0.8584054063102737,Low Risk
072024,2024,18,Grumo Appula,12298.0,81.3018,146.3652626443324,0.22139731223662945,0,-0.8388314148281732,Low Risk
072025,2024,42,Locorotondo,14066.0,48.1791,298.59235034835774,0.8717472929133172,2,-0.08533719910674928,Medium Risk
072027,2024,109,Modugno,37002.0,32.2364,294.5786714231663,3.38127086151059,2,0.4023661882289737,Medium Risk
072028,2024,51,Mola di Bari,24678.0,50.9399,206.66180403598344,1.0011798217114678,0,-0.4354769356881977,Low Risk
072029,2024,179,Molfetta,57891.0,58.9733,309.2017757509803,3.0352718942301005,2,0.39269172199460095,Medium Risk
072030,2024,193,Monopoli,48007.0,157.8253,402.02470473056013,1.2228711112857065,1,0.40839962103771843,High Risk
072031,2024,36,Noci,18541.0,150.5967,194.16428455854592,0.23904906282806995,0,-0.6397121254148193,Low Risk
072032,2024,70,Noicattaro,26042.0,40.7925,268.7965594040396,1.716001716001716,2,-0.037650878487073575,Medium Risk
072033,2024,39,Palo del Colle,20774.0,79.7126,187.73466833541926,0.4892576581368567,0,-0.6157562317132854,Low Risk
072035,2024,46,Polignano a Mare,17653.0,63.0865,260.5789384240639,0.7291575852202927,2,-0.26951608663847443,Medium Risk
072036,2024,74,Putignano,26143.0,100.1539,283.05856252151625,0.7388628900122711,2,-0.17558935232808656,Medium Risk
072037,2024,41,Rutigliano,18374.0,53.8522,223.14139545009252,0.7613430834766267,0,-0.416229044361365,Low Risk
072038,2024,53,Ruvo di Puglia,24611.0,223.8254,215.3508593718256,0.23679171354100115,0,-0.553479118000214,Low Risk
072041,2024,34,Santeramo in Colle,25827.0,144.8521,131.6451775273938,0.23472217523943387,0,-0.8963829924588982,Low Risk
072043,2024,28,Terlizzi,26245.0,69.2294,106.68698799771384,0.40445244361499594,0,-0.9644050486112556,Low Risk
072046,2024,66,Triggiano,26321.0,20.1386,250.75035143041677,3.2772883914472706,2,0.20215077923028757,Medium Risk
072047,2024,44,Turi,12919.0,71.3998,340.58363650437343,0.6162482247849433,2,0.03514739569232561,Medium Risk
072048,2024,26,Valenzano,17460.0,15.9786,148.91179839633446,1.6271763483659394,0,-0.5460121400739535,Low Risk
073003,2024,37,Castellaneta,16488.0,242.3148,224.40562833575933,0.1526939336763582,0,-0.5333248282412569,Low Risk
073004,2024,12,Crispiano,13271.0,112.3004,90.42272624519629,0.10685625340604309,0,-1.0907341196844764,Low Risk
073007,2024,34,Ginosa,21926.0,188.503,155.06704369241996,0.1803684821992223,0,-0.8114694955852519,Low Risk
073008,2024,85,Grottaglie,30993.0,102.1219,274.2554770432033,0.8323386070960294,2,-0.19282997306893762,Medium Risk
073009,2024,43,Laterza,14944.0,161.1716,287.74089935760173,0.2667963834819534,2,-0.25126229989434734,Medium Risk
073012,2024,105,Manduria,30147.0,180.4069,348.2933625236342,0.5820176501009662,2,0.05981591424030486,Medium Risk
073013,2024,113,Martina Franca,47380.0,298.7194,238.49725622625581,0.37828142397179426,2,-0.43035072127586405,Medium Risk
073015,2024,64,Massafra,32168.0,127.9935,198.9554837105198,0.5000253919144332,0,-0.5676823397244115,Low Risk
073019,2024,19,Mottola,15545.0,213.9603,122.22579607590865,0.08880152065593477,0,-0.9642363765333593,Low Risk
073021,2024,39,Palagiano,15776.0,69.9641,247.21095334685597,0.5574287384530066,2,-0.35870996028197605,Medium Risk
073022,2024,22,Pulsano,11201.0,18.269,196.41103472904206,1.2042257375882643,0,-0.43662985432440304,Low Risk
073024,2024,27,San Giorgio Ionico,14414.0,23.5598,187.31788538920495,1.1460199152794166,0,-0.4855278403548887,Low Risk
073026,2024,59,Sava,15463.0,44.5686,381.5559723210244,1.3238019592268995,2,0.3449257465965446,Medium Risk
073027,2024,868,Taranto,190717.0,249.8582,455.12460871343404,3.473970436031317,1,1.077874001410183,High Risk
073029,2024,25,Statte,13191.0,67.32,189.523159730119,0.3713606654783126,0,-0.6321222218966599,Low Risk
074001,2024,351,Brindisi,83690.0,333.0135,419.40494682757793,1.0540113238652487,1,0.4455907980592201,High Risk
074002,2024,55,Carovigno,16761.0,106.6192,328.1427122486725,0.5158545552770982,2,-0.035923170852956376,Medium Risk
074003,2024,47,Ceglie Messapica,18991.0,132.0201,247.48565109788848,0.3560063959957612,2,-0.3980487422219547,Medium Risk
074005,2024,19,Cisternino,11252.0,54.1688,168.858869534305,0.3507554164020617,0,-0.7208110154752762,Low Risk
074007,2024,98,Fasano,38890.0,131.7854,251.9928002057084,0.743633209748576,2,-0.3017389853505088,Medium Risk
074008,2024,109,Francavilla Fontana,35324.0,177.9378,308.57207564262256,0.6125736071818354,2,-0.0965685049871379,Medium Risk
074009,2024,31,Latiano,13767.0,55.382,225.17614585603252,0.5597486547975877,0,-0.44840100713896813,Low Risk
074010,2024,59,Mesagne,25964.0,124.0505,227.2377137575104,0.4756127544830533,0,-0.45686758686090245,Low Risk
074011,2024,29,Oria,14630.0,83.6667,198.22282980177718,0.34661340772374194,0,-0.6014982161186407,Low Risk
074012,2024,89,Ostuni,30276.0,225.5577,293.9622142951513,0.3945775293860506,2,-0.20013800243117216,Medium Risk
074016,2024,20,San Pietro Vernotico,13114.0,46.9393,152.50876925423213,0.426082195516337,0,-0.7725766682411183,Low Risk
074017,2024,32,San Vito dei Normanni,18439.0,67.079,173.5452031021205,0.47704944915696423,0,-0.6762659492459168,Low Risk
074019,2024,24,Torre Santa Susanna,10206.0,55.7645,235.15579071134627,0.430381335796071,2,-0.43355648930812896,Medium Risk
075014,2024,18,Carmiano,11733.0,24.2405,153.4134492457172,0.7425589406159113,0,-0.7052996685375768,Low Risk
075016,2024,31,Casarano,19404.0,38.7274,159.76087404658836,0.8004668529258354,0,-0.6676958680094938,Low Risk
075020,2024,29,Cavallino,12766.0,22.6543,227.16590944696853,1.2801101777587478,0,-0.29554990947459325,Low Risk
075022,2024,44,Copertino,23227.0,58.5317,189.43470960520082,0.7517294047499048,0,-0.5560737455926441,Low Risk
075029,2024,61,Galatina,25944.0,82.6466,235.12180080172678,0.7380823893541899,2,-0.3718830334315599,Medium Risk
075030,2024,26,Galatone,15015.0,47.0682,173.16017316017317,0.5523899363051912,0,-0.6627065541511554,Low Risk
075031,2024,80,Gallipoli,19679.0,41.2188,406.52472178464353,1.9408619367861266,1,0.5710453732414607,High Risk
075035,2024,509,Lecce,95037.0,238.8158,535.5808790260636,2.131349768315162,1,1.1373545616799432,High Risk
075037,2024,21,Leverano,13748.0,49.503,152.74949083503054,0.42421671413853707,0,-0.7719664849053027,Low Risk
075038,2024,13,Lizzanello,11889.0,25.4162,109.34477247876188,0.5114848010324125,0,-0.9320293263435817,Low Risk
075039,2024,31,Maglie,13752.0,22.6639,225.42175683536942,1.3678140125927134,0,-0.2850678565108835,Low Risk
075042,2024,18,Matino,11037.0,26.6286,163.08779559662952,0.6759649399517812,0,-0.679094084187323,Low Risk
075048,2024,24,Monteroni di Lecce,13452.0,16.7428,178.4121320249777,1.4334519913037247,0,-0.46422561008477303,Low Risk
075052,2024,135,Nardò,30775.0,193.2643,438.6677497969131,0.6985252837694287,1,0.45299419943773417,High Risk
075063,2024,18,Racale,10634.0,24.2878,169.26838442730863,0.7411128220752806,0,-0.6407185042801058,Low Risk
075079,2024,28,Squinzano,13477.0,31.3741,207.7613712250501,0.8924558792124715,0,-0.4528189831809105,Low Risk
075083,2024,38,Surbo,14725.0,20.7829,258.06451612903226,1.828426254276352,2,-0.058977442039365585,Medium Risk
075084,2024,17,Taurisano,11328.0,23.6797,150.07062146892656,0.7179145006060043,0,-0.7239277999898422,Low Risk
075085,2024,31,Taviano,11531.0,22.1311,268.84051686757437,1.4007437497458328,2,-0.10080162181901511,Medium Risk
075087,2024,25,Trepuzzi,14100.0,23.9139,177.3049645390071,1.0454171005147632,0,-0.5467060612707293,Low Risk
075088,2024,34,Tricase,17129.0,43.3296,198.4937824741666,0.7846829880728186,0,-0.5123879822174894,Low Risk
075090,2024,40,Ugento,12006.0,100.396,333.16674995835416,0.39842224789832265,2,-0.03895732999593765,Medium Risk
075092,2024,30,Veglie,13458.0,62.3085,222.9157378510923,0.48147524013577603,0,-0.473373593061946,Low Risk
076007,2024,7,Avigliano,10796.0,85.4804,64.83882919599853,0.08189011750062002,0,-1.2004278939828958,Low Risk
076042,2024,27,Lauria,12166.0,176.6271,221.92996876541181,0.1528644245418738,0,-0.5434199277652092,Low Risk
076043,2024,11,Lavello,13139.0,134.6546,83.72022223913541,0.08169048810809286,0,-1.1232133472486752,Low Risk
076048,2024,34,Melfi,17196.0,206.206,197.7204000930449,0.1648836600292911,0,-0.6400607268740298,Low Risk
076063,2024,194,Potenza,65420.0,175.4318,296.5453989605625,1.1058428403516352,2,-0.04668617011476586,Medium Risk
076066,2024,24,Rionero in Vulture,12652.0,53.5181,189.69332911792603,0.4484464134563821,0,-0.6159405899726889,Low Risk
076095,2024,14,Venosa,11093.0,170.3885,126.20571531596501,0.08216516959771346,0,-0.9492853790394449,Low Risk
077003,2024,21,Bernalda,12050.0,126.1966,174.27385892116183,0.16640701888957388,0,-0.7356880054353523,Low Risk
077014,2024,184,Matera,59794.0,392.081,307.723182928053,0.46929078430222326,2,-0.12882518462019096,Medium Risk
077020,2024,42,Pisticci,16889.0,233.6684,248.682574456747,0.17974189064503374,2,-0.4285603359865724,Medium Risk
077021,2024,57,Policoro,17762.0,67.6564,320.90980745411554,0.8424923584465032,2,9.948875881254926e-05,Medium Risk
078003,2024,14,Acri,19380.0,200.6273,72.23942208462333,0.06978113148110951,0,-1.1725803215614867,Low Risk
078010,2024,19,Amantea,13770.0,29.456,137.98111837327525,0.6450298750678979,0,-0.7880343457715072,Low Risk
078029,2024,29,Cassano all'Ionio,16645.0,159.0676,174.22649444277562,0.1823124256605368,0,-0.7326866430413124,Low Risk
078033,2024,45,Castrovillari,21088.0,130.6354,213.391502276176,0.34447018189556583,0,-0.5398649860917166,Low Risk
078045,2024,159,Cosenza,64070.0,37.8605,248.16606836272825,4.199627580195719,2,0.37686110337449624,Medium Risk
078081,2024,23,Montalto Uffugo,20011.0,76.6698,114.9367847683774,0.2999877396315107,0,-0.9516357732168781,Low Risk
078091,2024,31,Paola,14928.0,42.8807,207.66345123258307,0.7229359595342427,0,-0.48727364042252613,Low Risk
078102,2024,127,Rende,35725.0,55.2809,355.4933519944017,2.297357676882974,2,0.4338613088731542,Medium Risk
078119,2024,6,San Giovanni in Fiore,16222.0,282.5284,36.98680803846628,0.02123680309660905,0,-1.3265708888941625,Low Risk
078138,2024,33,Scalea,11017.0,22.5554,299.5370790596351,1.4630642772905824,2,0.03731494623901599,Medium Risk
078157,2024,127,Corigliano-Rossano,74129.0,346.5524,171.32296402217756,0.36646694698983473,0,-0.7075727753779704,Low Risk
079023,2024,201,Catanzaro,86183.0,112.7223,233.2246498729448,1.7831431757513818,2,-0.1697083271632901,Medium Risk
079160,2024,162,Lamezia Terme,67569.0,162.4255,239.75491719575547,0.9973803374470142,2,-0.30083721689181364,Medium Risk
080038,2024,25,Gioia Tauro,19133.0,39.8668,130.66429728740917,0.6270882037183823,0,-0.8215758860219344,Low Risk
080043,2024,31,Locri,11925.0,25.7538,259.958071278826,1.2037058608826658,2,-0.1767267780997749,Medium Risk
080050,2024,16,Melito di Porto Salvo,10650.0,35.4083,150.23474178403757,0.4518714538681609,0,-0.7767003484854511,Low Risk
080057,2024,39,Palmi,17842.0,32.121,218.585360385607,1.2141589614271038,0,-0.34390648618208525,Low Risk
080063,2024,393,Reggio di Calabria,173026.0,239.0361,227.13349438812665,1.6441031291926198,0,-0.22256181170225456,Low Risk
080069,2024,22,Rosarno,14561.0,39.5572,151.08852413982555,0.5561566541615686,0,-0.752257700184539,Low Risk
080088,2024,46,Siderno,17493.0,31.8595,262.96232778825816,1.4438393571776078,2,-0.11619541613621129,Medium Risk
080093,2024,20,Taurianova,14884.0,48.5444,134.37248051599033,0.4119939684083025,0,-0.849612780441474,Low Risk
080096,2024,46,Villa San Giovanni,12931.0,12.1747,355.7342819580852,3.7783271867068593,2,0.7323516617720691,Medium Risk
081001,2024,112,Alcamo,44741.0,130.8932,250.3296752419481,0.8556594231021932,2,-0.2860394004617621,Medium Risk
081004,2024,18,Campobello di Mazara,11411.0,65.8321,157.74252913855054,0.27342284387099913,0,-0.7818293182458602,Low Risk
081005,2024,33,Castellammare del Golfo,14529.0,127.3202,227.13194301053068,0.2591890367749972,0,-0.5007766358343927,Low Risk
081006,2024,59,Castelvetrano,29855.0,209.7569,197.6218388879585,0.28127799371558215,0,-0.6170821210202388,Low Risk
081008,2024,33,Erice,26490.0,47.3374,124.5753114382786,0.6971232049077474,0,-0.8324204509918435,Low Risk
081011,2024,179,Marsala,80661.0,243.2581,221.91641561597302,0.7358439451759262,0,-0.4263635366700051,Low Risk
081012,2024,92,Mazara del Vallo,50334.0,274.7416,182.77903603925776,0.3348601012733419,0,-0.6670487307054522,Low Risk
081013,2024,23,Paceco,10903.0,58.0074,210.9511143721911,0.39650113606195075,0,-0.5393977794111848,Low Risk
081015,2024,8,Partanna,10021.0,82.7263,79.83235206067259,0.09670443377740816,0,-1.1361047858888793,Low Risk
081018,2024,12,Salemi,10114.0,182.421,118.64741941862765,0.06578190011018469,0,-0.9835018721965696,Low Risk
081021,2024,170,Trapani,65378.0,273.1336,260.0263085441586,0.6224060313341163,2,-0.2932220002395146,Medium Risk
081022,2024,12,Valderice,11587.0,52.9625,103.5643393458186,0.22657540712768467,0,-1.012914431652615,Low Risk
082006,2024,108,Bagheria,53025.0,29.8358,203.67751060820365,3.6198124400887526,0,0.07835663253441039,Low Risk
082009,2024,5,Belmonte Mezzagno,10905.0,29.2934,45.850527281063734,0.17068691241030404,0,-1.2602820242840038,Low Risk
082020,2024,18,Capaci,11283.0,6.1204,159.53203935123636,2.940984249395464,0,-0.23863431124078133,Low Risk
082021,2024,88,Carini,38405.0,76.594,229.1368311417784,1.1489150586207797,2,-0.31384086649709697,Medium Risk
082023,2024,10,Casteldaccia,11586.0,33.9185,86.31106507854307,0.29482435838849,0,-1.069797318667927,Low Risk
082027,2024,36,Cefalù,13877.0,66.2409,259.4220652878864,0.543470876754392,2,-0.3115511963205798,Medium Risk
082031,2024,38,Cinisi,11827.0,33.1617,321.2987232603365,1.1459002403374976,2,0.06264086157451204,Medium Risk
082034,2024,14,Corleone,10580.0,229.4546,132.32514177693764,0.061014248570305414,0,-0.9284961852368305,Low Risk
082035,2024,20,Ficarazzi,12768.0,3.5295,156.64160401002505,5.666525003541578,0,0.2970595260059456,Low Risk
082048,2024,53,Misilmeri,28589.0,69.4886,185.38598761761517,0.7627150352719726,0,-0.5704325497039736,Low Risk
082049,2024,50,Monreale,38226.0,530.1798,130.80102548003975,0.09430762922314279,0,-0.9280440814765571,Low Risk
082053,2024,1987,Palermo,637885.0,160.5878,311.4981540559819,12.373293612590746,2,2.277956081942514,Medium Risk
082054,2024,56,Partinico,30621.0,108.0579,182.88102935893667,0.518240683929634,0,-0.6297930077637243,Low Risk
082067,2024,10,Santa Flavia,10879.0,14.5987,91.92021325489476,0.6849924993321324,0,-0.9684681346376511,Low Risk
082070,2024,70,Termini Imerese,25173.0,76.6885,278.07571604496883,0.9127835333850577,2,-0.16103899638859748,Medium Risk
082071,2024,19,Terrasini,12483.0,19.8463,152.20700152207002,0.9573572907796416,0,-0.6670861727642513,Low Risk
082073,2024,14,Trabia,10279.0,22.0772,136.20001945714563,0.6341383871143079,0,-0.7975097834761432,Low Risk
082079,2024,29,Villabate,19568.0,3.7977,148.20114472608338,7.636200858414304,0,0.6582030948015472,Low Risk
083005,2024,88,Barcellona Pozzo di Gotto,39945.0,59.1418,220.30291651020153,1.487949301509254,0,-0.28187860098340156,Low Risk
083009,2024,42,Capo d'Orlando,13034.0,14.4275,322.234156820623,2.9111072604401316,2,0.4210718826445266,Medium Risk
083041,2024,14,Lipari,12266.0,89.7135,114.13663786075331,0.15605232211428605,0,-0.9838241021679719,Low Risk
083048,2024,768,Messina,222329.0,213.7621,345.43401895389263,3.592779075430116,2,0.6529335222284945,Medium Risk
083049,2024,97,Milazzo,30421.0,24.7022,318.8586831465106,3.92677575276696,2,0.6112934482781052,Medium Risk
083066,2024,28,Patti,12788.0,50.0766,218.95527056615578,0.5591433923229613,0,-0.47397577757221465,Low Risk
083084,2024,21,Sant'Agata di Militello,11989.0,33.9764,175.160563850196,0.6180760763353387,0,-0.6413264435070695,Low Risk
083097,2024,50,Taormina,10492.0,13.1331,476.5535646206634,3.807174239136228,1,1.23248784522516,High Risk
084001,2024,160,Agrigento,55872.0,245.3165,286.368843069874,0.6522186644599935,2,-0.17945061463789455,Medium Risk
084011,2024,38,Canicattì,34446.0,91.8595,110.31759856006502,0.41367523228408604,0,-0.9476974106326137,Low Risk
084017,2024,22,Favara,31821.0,81.875,69.13673360359512,0.2687022900763359,0,-1.145314928157953,Low Risk
084021,2024,60,Licata,34671.0,179.9535,173.0552911655274,0.33341946669556305,0,-0.7071235709996551,Low Risk
084023,2024,22,Menfi,11812.0,113.578,186.251269895022,0.19369948405501064,0,-0.6811988744932926,Low Risk
084027,2024,28,Palma di Montechiaro,21437.0,77.0626,130.61529131874795,0.3633409721447239,0,-0.874759262000627,Low Risk
084028,2024,36,Porto Empedocle,15622.0,25.2257,230.44424529509666,1.4271159967810605,2,-0.25260508520487535,Medium Risk
084030,2024,5,Raffadali,12260.0,22.2987,40.78303425774878,0.2242283182427675,0,-1.2702603900239264,Low Risk
084031,2024,5,Ravanusa,10574.0,49.5006,47.28579534707774,0.10100887666008089,0,-1.2684067889865562,Low Risk
084033,2024,29,Ribera,18058.0,118.521,160.59364270683355,0.24468237696273235,0,-0.7759373000859859,Low Risk
084041,2024,69,Sciacca,39250.0,191.6678,175.79617834394907,0.35999787131693484,0,-0.6905698205893164,Low Risk
085004,2024,163,Caltanissetta,59864.0,421.2465,272.2838433783242,0.38694683516658296,2,-0.29036959052573375,Medium Risk
085007,2024,293,Gela,72491.0,279.2195,404.188106109724,1.0493536447132095,1,0.38239428417539734,High Risk
085009,2024,1,Mazzarino,11181.0,295.5893,8.943743851176102,0.003383072391321337,0,-1.4448977561744845,Low Risk
085012,2024,6,Mussomeli,10059.0,164.4247,59.64807634953773,0.03649086785622841,0,-1.230786280847573,Low Risk
085013,2024,28,Niscemi,25180.0,96.8171,111.19936457505958,0.2892051094279833,0,-0.9690937796648607,Low Risk
085015,2024,1,Riesi,10697.0,66.9953,9.348415443582313,0.01492642021156708,0,-1.4409231262107702,Low Risk
085016,2024,14,San Cataldo,21255.0,72.7746,65.86685485768055,0.19237481209103174,0,-1.1740269305500872,Low Risk
086004,2024,6,Barrafranca,12063.0,53.712,49.73887092762995,0.11170688114387846,0,-1.2562207758072073,Low Risk
086009,2024,70,Enna,26037.0,358.7437,268.84817759342474,0.1951253778115128,2,-0.3429609319452494,Medium Risk
086011,2024,8,Leonforte,12583.0,84.3917,63.5778431216721,0.09479605221840537,0,-1.2029947052040284,Low Risk
086012,2024,11,Nicosia,12947.0,218.5057,84.96176720475786,0.050341936160017794,0,-1.124430926079297,Low Risk
086014,2024,35,Piazza Armerina,20749.0,304.5376,168.68282808810065,0.11492833725622058,0,-0.7689054267252549,Low Risk
087002,2024,55,Aci Castello,17987.0,8.7058,305.7763940623784,6.317627328907165,2,1.038052506512577,Medium Risk
087003,2024,34,Aci Catena,28160.0,8.5219,120.73863636363636,3.9897206022131213,0,-0.18668504777504846,Low Risk
087004,2024,200,Acireale,50627.0,40.4413,395.04612163470085,4.945439439384986,1,1.1276543829457308,High Risk
087005,2024,52,Aci Sant'Antonio,17867.0,14.3333,291.03934628085295,3.627915413756776,2,0.43743196391894723,Medium Risk
087006,2024,28,Adrano,33926.0,83.2208,82.53257088958321,0.33645434795147366,0,-1.076894473012985,Low Risk
087007,2024,140,Belpasso,27546.0,166.3264,508.2407609090249,0.8417184523924043,1,0.7664228029101996,High Risk
087008,2024,44,Biancavilla,22987.0,70.2753,191.41253752120764,0.6261090311958825,0,-0.5732165624849463,Low Risk
087009,2024,20,Bronte,18327.0,250.8569,109.12860806460414,0.07972672866482844,0,-1.0196475026154292,Low Risk
087011,2024,88,Caltagirone,36241.0,383.3735,242.8189067630584,0.22954116546918346,2,-0.442548048686796,Medium Risk
087015,2024,1459,Catania,300356.0,182.796,485.75690180985237,7.981575089170442,1,2.1087185383695597,High Risk
087017,2024,106,Giarre,26485.0,27.3544,400.22654332641116,3.875062147223116,1,0.9338277211778703,High Risk
087018,2024,6,Grammichele,12561.0,32.0655,47.76689754000478,0.1871169949010619,0,-1.2491404930378762,Low Risk
087019,2024,46,Gravina di Catania,25031.0,5.1302,183.77212256801567,8.966512026821565,0,1.0709840117886078,Low Risk
087023,2024,62,Mascali,14092.0,37.8462,439.96593812091965,1.6382093842974987,1,0.6470742819685095,High Risk
087024,2024,75,Mascalucia,31628.0,16.3066,237.1316554951309,4.599364674426306,2,0.4120141564301371,Medium Risk
087029,2024,141,Misterbianco,48943.0,37.6868,288.09022740739226,3.741363023658151,2,0.44815534460886886,Medium Risk
087030,2024,33,Motta Sant'Anastasia,11987.0,35.6999,275.2982397597397,0.9243723371774151,2,-0.1700752339869468,Medium Risk
087032,2024,27,Palagonia,15805.0,57.7851,170.83201518506803,0.46724847754871063,0,-0.6893360312899908,Low Risk
087033,2024,112,Paternò,45621.0,144.6802,245.50097542798272,0.7741211306039112,2,-0.3221762117913809,Medium Risk
087034,2024,28,Pedara,14714.0,19.2394,190.29495718363464,1.4553468403380563,0,-0.4112077843193655,Low Risk
087037,2024,9,Ramacca,10377.0,306.4331,86.73026886383347,0.02937019532158895,0,-1.121407875930933,Low Risk
087038,2024,10,Randazzo,10324.0,205.6137,96.86168151879117,0.0486348915466236,0,-1.0760844453011922,Low Risk
087039,2024,35,Riposto,13969.0,13.2139,250.55479991409547,2.6487259628118873,2,0.07508189778896829,Medium Risk
087041,2024,71,San Giovanni la Punta,23336.0,10.8496,304.25094274940005,6.544020056038932,2,1.0772899114394214,Medium Risk
087042,2024,33,San Gregorio di Catania,11464.0,5.649,287.85764131193304,5.8417419012214555,2,0.8691383256058172,Medium Risk
087049,2024,18,Scordia,16296.0,24.3092,110.45655375552282,0.7404604018231781,0,-0.8814826239994593,Low Risk
087050,2024,18,Trecastagni,11073.0,19.1562,162.5575724735844,0.9396435618755287,0,-0.6282944505450428,Low Risk
087051,2024,50,Tremestieri Etneo,19892.0,6.4902,251.35732957973053,7.70392283750886,2,1.0938787660640108,Medium Risk
088001,2024,9,Acate,10620.0,102.4684,84.7457627118644,0.08783195599814186,0,-1.1177835419358049,Low Risk
088003,2024,64,Comiso,29978.0,65.4008,213.48989258789777,0.9785813017577766,0,-0.41207899820225813,Low Risk
088005,2024,36,Ispica,16127.0,113.753,223.22812674396977,0.3164751698856294,0,-0.5052414704495986,Low Risk
088006,2024,116,Modica,53370.0,292.3698,217.35057148210603,0.39675780467066024,0,-0.5131623552205452,Low Risk
088008,2024,38,Pozzallo,18940.0,15.3764,200.63357972544878,2.471319684711636,0,-0.16481281585965588,Low Risk
088009,2024,185,Ragusa,72579.0,444.7079,254.8946665013296,0.4160034035824414,2,-0.35568169544417777,Medium Risk
088010,2024,35,Santa Croce Camerina,10838.0,41.085,322.93781140431815,0.8518924181574784,2,0.010285551533050996,Medium Risk
088011,2024,53,Scicli,26822.0,138.7215,197.59898590709122,0.3820604592655068,0,-0.5969299394677583,Low Risk
088012,2024,191,Vittoria,62051.0,182.4725,307.81131649771964,1.0467330693666168,2,-0.012465082218099333,Medium Risk
089001,2024,96,Augusta,34857.0,111.1579,275.4109647990361,0.8636363227444923,2,-0.18181496561176946,Medium Risk
089002,2024,103,Avola,30503.0,74.5914,337.6717044225158,1.3808562381186036,2,0.17683129087694477,Medium Risk
089006,2024,21,Carlentini,17152.0,158.9089,122.43470149253731,0.13215118851115326,0,-0.9546733258915745,Low Risk
089009,2024,37,Floridia,21561.0,26.4772,171.6061407170354,1.3974287311347122,0,-0.49930937170890877,Low Risk
089010,2024,8,Francofonte,11908.0,74.2007,67.18172657037286,0.10781569446110346,0,-1.1856336922795174,Low Risk
089011,2024,30,Lentini,22106.0,216.7816,135.70976205555053,0.138388128881787,0,-0.899104502637562,Low Risk
089012,2024,29,Melilli,13257.0,136.4172,218.75235724522895,0.2125831639998475,0,-0.5444247665322053,Low Risk
089013,2024,66,Noto,23638.0,554.9841,279.2114392080548,0.11892232588284961,2,-0.3158669129570201,Medium Risk
089014,2024,46,Pachino,21521.0,50.9828,213.7447144649412,0.9022650776340256,0,-0.42636716038232836,Low Risk
089016,2024,27,Rosolini,20644.0,76.4685,130.78860685913583,0.35308656505619956,0,-0.8761100849794698,Low Risk
089017,2024,444,Siracusa,117053.0,207.8248,379.315352874339,2.1364149033224136,2,0.4989998390894747,Medium Risk
089021,2024,33,Priolo Gargallo,11468.0,56.9645,287.7572375305197,0.5793081656119162,2,-0.18841651961660644,Medium Risk
090003,2024,193,Alghero,42325.0,225.4113,455.99527466036625,0.8562126211063953,1,0.5555681012085771,High Risk
090006,2024,65,Arzachena,13337.0,230.8505,487.3659743570518,0.2815675079759411,1,0.5684861069992618,High Risk
090035,2024,9,La Maddalena,10722.0,51.6732,83.93956351426972,0.17417152411695036,0,-1.1037378422873358,Low Risk
090047,2024,291,Olbia,59948.0,383.6361,485.4206979382131,0.7585313269528077,1,0.6563417411487926,High Risk
090052,2024,11,Ozieri,10023.0,252.1279,109.74758056470118,0.043628650379430436,0,-1.024366492457793,Low Risk
090058,2024,40,Porto Torres,21377.0,104.5108,187.11699490106187,0.38273556417135834,0,-0.6396821808846227,Low Risk
090064,2024,520,Sassari,122506.0,547.0333,424.4690055997257,0.9505819846799088,1,0.44553337448113794,High Risk
090069,2024,22,Sorso,14339.0,67.0106,153.4277146244508,0.3283062679635759,0,-0.7884584515274675,Low Risk
090070,2024,26,Tempio Pausania,13443.0,210.8176,193.4092092538868,0.12332936149543491,0,-0.6660479261585781,Low Risk
091051,2024,79,Nuoro,34660.0,192.059,227.92844777841893,0.4113319344576406,2,-0.46695444926685403,Medium Risk
091085,2024,27,Siniscola,11136.0,196.4124,242.45689655172416,0.13746586264411007,2,-0.46252578868982896,Medium Risk
091095,2024,40,Tortolì,10969.0,40.285,364.6640532409518,0.9929254064788383,2,0.20934304219575148,Medium Risk
092003,2024,39,Assemini,26291.0,118.1723,148.33973603134152,0.33002657983300654,0,-0.8089307163285104,Low Risk
092009,2024,520,Cagliari,149572.0,84.5839,347.658652689006,6.14774206438814,2,1.1752895364203662,Medium Risk
092011,2024,28,Capoterra,23089.0,68.4888,121.26986876867772,0.4088259686255271,0,-0.9038595121585182,Low Risk
092051,2024,169,Quartu Sant'Elena,68640.0,96.4102,246.2121212121212,1.7529265575634112,2,-0.12263917034463503,Medium Risk
092068,2024,62,Selargius,28655.0,26.6857,216.3671261559937,2.323341714851025,0,-0.1301643747833594,Low Risk
092074,2024,39,Sestu,20772.0,48.2851,187.7527440785673,0.8077025831985436,0,-0.551711462578568,Low Risk
092080,2024,17,Sinnai,17301.0,223.908,98.26021617247557,0.07592404023080909,0,-1.0648802540595363,Low Risk
092105,2024,26,Quartucciu,12864.0,27.9315,202.1144278606965,0.9308486833861411,0,-0.4682113408094108,Low Risk
092109,2024,32,Monserrato,19175.0,6.4217,166.88396349413298,4.983104162449195,0,0.20167791520759537,Low Risk
093005,2024,32,Azzano Decimo,15702.0,51.3378,203.79569481594703,0.6233223862339251,0,-0.523109731984492,Low Risk
093017,2024,42,Cordenons,18067.0,56.3393,232.4680356450988,0.745483170717421,2,-0.38125440849333964,Medium Risk
093021,2024,24,Fiume Veneto,11786.0,35.7555,203.6314271169184,0.6712254058816126,0,-0.5141588472963761,Low Risk
093022,2024,30,Fontanafredda,12697.0,46.4018,236.2762857367882,0.6465266433629729,2,-0.38555154754005777,Medium Risk
093025,2024,20,Maniago,11622.0,69.4596,172.08742040956804,0.287937160594072,0,-0.7202204008423084,Low Risk
093032,2024,52,Porcia,15067.0,29.5333,345.1251078515962,1.7607243349033126,2,0.28363726047744797,Medium Risk
093033,2024,191,Pordenone,51403.0,38.2114,371.5736435616598,4.9985082985705835,2,1.0422756997609148,Medium Risk
093037,2024,38,Sacile,20058.0,32.7407,189.45059327948948,1.1606349283918793,0,-0.4738657675335782,Low Risk
093041,2024,16,San Vito al Tagliamento,15077.0,60.8809,106.12190754128805,0.2628082042151151,0,-0.995171322047496,Low Risk
093044,2024,23,Spilimbergo,11942.0,71.8756,192.5975548484341,0.31999732871795156,0,-0.6298612257273846,Low Risk
094023,2024,46,Isernia,20971.0,69.1501,219.35053168661486,0.6652195730736471,0,-0.45104942250276214,Low Risk
094052,2024,29,Venafro,11048.0,46.4518,262.49094858797974,0.6243030410016405,2,-0.2827566580845532,Medium Risk
095038,2024,102,Oristano,30723.0,84.5723,331.99882823942977,1.2060686536844807,2,0.1185080833911116,Medium Risk
096004,2024,180,Biella,42943.0,46.6883,419.16028223459006,3.85535562442839,1,1.0073378025731556,High Risk
096020,2024,29,Cossato,14070.0,27.7338,206.11229566453449,1.0456554817587205,0,-0.4287907975365616,Low Risk
096088,2024,7,Valdilana,10342.0,61.1382,67.68516727905627,0.1144947021665669,0,-1.1822321139939278,Low Risk
097013,2024,29,Calolziocorte,13592.0,9.1002,213.36080047086523,3.186743148502231,0,0.030979418715732815,Low Risk
097016,2024,23,Casatenovo,13128.0,12.664,175.19804996953076,1.8161718256475048,0,-0.4004935937402282,Low Risk
097042,2024,234,Lecco,47454.0,45.1348,493.1091161967379,5.184469633187696,1,1.5769041323239508,High Risk
097046,2024,24,Mandello del Lario,10082.0,43.3309,238.04800634794685,0.5538772561843858,2,-0.39691429126143035,Medium Risk
097048,2024,37,Merate,14702.0,11.0634,251.66643994014422,3.3443606847804475,2,0.21937284281853436,Medium Risk
097083,2024,14,Valmadrera,11210.0,12.5992,124.88849241748439,1.1111816623277668,0,-0.7479609113632755,Low Risk
098010,2024,33,Casalpusterlengo,15213.0,25.6122,216.91973969631238,1.288448473774217,0,-0.3357978501729276,Low Risk
098019,2024,25,Codogno,15548.0,20.8695,160.79238487265243,1.1979204101679486,0,-0.5836329029037555,Low Risk
098031,2024,168,Lodi,44815.0,41.3786,374.87448398973555,4.060069697863147,2,0.86726309383545,Medium Risk
098050,2024,10,Sant'Angelo Lodigiano,13225.0,20.0529,75.61436672967864,0.49868098878466455,0,-1.0726119293521985,Low Risk
099001,2024,67,Bellaria-Igea Marina,19458.0,18.1698,344.33138040908625,3.6874373961188347,2,0.6674374305068842,Medium Risk
099002,2024,87,Cattolica,16723.0,6.1953,520.2415834479459,14.042903491356352,1,3.4674452202742083,High Risk
099003,2024,41,Coriano,10503.0,46.7666,390.3646577168428,0.8766940508824674,1,0.29114987475936227,High Risk
099005,2024,77,Misano Adriatico,13780.0,22.345,558.7808417997097,3.4459610651152386,1,1.4963646650030251,High Risk
099013,2024,228,Riccione,34942.0,17.5208,652.5098735046648,13.013104424455504,1,3.801759751733317,High Risk
099014,2024,854,Rimini,150240.0,135.7915,568.4238551650692,6.289053438543649,1,2.106954414444636,High Risk
099018,2024,88,Santarcangelo di Romagna,22288.0,45.0587,394.8312993539124,1.9530079651654397,1,0.5256408049613094,High Risk
099020,2024,26,Verucchio,10047.0,27.3019,258.7837165322982,0.9523146740703028,2,-0.23203245967855282,Medium Risk
100002,2024,35,Carmignano,15098.0,38.4275,231.81878394489337,0.9108060633660789,2,-0.35069998060860086,Medium Risk
100003,2024,64,Montemurlo,19477.0,30.7758,328.5926990809673,2.079556014790842,2,0.28004216231006335,Medium Risk
100004,2024,29,Poggio a Caiano,10169.0,5.9995,285.1804503884354,4.833736144678723,2,0.6556911532073968,Medium Risk
100005,2024,833,Prato,201410.0,97.3521,413.5842311702497,8.556569401173679,1,1.9289263278644861,High Risk
101008,2024,29,Cirò Marina,13833.0,41.6808,209.64360587002096,0.6957639968522678,0,-0.48463012769315084,Low Risk
101010,2024,199,Crotone,60123.0,181.9947,330.98814097766245,1.0934384352950939,2,0.09174705777192116,Medium Risk
101013,2024,19,Isola di Capo Rizzuto,16962.0,126.6438,112.01509255983964,0.15002708383671368,0,-0.9937149454355332,Low Risk
102047,2024,69,Vibo Valentia,31753.0,46.5709,217.30230214467923,1.481611907865212,0,-0.2954289292224803,Low Risk
103028,2024,37,Domodossola,17783.0,36.8911,208.06388123488722,1.0029519314956723,0,-0.42938424038159645,Low Risk
103050,2024,26,Omegna,14618.0,30.3719,177.86290874264606,0.856054445062706,0,-0.5824633085999218,Low Risk
103072,2024,125,Verbania,29954.0,37.4934,417.3065366895907,3.333920103271509,1,0.8950044842219222,High Risk
108001,2024,66,Agrate Brianza,15482.0,11.2176,426.3015114326314,5.883611467693624,1,1.4440028709508435,High Risk
108004,2024,56,Arcore,17848.0,9.2455,313.76064545047063,6.057000703044724,2,1.0183646941652276,Medium Risk
108007,2024,17,Bernareggio,11321.0,5.9338,150.16341312604894,2.864943206714079,0,-0.29224226016777455,Low Risk
108008,2024,20,Besana in Brianza,15498.0,15.7578,129.04890953671443,1.269212707357626,0,-0.6991921821849865,Low Risk
108009,2024,29,Biassono,12188.0,4.8948,237.93895635050868,5.924654735637819,2,0.68154819165935,Medium Risk
108010,2024,33,Bovisio-Masciago,16833.0,4.9323,196.04348600962396,6.690590596679034,0,0.6639947330203196,Low Risk
108012,2024,93,Brugherio,34811.0,10.4121,267.1569331533136,8.931915751865617,2,1.4052094050579025,Medium Risk
108015,2024,61,Carate Brianza,17824.0,9.9166,342.2351885098743,6.151301857491479,2,1.153814131141773,Medium Risk
108019,2024,122,Cesano Maderno,38983.0,11.5157,312.9569299438217,10.594232222096789,2,1.9265380148257565,Medium Risk
108021,2024,38,Concorezzo,15770.0,8.5081,240.96385542168676,4.466332083543916,2,0.40096963970052774,Medium Risk
108023,2024,145,Desio,41646.0,14.754,348.1726936560534,9.82784329673309,2,1.9166699341942124,Medium Risk
108024,2024,113,Giussano,25923.0,10.2805,435.90633800100295,10.991683283886971,1,2.5094367864603493,High Risk
108027,2024,69,Limbiate,34707.0,12.286,198.80715705765405,5.616148461663682,0,0.4594631870204329,Low Risk
108030,2024,77,Meda,23324.0,8.3083,330.13205282112847,9.267840593141798,2,1.7303591394378706,Medium Risk
108034,2024,43,Muggiò,23603.0,5.4764,182.1802313265263,7.8518734935359,0,0.8405564991586905,Low Risk
108035,2024,66,Nova Milanese,23083.0,5.8456,285.9247064939566,11.290543314629806,2,1.9558120841686388,Medium Risk
108039,2024,174,Seregno,44843.0,13.0449,388.0204268224695,13.338546098475266,1,2.7849575070023507,High Risk
108040,2024,28,Seveso,23728.0,7.4024,118.00404585300068,3.7825570085377715,0,-0.23948989178180113,Low Risk
108044,2024,24,Usmate Velate,10425.0,9.7508,230.2158273381295,2.4613365057226075,2,-0.045780280838188,Medium Risk
108045,2024,58,Varedo,13611.0,4.848,426.1259275585923,11.963696369636963,1,2.664682351704281,High Risk
108049,2024,41,Villasanta,13946.0,4.8648,293.99110856159473,8.42789014964644,2,1.4137522791420736,Medium Risk
108050,2024,106,Vimercate,25941.0,20.7181,408.61955977024786,5.1162992745473765,1,1.2175143119318406,High Risk
108053,2024,14,Cornate d'Adda,10674.0,13.8153,131.15982761851228,1.0133692355576787,0,-0.7419503185333208,Low Risk
108054,2024,53,Lentate sul Seveso,15785.0,13.9782,335.7617991764333,3.791618377187335,2,0.6533027370933874,Medium Risk
109006,2024,141,Fermo,36168.0,124.532,389.8473788984738,1.1322391032023897,1,0.3403685588210374,High Risk
109018,2024,18,Montegranaro,12613.0,31.4183,142.70990248156664,0.5729145116062931,0,-0.7831730628039111,Low Risk
109033,2024,51,Porto San Giorgio,15715.0,8.7932,324.53070314985683,5.799936314424782,2,1.010790819326419,Medium Risk
109034,2024,119,Porto Sant'Elpidio,25958.0,18.1256,458.43285307034444,6.565299907313413,1,1.7124116748345464,High Risk
109037,2024,48,Sant'Elpidio a Mare,16773.0,50.5172,286.1742085494545,0.9501714267615782,2,-0.12039273390311503,Medium Risk
110001,2024,216,Andria,97489.0,402.8821,221.56345844146517,0.5361369988887568,0,-0.4679258188913388,Low Risk
110002,2024,302,Barletta,92787.0,149.3513,325.47662926918645,2.022078147294332,2,0.2557460849448207,Medium Risk
110003,2024,177,Bisceglie,53934.0,69.2439,328.1788853042608,2.556181844176888,2,0.37409599477708055,Medium Risk
110004,2024,44,Canosa di Puglia,28422.0,150.9317,154.8096544929984,0.29152258935664277,0,-0.7901934294370034,Low Risk
110005,2024,25,Margherita di Savoia,11371.0,35.6977,219.85753231905724,0.7003252310372937,0,-0.44192279069570584,Low Risk
110007,2024,24,San Ferdinando di Puglia,13734.0,41.2298,174.7487986020096,0.5821032360089062,0,-0.6502376164631116,Low Risk
110009,2024,165,Trani,54848.0,103.4118,300.8313885647608,1.5955625953711279,2,0.06922763707902507,Medium Risk
110010,2024,46,Trinitapoli,14001.0,148.7657,328.5479608599386,0.30921106142074417,2,-0.07577664509642651,Medium Risk
111009,2024,64,Carbonia,26672.0,145.5415,239.95200959808037,0.4397371196531573,2,-0.412052959874224,Medium Risk
111034,2024,17,Guspini,11161.0,174.6654,152.31610070782187,0.09732895009543963,0,-0.8394065840531754,Low Risk
111035,2024,51,Iglesias,25493.0,208.2299,200.05491703604912,0.24492159867531033,0,-0.6144304522074675,Low Risk
111071,2024,12,Sant'Antioco,10767.0,87.8946,111.45165784341043,0.13652715866503745,0,-0.9987322137964145,Low Risk
111096,2024,13,Villacidro,13412.0,183.475,96.92812406799881,0.07085433982831449,0,-1.071349036566218,Low Risk
