area_id,year,total_accidents,city_name,population,area_km2
001001,2024,2,Agliè,2545.0,13.1462
001002,2024,5,Airasca,3633.0,15.7393
001003,2024,1,Ala di Stura,459.0,46.3315
001004,2024,4,Albiano d'Ivrea,1638.0,11.7314
001006,2024,2,Almese,6355.0,17.8756
001008,2024,20,Alpignano,16484.0,11.9193
001009,2024,2,Andezeno,2013.0,7.486
001010,2024,1,Andrate,488.0,9.3085
001012,2024,1,Arignano,1080.0,8.1668
001013,2024,34,Avigliana,12351.0,23.2172
001014,2024,2,Azeglio,1235.0,9.9605
001015,2024,2,Bairo,787.0,7.0859
001016,2024,7,Balangero,3064.0,13.0063
001017,2024,1,Baldissero Canavese,533.0,4.5064
001018,2024,3,Baldissero Torinese,3671.0,15.4054
001020,2024,1,Banchette,3112.0,2.0289
001022,2024,7,Bardonecchia,3078.0,132.203
001024,2024,33,Beinasco,17532.0,6.7343
001025,2024,1,Bibiana,3392.0,18.5979
001027,2024,4,Bollengo,2097.0,14.2234
001028,2024,14,Borgaro Torinese,11773.0,11.1039
001030,2024,6,Borgofranco d'Ivrea,3590.0,13.4189
001031,2024,1,Borgomasino,772.0,12.3712
001032,2024,3,Borgone Susa,2187.0,4.9617
001033,2024,3,Bosconero,3074.0,10.919
001034,2024,5,Brandizzo,8798.0,6.2914
001035,2024,6,Bricherasio,4564.0,22.7585
001038,2024,8,Bruino,8475.0,5.5701
001039,2024,2,Brusasco,1482.0,14.3592
001040,2024,2,Bruzolo,1487.0,12.5598
001041,2024,4,Buriasco,1329.0,14.6868
001043,2024,2,Busano,1622.0,5.0591
001044,2024,9,Bussoleno,5703.0,37.0661
001045,2024,3,Buttigliera Alta,6292.0,8.0973
001046,2024,4,Cafasse,3334.0,10.2312
001047,2024,8,Caluso,7344.0,39.4925
001048,2024,5,Cambiano,5915.0,14.1314
001050,2024,2,Candia Canavese,1219.0,9.1318
001051,2024,6,Candiolo,5627.0,11.8499
001054,2024,2,Cantoira,588.0,23.0319
001055,2024,3,Caprie,2057.0,16.4078
001057,2024,4,Carema,739.0,10.2579
001058,2024,9,Carignano,9051.0,50.679
001059,2024,71,Carmagnola,28399.0,95.7148
001060,2024,1,Casalborgone,1862.0,20.125
001061,2024,2,Cascinette d'Ivrea,1532.0,2.1726
001062,2024,11,Caselette,3005.0,14.3136
001063,2024,30,Caselle Torinese,13749.0,23.5513
001064,2024,8,Castagneto Po,1755.0,11.4732
001065,2024,1,Castagnole Piemonte,2165.0,17.2796
001066,2024,16,Castellamonte,9667.0,38.7063
001067,2024,1,Castelnuovo Nigra,416.0,28.3756
001068,2024,3,Castiglione Torinese,6446.0,14.1345
001069,2024,4,Cavagnolo,2237.0,12.3285
001070,2024,10,Cavour,5385.0,48.9591
001072,2024,2,Ceres,1032.0,28.0516
001073,2024,1,Ceresole Reale,167.0,99.8147
001074,2024,5,Cesana Torinese,913.0,121.7001
001075,2024,1,Chialamberto,353.0,35.4478
001076,2024,5,Chianocco,1569.0,18.6134
001077,2024,1,Chiaverano,2021.0,12.0221
001078,2024,65,Chieri,36001.0,54.1975
001080,2024,4,Chiomonte,860.0,26.7549
001081,2024,5,Chiusa di San Michele,1565.0,5.9165
001082,2024,67,Chivasso,26497.0,51.2378
001086,2024,42,Ciriè,18261.0,17.7329
001089,2024,3,Coazze,3171.0,56.5727
001090,2024,138,Collegno,48747.0,18.0993
001093,2024,7,Condove,4427.0,71.1131
001094,2024,3,Corio,3082.0,41.4914
001096,2024,1,Cuceglio,937.0,6.8709
001097,2024,8,Cumiana,7787.0,60.7335
001098,2024,11,Cuorgnè,9413.0,19.3134
001099,2024,10,Druento,8822.0,27.5395
001100,2024,2,Exilles,244.0,46.5474
001101,2024,2,Favria,5122.0,14.8499
001102,2024,2,Feletto,2178.0,7.8931
001103,2024,2,Fenestrelle,483.0,49.4091
001104,2024,6,Fiano,2640.0,12.0415
001105,2024,1,Fiorano Canavese,751.0,4.3457
001106,2024,7,Foglizzo,2255.0,15.6427
001107,2024,1,Forno Canavese,3271.0,16.5003
001109,2024,7,Front,1627.0,10.9482
001110,2024,2,Frossasco,2841.0,20.1488
001111,2024,4,Garzigliana,544.0,7.4018
001112,2024,14,Gassino Torinese,9389.0,20.5108
001113,2024,9,Germagnano,1117.0,14.4442
001114,2024,4,Giaglione,594.0,33.3833
001115,2024,15,Giaveno,16168.0,71.7376
001116,2024,4,Givoletto,4003.0,12.8199
001117,2024,2,Gravere,665.0,18.987
001118,2024,1,Groscavallo,194.0,92.0935
001119,2024,2,Grosso,973.0,4.3296
001120,2024,61,Grugliasco,37201.0,13.1321
001125,2024,54,Ivrea,22839.0,30.1075
001126,2024,2,La Cassa,1766.0,12.0353
001127,2024,14,La Loggia,8783.0,12.7929
001128,2024,10,Lanzo Torinese,4878.0,10.2876
001129,2024,1,Lauriano,1422.0,14.29
001130,2024,35,Leini,16309.0,31.9191
001132,2024,3,Lessolo,1795.0,7.9366
001134,2024,1,Locana,1382.0,132.5173
001135,2024,4,Lombardore,1669.0,12.7158
001136,2024,1,Lombriasco,1066.0,7.2096
001139,2024,6,Luserna San Giovanni,7096.0,17.7414
001141,2024,2,Lusigliè,547.0,5.2585
001142,2024,1,Macello,1151.0,14.1404
001144,2024,2,Marentino,1306.0,11.2593
001146,2024,11,Mathi,3795.0,7.0706
001150,2024,2,Mercenasco,1283.0,12.6383
001154,2024,1,Mompantero,639.0,30.3332
001155,2024,1,Monastero di Lanzo,331.0,17.6554
001156,2024,175,Moncalieri,56319.0,47.5288
001159,2024,2,Montalenghe,985.0,6.4681
001160,2024,5,Montalto Dora,3349.0,7.3567
001161,2024,4,Montanaro,5119.0,20.9036
001162,2024,4,Monteu da Po,842.0,7.3896
001163,2024,1,Moriondo Torinese,852.0,6.4895
001164,2024,120,Nichelino,46512.0,20.5627
001166,2024,8,Nole,6770.0,11.353
001168,2024,5,,7849.0,24.6422
001171,2024,72,Orbassano,23061.0,22.2078
001173,2024,1,Osasco,1173.0,5.4885
001175,2024,6,Oulx,3264.0,99.7857
001176,2024,3,Ozegna,1187.0,5.4058
001177,2024,1,Palazzo Canavese,842.0,5.0819
001178,2024,1,Pancalieri,2005.0,15.8878
001179,2024,1,Parella,419.0,2.6886
001180,2024,1,Pavarolo,1124.0,4.4056
001181,2024,4,Pavone Canavese,3680.0,11.54
001183,2024,4,Pecetto Torinese,3992.0,9.173
001184,2024,2,Perosa Argentina,3133.0,26.0906
001185,2024,1,Perosa Canavese,521.0,4.708
001186,2024,1,Perrero,600.0,63.183
001188,2024,3,Pessinetto,629.0,5.3498
001189,2024,39,Pianezza,15446.0,16.4634
001190,2024,4,Pinasca,2843.0,34.7183
001191,2024,82,Pinerolo,35480.0,50.3376
001192,2024,6,Pino Torinese,8281.0,21.8196
001193,2024,3,Piobesi Torinese,3823.0,19.6488
001194,2024,29,Piossasco,18102.0,40.1459
001195,2024,3,Piscina,3335.0,9.9034
001196,2024,1,Piverone,1333.0,11.0343
001197,2024,19,Poirino,10202.0,75.6186
001199,2024,3,Pont Canavese,3116.0,19.0609
001200,2024,1,Porte,1076.0,4.4476
001201,2024,1,Pragelato,762.0,89.2017
001203,2024,1,Pralormo,1891.0,29.8455
001205,2024,2,Prarostino,1250.0,10.5052
001208,2024,3,Quagliuzzo,327.0,2.038
001209,2024,1,Quassolo,338.0,3.9559
001210,2024,1,Quincinetto,997.0,17.7879
001211,2024,1,Reano,1763.0,6.6658
001213,2024,2,Rivalba,1124.0,10.8334
001214,2024,54,Rivalta di Torino,20127.0,25.1076
001215,2024,10,Riva presso Chieri,4734.0,35.8318
001216,2024,1,Rivara,2527.0,12.5838
001217,2024,29,Rivarolo Canavese,12302.0,32.2459
001218,2024,2,Rivarossa,1542.0,10.8733
001219,2024,166,Rivoli,47807.0,29.4998
001220,2024,12,Robassomero,3042.0,8.5756
001222,2024,1,Roletto,1962.0,9.7039
001223,2024,3,Romano Canavese,2606.0,11.2106
001225,2024,7,Rondissone,1867.0,10.6877
001228,2024,4,Rosta,5044.0,9.065
001229,2024,2,Rubiana,2352.0,26.9371
001231,2024,3,Salassa,1809.0,4.9519
001232,2024,4,Salbertrand,609.0,38.3198
001235,2024,2,Samone,1501.0,2.433
001236,2024,6,San Benigno Canavese,5955.0,22.2318
001237,2024,6,San Carlo Canavese,3980.0,20.9068
001239,2024,1,San Didero,512.0,3.3037
001240,2024,2,San Francesco al Campo,4839.0,14.9796
001241,2024,2,Sangano,3683.0,6.6513
001242,2024,1,San Germano Chisone,1707.0,15.8616
001243,2024,3,San Gillio,3173.0,8.8866
001244,2024,4,San Giorgio Canavese,2520.0,20.4049
001245,2024,6,San Giorio di Susa,978.0,19.7366
001246,2024,3,San Giusto Canavese,3247.0,9.6132
001247,2024,1,San Martino Canavese,811.0,9.7933
001248,2024,20,San Maurizio Canavese,10144.0,17.3442
001249,2024,24,San Mauro Torinese,18589.0,12.5517
001252,2024,2,San Raffaele Cimena,3098.0,11.152
001253,2024,7,San Sebastiano da Po,1855.0,16.5766
001254,2024,6,San Secondo di Pinerolo,3615.0,12.5719
001255,2024,12,Sant'Ambrogio di Torino,4597.0,8.3683
001256,2024,2,Sant'Antonino di Susa,4060.0,9.7945
001257,2024,10,Santena,10556.0,16.1983
001258,2024,1,Sauze di Cesana,250.0,78.2772
001259,2024,1,Sauze d'Oulx,1081.0,17.3112
001260,2024,3,Scalenghe,3226.0,31.6768
001261,2024,6,Scarmagno,806.0,8.0308
001262,2024,1,Sciolze,1432.0,11.3557
001263,2024,2,Sestriere,922.0,25.9158
001265,2024,122,Settimo Torinese,46348.0,31.4505
001266,2024,2,Settimo Vittone,1513.0,23.2604
001267,2024,1,Sparone,933.0,29.6785
001269,2024,9,Strambino,6092.0,22.4686
001270,2024,21,Susa,5992.0,10.9879
001271,2024,1,Tavagnasco,774.0,8.6751
001272,2024,2968,Torino,858205.0,130.0645
001273,2024,6,Torrazza Piemonte,2974.0,9.8238
001274,2024,3,Torre Canavese,616.0,5.4545
001275,2024,5,Torre Pellice,4554.0,21.0981
001276,2024,1,Trana,3788.0,16.4059
001279,2024,2,Traves,506.0,10.4544
001280,2024,4,Trofarello,10611.0,12.3475
001281,2024,3,Usseaux,180.0,37.9669
001284,2024,2,Val della Torre,3965.0,36.5253
001286,2024,2,Vallo Torinese,788.0,6.0792
001287,2024,2,Valperga,2991.0,11.9094
001289,2024,3,Varisella,845.0,22.5579
001291,2024,2,Venaus,877.0,19.1435
001292,2024,71,Venaria Reale,32682.0,20.4424
001293,2024,8,Verolengo,4766.0,29.4882
001294,2024,3,Verrua Savoia,1340.0,31.9431
001295,2024,4,Vestignè,765.0,12.0691
001299,2024,6,Vigone,5070.0,41.1543
001300,2024,2,Villafranca Piemonte,4489.0,50.7854
001301,2024,1,Villanova Canavese,1194.0,4.0306
001302,2024,3,Villarbasse,3467.0,10.4088
001303,2024,6,Villar Dora,2785.0,5.7067
001304,2024,5,Villareggia,996.0,11.4091
001305,2024,2,Villar Focchiardo,1948.0,25.6868
001306,2024,1,Villar Pellice,1045.0,60.2927
001307,2024,3,Villar Perosa,3888.0,11.4228
001308,2024,6,Villastellone,4504.0,19.8767
001309,2024,11,Vinovo,15070.0,17.6941
001310,2024,1,Virle Piemonte,1151.0,14.0573
001311,2024,3,Vische,1189.0,17.0748
001313,2024,3,Viù,1021.0,84.1119
001314,2024,29,Volpiano,15167.0,32.4629
001315,2024,8,Volvera,8495.0,20.9827
001316,2024,7,Mappano,7354.0,9.7589
001317,2024,1,Val di Chy,1236.0,13.831
001318,2024,1,Valchiusa,987.0,49.6245
002003,2024,1,Albano Vercellese,309.0,13.7804
002004,2024,14,Alice Castello,2506.0,24.565
002006,2024,2,Arborio,844.0,23.3101
002007,2024,3,Asigliano Vercellese,1389.0,26.3156
002008,2024,2,Balmuccia,117.0,9.7885
002009,2024,2,Balocco,220.0,16.8079
002011,2024,6,Bianzè,1848.0,41.8058
002015,2024,4,Borgo d'Ale,2260.0,39.5707
002016,2024,28,Borgosesia,12250.0,41.0901
002017,2024,11,Borgo Vercelli,2228.0,19.2949
002021,2024,2,Buronzo,837.0,25.0776
002025,2024,1,Campertogno,214.0,34.1364
002030,2024,3,Caresana,1039.0,24.1087
002031,2024,3,Caresanablot,1096.0,11.0218
002032,2024,5,Carisio,766.0,30.1062
002041,2024,1,Cervatto,52.0,9.538
002042,2024,6,Cigliano,4283.0,25.3078
002043,2024,1,Civiasco,239.0,7.3878
002047,2024,1,Costanzana,748.0,20.9676
002049,2024,1,Crescentino,7611.0,48.2233
002052,2024,1,Crova,394.0,14.0162
002054,2024,2,Desana,1061.0,16.4768
002059,2024,5,Formigliana,495.0,16.7629
002061,2024,11,Gattinara,7572.0,33.6659
002062,2024,4,Ghislarengo,814.0,12.503
002065,2024,1,Greggio,340.0,11.8817
002066,2024,1,Guardabosone,339.0,6.0875
002070,2024,4,Lignana,526.0,22.574
002071,2024,7,Livorno Ferraris,4183.0,58.028
002079,2024,2,Moncrivello,1380.0,20.1818
002090,2024,3,Palazzolo Vercellese,1098.0,13.9396
002093,2024,2,Pezzana,1266.0,17.3517
002097,2024,2,Piode,186.0,13.5976
002104,2024,3,Prarolo,719.0,11.5388
002107,2024,3,Quarona,3878.0,16.156
002108,2024,5,Quinto Vercellese,395.0,10.9022
002116,2024,2,Roasio,2283.0,27.916
002118,2024,1,Ronsecco,544.0,24.4754
002122,2024,1,Rovasenda,912.0,29.2681
002126,2024,2,Salasco,201.0,12.1875
002128,2024,1,Saluggia,3792.0,31.5981
002131,2024,2,San Germano Vercellese,1474.0,30.6327
002133,2024,21,Santhià,8122.0,53.1294
002137,2024,8,Serravalle Sesia,4717.0,20.9053
002142,2024,3,Stroppiana,1178.0,18.314
002148,2024,6,Trino,6771.0,70.6054
002150,2024,7,Tronzano Vercellese,3383.0,44.7508
002152,2024,9,Valduggia,1882.0,28.4259
002156,2024,7,Varallo,6931.0,102.973
002158,2024,174,Vercelli,45425.0,79.7743
002163,2024,5,Villarboit,398.0,25.5109
002164,2024,1,Villata,1517.0,14.5822
003001,2024,1,Agrate Conturbia,1551.0,14.5364
003002,2024,2,Ameno,884.0,9.9965
003006,2024,7,Armeno,2102.0,31.5154
003008,2024,33,Arona,13796.0,15.1698
003016,2024,9,Bellinzago Novarese,9455.0,39.1786
003018,2024,3,Biandrate,1328.0,12.4536
003019,2024,1,Boca,1129.0,9.608
003023,2024,1,Borgolavezzaro,1967.0,21.0913
003024,2024,57,Borgomanero,21383.0,32.2699
003025,2024,11,Borgo Ticino,5159.0,13.3738
003026,2024,7,Briga Novarese,2801.0,4.7479
003027,2024,5,Briona,1087.0,24.7562
003030,2024,8,Caltignaga,2504.0,22.3213
003032,2024,20,Cameri,10708.0,39.985
003036,2024,5,Carpignano Sesia,2463.0,14.6557
003037,2024,3,Casalbeltrame,981.0,16.0407
003040,2024,11,Casalino,1526.0,39.4901
003041,2024,2,Casalvolone,872.0,17.4849
003043,2024,28,Castelletto sopra Ticino,9820.0,14.6411
003044,2024,1,Cavaglietto,386.0,6.4855
003049,2024,5,Cerano,6645.0,32.6332
003052,2024,5,Comignago,1222.0,4.4493
003055,2024,3,Cressa,1619.0,7.1035
003058,2024,6,Cureggio,2587.0,8.5068
003060,2024,1,Divignano,1400.0,5.0977
003062,2024,11,Dormelletto,2561.0,7.2522
003065,2024,2,Fara Novarese,1977.0,9.2147
003066,2024,13,Fontaneto d'Agogna,2579.0,21.1702
003068,2024,38,Galliate,15516.0,29.3662
003069,2024,1,Garbagna Novarese,1400.0,10.0494
003073,2024,3,Ghemme,3373.0,20.6442
003076,2024,23,Gozzano,5403.0,12.5821
003077,2024,1,Granozzo con Monticello,1336.0,19.5208
003079,2024,7,Grignasco,4307.0,14.3337
003082,2024,9,Invorio,4297.0,17.3717
003084,2024,3,Lesa,2165.0,13.5806
003088,2024,2,Maggiora,1601.0,10.6587
003091,2024,5,Marano Ticino,1586.0,7.7879
003093,2024,5,Massino Visconti,1124.0,6.8639
003095,2024,8,Meina,2400.0,7.5349
003098,2024,2,Miasino,796.0,5.521
003100,2024,8,Momo,2412.0,23.5907
003103,2024,3,Nebbiuno,1770.0,8.2651
003104,2024,2,Nibbiola,800.0,11.3421
003106,2024,413,Novara,102225.0,103.0492
003108,2024,33,Oleggio,14148.0,37.7943
003109,2024,6,Oleggio Castello,2149.0,5.9351
003112,2024,6,Orta San Giulio,1279.0,6.65
003114,2024,6,Paruzzaro,2147.0,5.2272
003115,2024,3,Pella,891.0,8.1345
003116,2024,4,Pettenasco,1312.0,7.0713
003119,2024,2,Pisano,809.0,2.7659
003120,2024,2,Pogno,1370.0,9.8653
003121,2024,4,Pombia,2131.0,12.2966
003122,2024,2,Prato Sesia,1844.0,12.126
003129,2024,3,Recetto,941.0,8.8526
003130,2024,10,Romagnano Sesia,3751.0,17.9764
003131,2024,7,Romentino,5595.0,17.6906
003133,2024,3,San Maurizio d'Opaglio,3001.0,8.5099
003135,2024,13,San Pietro Mosezzo,2019.0,34.8992
003139,2024,1,Sizzano,1382.0,10.7543
003141,2024,1,Sozzago,1089.0,12.9144
003143,2024,11,Suno,2708.0,21.3271
003146,2024,1,Tornaco,882.0,13.2408
003149,2024,52,Trecate,20395.0,38.2224
003153,2024,3,Vaprio d'Agogna,962.0,10.0123
003154,2024,6,Varallo Pombia,4847.0,13.612
003158,2024,2,Vespolate,2006.0,17.7798
003159,2024,2,Vicolungo,868.0,13.2939
003164,2024,1,Vinzaglio,538.0,15.4636
003166,2024,18,Gattico-Veruno,5231.0,26.1601
004002,2024,3,Aisone,210.0,36.9173
004003,2024,49,Alba,31250.0,53.5853
004005,2024,1,Alto,139.0,7.4616
004006,2024,3,Argentera,78.0,76.2591
004008,2024,2,Bagnasco,995.0,30.949
004009,2024,7,Bagnolo Piemonte,5838.0,63.2505
004010,2024,5,Baldissero d'Alba,1049.0,15.3257
004011,2024,1,Barbaresco,617.0,7.7637
004012,2024,10,Barge,7497.0,81.9923
004013,2024,3,Barolo,682.0,5.6892
004014,2024,2,Bastia Mondovì,639.0,12.0006
004016,2024,1,Beinette,3426.0,17.6865
004019,2024,4,Bene Vagienna,3634.0,48.9673
004022,2024,6,Bernezzo,4207.0,25.8445
004024,2024,1,Borgomale,385.0,8.4778
004025,2024,21,Borgo San Dalmazzo,12439.0,22.3397
004028,2024,11,Boves,9636.0,50.9483
004029,2024,81,Bra,29568.0,59.5298
004033,2024,2,Brossasco,1009.0,28.0639
004034,2024,16,Busca,10078.0,76.7643
004037,2024,5,Canale,5512.0,17.8655
004040,2024,13,Caraglio,6763.0,41.6759
004041,2024,6,Caramagna Piemonte,3032.0,26.3287
004042,2024,2,Cardè,1138.0,19.3047
004043,2024,5,Carrù,4313.0,25.838
004044,2024,1,Cartignano,171.0,6.4192
004045,2024,3,Casalgrasso,1403.0,17.8066
004046,2024,5,Castagnito,2206.0,7.1148
004047,2024,1,Casteldelfino,152.0,33.9513
004049,2024,4,Castelletto Stura,1362.0,17.1301
004054,2024,1,Castelnuovo di Ceva,100.0,6.2621
004055,2024,1,Castiglione Falletto,701.0,4.7202
004057,2024,2,Castino,463.0,15.5227
004058,2024,3,Cavallerleone,668.0,16.4378
004059,2024,14,Cavallermaggiore,5447.0,51.5946
004061,2024,10,Centallo,6877.0,42.4848
004062,2024,1,Ceresole Alba,2007.0,37.0496
004063,2024,1,Cerretto Langhe,410.0,10.1423
004064,2024,6,Cervasca,5143.0,18.2419
004065,2024,6,Cervere,2242.0,18.5961
004066,2024,14,Ceva,5592.0,43.1656
004067,2024,26,Cherasco,9401.0,81.5351
004068,2024,3,Chiusa di Pesio,3577.0,95.0188
004071,2024,4,Clavesana,812.0,17.1508
004072,2024,3,Corneliano d'Alba,2120.0,10.0878
004073,2024,2,Cortemilia,2244.0,24.9874
004075,2024,5,Costigliole Saluzzo,3333.0,15.3423
004078,2024,220,Cuneo,55822.0,119.6691
004079,2024,5,Demonte,1895.0,127.3063
004080,2024,1,Diano d'Alba,3604.0,17.5432
004081,2024,7,Dogliani,4572.0,35.6829
004082,2024,7,Dronero,6981.0,58.9574
004085,2024,1,Envie,1946.0,24.9305
004086,2024,2,Farigliano,1694.0,16.4418
004087,2024,3,Faule,467.0,7.03
004089,2024,55,Fossano,24333.0,130.1434
004090,2024,1,Frabosa Soprana,743.0,47.1437
004091,2024,1,Frabosa Sottana,1588.0,37.6433
004092,2024,1,Frassino,264.0,17.0106
004093,2024,3,Gaiola,566.0,4.9691
004095,2024,6,Garessio,2902.0,131.281
004096,2024,3,Genola,2605.0,13.7224
004099,2024,5,Govone,2260.0,18.9108
004100,2024,1,Grinzane Cavour,1995.0,3.8082
004101,2024,3,Guarene,3516.0,13.4459
004104,2024,3,Lagnasco,1460.0,17.7124
004105,2024,3,La Morra,2717.0,24.1658
004107,2024,1,Lequio Tanaro,746.0,12.2004
004111,2024,1,Lisio,189.0,8.2287
004113,2024,2,Magliano Alfieri,2194.0,9.5
004114,2024,7,Magliano Alpi,2170.0,33.2204
004116,2024,6,Manta,3782.0,11.7345
004117,2024,7,Marene,3271.0,28.9869
004118,2024,1,Margarita,1426.0,11.3762
004119,2024,1,Marmora,53.0,41.1258
004122,2024,4,Melle,292.0,27.9056
004124,2024,1,Mombarcaro,263.0,20.5111
004126,2024,1,Monastero di Vasco,1266.0,17.4382
004128,2024,1,Monasterolo di Savigliano,1372.0,14.9114
004130,2024,44,Mondovì,22233.0,87.0516
004131,2024,1,Monesiglio,592.0,12.933
004132,2024,2,Monforte d'Alba,1963.0,25.2745
004136,2024,2,Montanera,726.0,11.6271
004141,2024,3,Montezemolo,237.0,6.9363
004142,2024,3,Monticello d'Alba,2343.0,10.2358
004143,2024,6,Moretta,4076.0,23.9934
004144,2024,4,Morozzo,1990.0,22.1919
004146,2024,2,Murello,942.0,17.3282
004147,2024,4,Narzole,3469.0,26.1826
004148,2024,6,Neive,3350.0,21.3028
004151,2024,2,Niella Tanaro,974.0,15.707
004155,2024,5,Ormea,1491.0,124.4931
004157,2024,3,Paesana,2629.0,58.2693
004158,2024,2,Pagno,571.0,8.6797
004160,2024,4,Paroldo,198.0,12.4249
004163,2024,9,Peveragno,5542.0,67.9186
004165,2024,1,Pianfei,2102.0,15.3103
004166,2024,5,Piasco,2703.0,10.6214
004167,2024,1,Pietraporzio,74.0,55.1856
004168,2024,1,Piobesi d'Alba,1399.0,4.0347
004170,2024,5,Pocapaglia,3314.0,17.4774
004171,2024,1,Polonghera,1111.0,10.3146
004174,2024,2,Prazzo,171.0,52.3851
004175,2024,6,Priero,526.0,20.0092
004176,2024,4,Priocca,2009.0,9.0306
004179,2024,16,Racconigi,9729.0,48.0562
004180,2024,14,Revello,4270.0,52.47
004183,2024,1,Roaschia,98.0,23.8368
004185,2024,2,Robilante,2183.0,25.0038
004187,2024,2,Roccabruna,1525.0,24.2989
004190,2024,1,Roccaforte Mondovì,2060.0,84.6105
004192,2024,5,Roccavione,2655.0,19.1492
004194,2024,5,Roddi,1590.0,9.353
004195,2024,2,Roddino,415.0,10.5849
004197,2024,1,Rossana,809.0,19.9166
004198,2024,1,Ruffia,359.0,7.5091
004200,2024,1,Sale San Giovanni,161.0,8.0742
004203,2024,46,Saluzzo,17471.0,79.9306
004204,2024,1,Sambuco,85.0,46.1392
004205,2024,3,Sampeyre,989.0,98.9069
004208,2024,5,Sanfrè,2999.0,15.504
004209,2024,1,Sanfront,2290.0,39.7088
004210,2024,1,San Michele Mondovì,1846.0,18.1119
004211,2024,9,Sant'Albano Stura,2347.0,27.4544
004212,2024,4,Santa Vittoria d'Alba,2878.0,10.0758
004213,2024,3,Santo Stefano Belbo,3863.0,27.1836
004214,2024,1,Santo Stefano Roero,1346.0,13.1142
004215,2024,68,Savigliano,21431.0,110.7876
004216,2024,1,Scagnello,177.0,9.3878
004217,2024,5,Scarnafigi,2152.0,30.4979
004218,2024,2,Serralunga d'Alba,548.0,8.3908
004219,2024,2,Serravalle Langhe,300.0,8.8995
004222,2024,12,Sommariva del Bosco,6230.0,35.4155
004223,2024,3,Sommariva Perno,2660.0,17.0935
004225,2024,7,Tarantasca,2171.0,12.2016
004228,2024,2,Torre San Giorgio,725.0,5.3901
004232,2024,3,Trinità,2223.0,28.3367
004233,2024,4,Valdieri,917.0,153.3126
004235,2024,1,Valloriate,99.0,16.9559
004237,2024,2,Venasca,1352.0,20.3938
004238,2024,4,Verduno,544.0,7.1571
004239,2024,1,Vernante,1124.0,62.0563
004240,2024,11,Verzuolo,6463.0,26.132
004241,2024,4,Vezza d'Alba,2338.0,14.0688
004242,2024,4,Vicoforte,3166.0,25.7363
004243,2024,7,Vignolo,2614.0,7.9417
004244,2024,8,Villafalletto,2878.0,29.7324
004245,2024,6,Villanova Mondovì,5715.0,28.2878
004247,2024,3,Villar San Costanzo,1543.0,19.4958
004248,2024,4,Vinadio,597.0,183.1692
004250,2024,1,Vottignasco,490.0,8.09
005001,2024,1,Agliano Terme,1563.0,15.4485
005003,2024,1,Antignano,964.0,10.8608
005004,2024,1,Aramengo,564.0,11.4124
005005,2024,302,Asti,74065.0,151.3113
005007,2024,4,Baldichieri d'Asti,1088.0,5.066
005008,2024,2,Belveglio,312.0,5.2796
005010,2024,2,Bruno,297.0,8.9008
005012,2024,1,Buttigliera d'Asti,2517.0,19.1608
005013,2024,2,Calamandrana,1663.0,12.7884
005014,2024,3,Calliano,1226.0,17.2931
005015,2024,5,Calosso,1171.0,15.7149
005017,2024,13,Canelli,10212.0,23.4326
005018,2024,1,Cantarana,1003.0,9.7214
005021,2024,1,Cassinasco,549.0,11.8391
005023,2024,1,Castagnole Monferrato,1157.0,17.3374
005025,2024,4,Castell'Alfero,2657.0,20.0881
005028,2024,8,Castello di Annone,1801.0,23.1785
005030,2024,1,Castelnuovo Calcea,706.0,8.2039
005031,2024,4,Castelnuovo Don Bosco,3079.0,21.6068
005037,2024,1,Cessole,366.0,11.7779
005040,2024,1,Cisterna d'Asti,1221.0,10.7326
005041,2024,1,Coazzolo,285.0,4.0489
005042,2024,3,Cocconato,1385.0,16.5226
005046,2024,2,Cortanze,273.0,4.4766
005049,2024,1,Cossombrato,516.0,5.3987
005050,2024,11,Costigliole d'Asti,5682.0,36.9432
005052,2024,2,Dusino San Michele,1065.0,11.9251
005053,2024,3,Ferrere,1529.0,13.927
005056,2024,1,Grana,542.0,5.8883
005057,2024,1,Grazzano Badoglio,587.0,10.4721
005058,2024,1,Incisa Scapaccino,2054.0,20.7037
005059,2024,9,Isola d'Asti,1995.0,13.5026
005065,2024,2,Mombaruzzo,1008.0,22.3971
005066,2024,2,Mombercelli,2113.0,14.2321
005068,2024,1,Monastero Bormida,882.0,14.2057
005069,2024,9,Moncalvo,2769.0,17.421
005070,2024,1,Moncucco Torinese,878.0,14.3291
005071,2024,1,Mongardino,857.0,6.855
005072,2024,1,Montabone,327.0,8.5373
005073,2024,1,Montafia,929.0,14.497
005075,2024,2,Montechiaro d'Asti,1216.0,10.1408
005076,2024,5,Montegrosso d'Asti,2307.0,15.4192
005077,2024,1,Montemagno,1053.0,16.0976
005080,2024,12,Nizza Monferrato,10128.0,30.3632
005086,2024,1,Piovà Massaia,571.0,11.0244
005089,2024,1,Refrancore,1551.0,13.2049
005090,2024,1,Revigliasco d'Asti,751.0,8.835
005092,2024,2,Robella,467.0,12.1805
005093,2024,1,Rocca d'Arazzo,915.0,12.5631
005097,2024,9,San Damiano d'Asti,8076.0,47.8656
005099,2024,2,San Martino Alfieri,675.0,7.2094
005100,2024,1,San Marzano Oliveto,992.0,9.6838
005101,2024,2,San Paolo Solbrito,1184.0,11.8691
005105,2024,1,Sessame,249.0,8.4471
005112,2024,2,Valfenera,2365.0,22.0383
005117,2024,10,Villafranca d'Asti,2955.0,12.8798
005118,2024,16,Villanova d'Asti,5581.0,41.948
005120,2024,1,Vinchio,555.0,9.2863
005121,2024,2,Montiglio Monferrato,1556.0,26.8624
006001,2024,40,Acqui Terme,19223.0,33.2967
006002,2024,2,Albera Ligure,297.0,21.2298
006003,2024,420,Alessandria,91089.0,203.5657
006008,2024,1,Alzano Scrivia,358.0,2.1269
006009,2024,13,Arquata Scrivia,6254.0,29.2434
006010,2024,1,Avolasca,257.0,12.2375
006011,2024,1,Balzola,1311.0,16.6197
006012,2024,8,Basaluzzo,2015.0,15.0526
006013,2024,2,Bassignana,1575.0,28.7122
006014,2024,10,Belforte Monferrato,502.0,8.3258
006017,2024,7,Bistagno,1773.0,17.5936
006018,2024,5,Borghetto di Borbera,1914.0,39.3977
006020,2024,1,Borgo San Martino,1375.0,9.723
006021,2024,2,Bosco Marengo,2265.0,44.5297
006024,2024,1,Brignano-Frascata,429.0,17.5285
006025,2024,1,Cabella Ligure,482.0,46.6332
006029,2024,8,Capriata d'Orba,1795.0,28.4663
006030,2024,3,Carbonara Scrivia,1098.0,5.0526
006031,2024,2,Carentino,333.0,9.7892
006035,2024,1,Carrosio,489.0,6.9232
006036,2024,1,Cartosio,724.0,16.3412
006037,2024,1,Casal Cermelli,1167.0,12.1635
006039,2024,95,Casale Monferrato,32641.0,86.2097
006040,2024,3,Casalnoceto,979.0,12.9866
006043,2024,14,Cassine,2860.0,33.0925
006046,2024,1,Castellar Guidobono,397.0,2.4828
006047,2024,6,Castellazzo Bormida,4389.0,45.1283
006049,2024,3,Castelletto d'Orba,1858.0,13.977
006051,2024,7,Castelletto Monferrato,1428.0,9.5776
006052,2024,2,Castelnuovo Bormida,626.0,13.1107
006053,2024,16,Castelnuovo Scrivia,4874.0,45.4213
006057,2024,1,Cereseto,391.0,10.4427
006058,2024,1,Cerreto Grue,302.0,4.747
006059,2024,3,Cerrina Monferrato,1301.0,17.3008
006061,2024,3,Conzano,948.0,11.6117
006068,2024,6,Felizzano,2142.0,25.0138
006070,2024,1,Francavilla Bisio,502.0,7.7515
006073,2024,1,Frassineto Po,1371.0,29.5609
006074,2024,2,Fresonara,624.0,6.9336
006075,2024,4,Frugarolo,1885.0,27.0575
006076,2024,1,Fubine Monferrato,1579.0,25.5333
006078,2024,1,Gamalero,825.0,12.1543
006079,2024,2,Garbagna,618.0,20.7165
006081,2024,6,Gavi,4454.0,45.0432
006088,2024,1,Lerma,823.0,14.5358
006090,2024,1,Malvicino,83.0,9.035
006092,2024,4,Melazzo,1249.0,19.7375
006094,2024,2,Mirabello Monferrato,1212.0,13.2357
006095,2024,1,Molare,2069.0,32.504
006097,2024,1,Mombello Monferrato,946.0,19.6941
006101,2024,1,Monleale,558.0,9.6176
006105,2024,1,Montecastello,306.0,7.4867
006106,2024,1,Montechiaro d'Acqui,513.0,17.5982
006108,2024,1,Montemarzino,309.0,9.8515
006109,2024,2,Morano sul Po,1324.0,17.7049
006114,2024,91,Novi Ligure,27683.0,55.1948
006115,2024,1,Occimiano,1261.0,22.4629
006119,2024,1,Orsara Bormida,408.0,5.0996
006121,2024,27,Ovada,10975.0,35.3724
006122,2024,3,Oviglio,1182.0,27.3665
006123,2024,2,Ozzano Monferrato,1358.0,15.1834
006128,2024,1,Pecetto di Valenza,1156.0,11.3546
006131,2024,3,Pomaro Monferrato,328.0,13.4427
006132,2024,12,Pontecurone,3422.0,29.7041
006133,2024,8,Pontestura,1331.0,18.9177
006136,2024,1,Ponzone,1003.0,69.0281
006137,2024,1,Pozzol Groppo,301.0,14.0866
006138,2024,23,Pozzolo Formigaro,4522.0,36.1765
006139,2024,3,Prasco,478.0,5.9724
006140,2024,5,Predosa,1910.0,33.0071
006141,2024,2,Quargnento,1352.0,36.1651
006142,2024,6,Quattordio,1524.0,17.7338
006144,2024,4,Rivalta Bormida,1361.0,10.0516
006145,2024,1,Rivarone,389.0,6.0734
006147,2024,5,Rocca Grimalda,1430.0,15.4612
006149,2024,1,Rosignano Monferrato,1461.0,19.2799
006151,2024,11,Sale,3913.0,44.9156
006152,2024,1,San Cristoforo,547.0,3.5706
006153,2024,3,San Giorgio Monferrato,1192.0,7.1156
006154,2024,10,San Salvatore Monferrato,4055.0,31.6916
006155,2024,1,San Sebastiano Curone,533.0,3.8925
006160,2024,41,Serravalle Scrivia,5872.0,15.9488
006161,2024,1,Sezzadio,1205.0,34.3195
006162,2024,6,Silvano d'Orba,1874.0,12.1681
006163,2024,8,Solero,1570.0,22.5538
006165,2024,1,Spigno Monferrato,956.0,54.8544
006167,2024,1,Stazzano,2369.0,17.9132
006168,2024,3,Strevi,1906.0,15.2889
006169,2024,6,Tagliolo Monferrato,1510.0,26.2111
006171,2024,1,Terruggia,906.0,7.2664
006172,2024,5,Terzo,846.0,8.796
006173,2024,1,Ticineto,1304.0,8.0894
006174,2024,107,Tortona,26713.0,98.8666
006177,2024,27,Valenza,18149.0,48.4945
006179,2024,4,Vignale Monferrato,945.0,18.7258
006180,2024,13,Vignole Borbera,2023.0,8.6455
006181,2024,6,Viguzzolo,3064.0,18.3072
006183,2024,3,Villalvernia,884.0,4.4744
006185,2024,1,Villanova Monferrato,1752.0,16.5563
006186,2024,1,Villaromagnano,663.0,6.0672
006187,2024,3,Visone,1141.0,12.5617
006188,2024,2,Volpedo,1170.0,10.4833
006189,2024,1,Volpeglino,134.0,3.2458
006190,2024,4,Voltaggio,671.0,52.1828
006191,2024,3,Cassano Spinola,1843.0,17.1263
006192,2024,4,Alluvioni Piovera,1635.0,24.7837
006193,2024,1,Lu e Cuccaro Monferrato,1338.0,27.095
007002,2024,2,Antey-Saint-André,546.0,11.808
007003,2024,94,Aosta,33523.0,21.3923
007004,2024,3,Arnad,1227.0,28.8405
007005,2024,1,Arvier,852.0,33.3596
007007,2024,2,Ayas,1399.0,129.4208
007008,2024,6,Aymavilles,2098.0,53.2436
007009,2024,2,Bard,112.0,3.0315
007011,2024,4,Brissogne,942.0,25.5133
007012,2024,2,Brusson,863.0,55.2621
007014,2024,4,Challand-Saint-Victor,536.0,25.1589
007015,2024,4,Chambave,872.0,21.5416
007019,2024,9,Charvensod,2377.0,25.8619
007020,2024,10,Châtillon,4450.0,39.6811
007021,2024,1,Cogne,1343.0,213.0372
007022,2024,9,Courmayeur,2734.0,209.6059
007023,2024,7,Donnas,2405.0,33.977
007026,2024,1,Etroubles,483.0,39.5692
007027,2024,1,Fénis,1778.0,68.1198
007028,2024,1,Fontainemore,433.0,31.7089
007030,2024,4,Gignod,1739.0,25.9833
007031,2024,4,Gressan,3380.0,25.3034
007033,2024,2,Gressoney-Saint-Jean,804.0,69.6471
007034,2024,4,Hône,1154.0,12.6384
007036,2024,1,Issime,393.0,35.3779
007038,2024,4,Jovençan,712.0,7.012
007040,2024,3,La Salle,2007.0,83.9427
007041,2024,3,La Thuile,819.0,125.6666
007043,2024,3,Montjovet,1749.0,18.7597
007044,2024,4,Morgex,2097.0,43.6277
007045,2024,10,Nus,2984.0,57.3544
007048,2024,1,Perloz,452.0,23.2665
007049,2024,4,Pollein,1520.0,15.3295
007051,2024,1,Pontey,798.0,15.7533
007052,2024,3,Pont-Saint-Martin,3571.0,6.9224
007053,2024,5,Pré-Saint-Didier,996.0,33.4018
007054,2024,19,Quart,4101.0,62.052
007057,2024,1,Roisan,1015.0,14.641
007058,2024,5,Saint-Christophe,3471.0,14.7364
007060,2024,1,Saint-Marcel,1311.0,42.382
007063,2024,10,Saint-Pierre,3220.0,26.1772
007064,2024,4,Saint-Rhémy-en-Bosses,333.0,64.877
007065,2024,7,Saint-Vincent,4465.0,20.5721
007066,2024,10,Sarre,4793.0,28.281
007071,2024,2,Valtournenche,2273.0,116.1501
007072,2024,4,Verrayes,1267.0,22.3546
007073,2024,11,Verrès,2590.0,8.3607
007074,2024,7,Villeneuve,1247.0,8.7979
008001,2024,3,Airole,376.0,14.6268
008006,2024,2,Badalucco,1059.0,16.0999
008008,2024,38,Bordighera,10160.0,10.6456
008009,2024,1,Borghetto d'Arroscia,403.0,25.9387
008010,2024,2,Borgomaro,822.0,23.4357
008011,2024,25,Camporosso,5474.0,17.9447
008014,2024,1,Castellaro,1222.0,7.8606
008016,2024,1,Ceriana,1083.0,31.7924
008017,2024,4,Cervo,1129.0,3.585
008018,2024,1,Cesio,273.0,8.857
008019,2024,3,Chiusanico,585.0,13.5068
008020,2024,1,Chiusavecchia,515.0,4.0918
008021,2024,7,Cipressa,1197.0,9.393
008022,2024,1,Civezza,619.0,3.8809
008024,2024,3,Costarainera,773.0,2.519
008026,2024,7,Diano Castello,2266.0,6.1136
008027,2024,44,Diano Marina,5681.0,6.6729
008028,2024,1,Diano San Pietro,1066.0,11.9117
008029,2024,4,Dolceacqua,2085.0,20.2846
008031,2024,229,Imperia,41941.0,45.3823
008032,2024,1,Isolabona,685.0,12.3465
008033,2024,1,Lucinasco,275.0,7.8969
008035,2024,1,Molini di Triora,606.0,58.0472
008038,2024,1,Olivetta San Michele,199.0,13.8375
008039,2024,6,Ospedaletti,3205.0,5.4462
008042,2024,4,Pieve di Teco,1315.0,40.5045
008044,2024,1,Pompeiana,851.0,5.3802
008045,2024,1,Pontedassio,2318.0,13.3128
008046,2024,1,Pornassio,663.0,27.2114
008048,2024,1,Ranzo,545.0,10.8563
008050,2024,13,Riva Ligure,2800.0,2.0712
008051,2024,1,Rocchetta Nervina,304.0,15.2848
008052,2024,12,San Bartolomeo al Mare,2983.0,10.8533
008053,2024,4,San Biagio della Cima,1238.0,4.307
008054,2024,6,San Lorenzo al Mare,1235.0,1.2886
008055,2024,358,Sanremo,53451.0,55.9577
008056,2024,9,Santo Stefano al Mare,2058.0,2.6886
008058,2024,2,Soldano,1005.0,3.466
008059,2024,54,Taggia,13869.0,31.3583
008061,2024,1,Triora,360.0,67.606
008063,2024,28,Vallecrosia,6700.0,3.6815
008065,2024,123,Ventimiglia,23131.0,53.7257
009001,2024,49,Alassio,10322.0,17.2476
009002,2024,172,Albenga,23749.0,36.5751
009003,2024,25,Albissola Marina,5292.0,3.2457
009004,2024,56,Albisola Superiore,9539.0,28.6771
009005,2024,13,Altare,1962.0,11.2964
009006,2024,20,Andora,7297.0,31.7987
009007,2024,2,Arnasco,585.0,6.093
009008,2024,1,Balestrino,534.0,11.2733
009009,2024,2,Bardineto,758.0,29.7933
009010,2024,4,Bergeggi,1077.0,3.6899
009011,2024,4,Boissano,2472.0,8.3522
009012,2024,39,Borghetto Santo Spirito,4552.0,5.391
009013,2024,4,Borgio Verezzi,2084.0,2.7326
009015,2024,22,Cairo Montenotte,12691.0,100.4026
009016,2024,4,Calice Ligure,1682.0,20.6034
009017,2024,1,Calizzano,1426.0,62.7437
009018,2024,9,Carcare,5295.0,10.4005
009019,2024,2,Casanova Lerrone,705.0,24.2297
009020,2024,1,Castelbianco,310.0,14.7042
009022,2024,39,Celle Ligure,4982.0,9.5606
009023,2024,1,Cengio,3308.0,18.9617
009024,2024,23,Ceriale,5375.0,11.1527
009025,2024,7,Cisano sul Neva,2123.0,12.2727
009026,2024,3,Cosseria,1062.0,12.4065
009028,2024,3,Erli,222.0,16.7298
009029,2024,83,Finale Ligure,11304.0,35.5254
009030,2024,3,Garlenda,1302.0,8.0315
009031,2024,3,Giustenice,986.0,17.2237
009033,2024,6,Laigueglia,1712.0,2.7242
009034,2024,55,Loano,10866.0,13.4774
009035,2024,2,Magliolo,940.0,19.5718
009036,2024,1,Mallare,1058.0,31.7301
009038,2024,5,Millesimo,3247.0,15.9575
009040,2024,3,Murialdo,771.0,39.2213
009041,2024,1,Nasino,173.0,22.1769
009042,2024,7,Noli,2470.0,9.6682
009044,2024,3,Orco Feglino,919.0,17.313
009045,2024,11,Ortovero,1584.0,9.6586
009047,2024,1,Pallare,919.0,21.3321
009048,2024,4,Piana Crixia,787.0,30.4451
009049,2024,32,Pietra Ligure,8404.0,9.8781
009050,2024,1,Plodio,626.0,8.6454
009051,2024,2,Pontinvrea,840.0,24.9456
009052,2024,34,Quiliano,6934.0,49.9186
009053,2024,1,Rialto,558.0,19.5971
009054,2024,7,Roccavignale,761.0,17.7066
009055,2024,5,Sassello,1756.0,100.656
009056,2024,409,Savona,58949.0,65.3174
009057,2024,19,Spotorno,3565.0,8.0198
009058,2024,9,Stella,2929.0,43.6807
009061,2024,9,Toirano,2655.0,18.9652
009062,2024,6,Tovo San Giacomo,2514.0,9.4467
009063,2024,2,Urbe,670.0,31.1689
009064,2024,33,Vado Ligure,8180.0,23.7846
009065,2024,45,Varazze,12697.0,47.9963
009066,2024,1,Vendone,364.0,9.915
009067,2024,7,Vezzi Portio,807.0,8.7616
009068,2024,16,Villanova d'Albenga,2761.0,15.8914
009069,2024,4,Zuccarello,291.0,10.807
010001,2024,16,Arenzano,11219.0,24.2972
010002,2024,2,Avegno,2506.0,10.9322
010003,2024,2,Bargagli,2532.0,16.2765
010004,2024,10,Bogliasco,4365.0,4.4242
010005,2024,10,Borzonasca,1848.0,80.5133
010006,2024,4,Busalla,5194.0,17.0618
010007,2024,2,Camogli,5087.0,10.0652
010008,2024,10,Campo Ligure,2816.0,23.7401
010010,2024,26,Carasco,3705.0,8.4579
010011,2024,16,Casarza Ligure,6743.0,27.8222
010012,2024,2,Casella,3110.0,8.0656
010013,2024,7,Castiglione Chiavarese,1579.0,29.7498
010014,2024,2,Ceranesi,3679.0,30.6952
010015,2024,165,Chiavari,27244.0,12.231
010016,2024,6,Cicagna,2245.0,11.2837
010017,2024,21,Cogoleto,8737.0,20.7228
010018,2024,10,Cogorno,5672.0,9.0821
010019,2024,1,Coreglia Ligure,267.0,8.0024
010020,2024,1,Crocefieschi,518.0,11.7248
010021,2024,4,Davagna,1786.0,20.5252
010023,2024,2,Favale di Malvaro,434.0,16.6164
010025,2024,3872,Genova,566410.0,240.2876
010027,2024,7,Isola del Cantone,1426.0,47.9672
010028,2024,102,Lavagna,12352.0,13.8763
010029,2024,5,Leivi,2383.0,9.7099
010031,2024,4,Lumarzo,1475.0,25.5078
010032,2024,7,Masone,3497.0,29.4412
010033,2024,15,Mele,2626.0,16.9335
010034,2024,4,Mezzanego,1456.0,28.6498
010035,2024,7,Mignanego,3501.0,16.2743
010036,2024,6,Moconesi,2411.0,16.2718
010037,2024,6,Moneglia,2630.0,15.6107
010038,2024,5,Montebruno,211.0,17.6787
010039,2024,3,Montoggio,1995.0,47.7246
010040,2024,3,Ne,2174.0,63.5214
010041,2024,2,Neirone,822.0,30.2369
010042,2024,2,Orero,512.0,15.9884
010043,2024,13,Pieve Ligure,2475.0,3.5565
010044,2024,2,Portofino,374.0,2.5311
010046,2024,135,Rapallo,29148.0,33.621
010047,2024,54,Recco,9442.0,9.7716
010048,2024,6,Rezzoaglio,913.0,104.719
010049,2024,10,Ronco Scrivia,4192.0,30.1115
010051,2024,14,Rossiglione,2606.0,47.5932
010053,2024,8,San Colombano Certenoli,2593.0,41.5747
010054,2024,75,Santa Margherita Ligure,8724.0,10.0436
010055,2024,4,Sant'Olcese,5633.0,21.9016
010056,2024,3,Santo Stefano d'Aveto,1015.0,54.7734
010057,2024,11,Savignone,3038.0,21.744
010058,2024,19,Serra Riccò,7621.0,26.2045
010059,2024,92,Sestri Levante,17788.0,33.6163
010060,2024,12,Sori,4010.0,13.0661
010061,2024,1,Tiglieto,495.0,24.5372
010062,2024,6,Torriglia,2198.0,60.0146
010067,2024,10,Zoagli,2325.0,7.7878
011001,2024,8,Ameglia,4270.0,14.1732
011002,2024,17,Arcola,10125.0,16.5379
011003,2024,6,Beverino,2267.0,34.945
011004,2024,1,Bolano,7444.0,14.5663
011005,2024,1,Bonassola,822.0,9.1896
011006,2024,5,Borghetto di Vara,886.0,27.3369
011007,2024,3,Brugnato,1285.0,11.9013
011009,2024,1,Carro,518.0,31.7917
011010,2024,7,Carrodano,476.0,21.8632
011011,2024,11,Castelnuovo Magra,8320.0,15.017
011012,2024,8,Deiva Marina,1338.0,14.0856
011013,2024,7,Follo,6203.0,23.2703
011014,2024,2,Framura,632.0,19.2599
011015,2024,524,La Spezia,92441.0,51.3951
011016,2024,23,Lerici,9648.0,16.0078
011017,2024,3,Levanto,5263.0,36.814
011020,2024,14,Luni,8236.0,13.8558
011021,2024,1,Pignone,540.0,17.7462
011022,2024,4,Portovenere,3348.0,7.6646
011023,2024,7,Riccò del Golfo di Spezia,3566.0,37.7634
011024,2024,2,Riomaggiore,1392.0,10.2899
011026,2024,27,Santo Stefano di Magra,9836.0,13.8524
011027,2024,43,Sarzana,21697.0,34.5374
011028,2024,2,Sesta Godano,1294.0,67.7758
011029,2024,1,Varese Ligure,1834.0,137.5884
011031,2024,44,Vezzano Ligure,7237.0,18.3684
011032,2024,1,Zignago,488.0,28.7008
012002,2024,11,Albizzate,5203.0,3.8821
012003,2024,6,Angera,5365.0,17.7261
012004,2024,4,Arcisate,9956.0,12.1264
012005,2024,11,Arsago Seprio,4806.0,10.5059
012006,2024,3,Azzate,4613.0,4.5062
012007,2024,1,Azzio,753.0,2.1722
012008,2024,1,Barasso,1657.0,3.9232
012010,2024,1,Bedero Valcuvia,667.0,2.5636
012011,2024,2,Besano,2531.0,3.432
012012,2024,10,Besnate,5475.0,7.4769
012013,2024,10,Besozzo,8793.0,13.9454
012014,2024,5,Biandronno,3210.0,9.5209
012015,2024,6,Bisuschio,4293.0,7.03
012016,2024,1,Bodio Lomnago,2212.0,4.0386
012017,2024,12,Brebbia,3194.0,6.8686
012019,2024,1,Brenta,1741.0,4.182
012020,2024,4,Brezzo di Bedero,1244.0,9.9542
012022,2024,3,Brissago-Valtravaglia,1227.0,6.1189
012024,2024,7,Brusimpiano,1170.0,5.9058
012025,2024,15,Buguggiate,3078.0,2.5045
012026,2024,414,Busto Arsizio,83045.0,30.6597
012027,2024,5,Cadegliano-Viconago,2154.0,10.2718
012029,2024,23,Cairate,7687.0,11.2635
012030,2024,5,Cantello,4750.0,9.1334
012031,2024,2,Caravate,2591.0,5.127
012032,2024,31,Cardano al Campo,14780.0,9.4198
012033,2024,4,Carnago,6591.0,6.2131
012034,2024,43,Caronno Pertusella,18035.0,8.5453
012035,2024,6,Caronno Varesino,4787.0,5.7494
012036,2024,4,Casale Litta,2711.0,10.5879
012037,2024,1,Casalzuigno,1340.0,7.3228
012038,2024,4,Casciago,3613.0,4.0454
012039,2024,16,Casorate Sempione,5648.0,6.9092
012040,2024,66,Cassano Magnago,21385.0,12.3442
012041,2024,1,Cassano Valcuvia,653.0,3.9547
012042,2024,68,Castellanza,14328.0,6.9206
012043,2024,1,Castello Cabiaglio,551.0,6.9824
012044,2024,3,Castelseprio,1297.0,3.7509
012045,2024,3,Castelveccana,1894.0,20.7887
012046,2024,11,Castiglione Olona,7635.0,6.9003
012047,2024,6,Castronno,5042.0,3.759
012048,2024,5,Cavaria con Premezzo,5692.0,3.3176
012049,2024,3,Cazzago Brabbia,799.0,4.0039
012050,2024,18,Cislago,10328.0,11.1336
012051,2024,4,Cittiglio,3797.0,11.1074
012052,2024,1,Clivio,1909.0,2.9838
012053,2024,8,Cocquio-Trevisago,4612.0,9.8056
012054,2024,5,Comabbio,1228.0,4.6874
012055,2024,1,Comerio,2880.0,5.5493
012056,2024,2,Cremenaga,774.0,4.551
012058,2024,1,Cuasso al Monte,3598.0,16.1837
012059,2024,1,Cugliate-Fabiasco,3046.0,6.5438
012060,2024,10,Cunardo,2902.0,6.0591
012062,2024,2,Cuveglio,3266.0,7.5272
012063,2024,2,Cuvio,1626.0,5.959
012065,2024,2,Dumenza,1474.0,18.3987
012067,2024,24,Fagnano Olona,12350.0,8.6809
012068,2024,10,Ferno,6765.0,8.6579
012069,2024,3,Ferrera di Varese,702.0,1.5265
012070,2024,281,Gallarate,52787.0,20.9823
012071,2024,1,Galliate Lombardo,989.0,3.2748
012072,2024,21,Gavirate,9068.0,12.0086
012073,2024,24,Gazzada Schianno,4538.0,4.8411
012074,2024,5,Gemonio,2884.0,3.6747
012075,2024,18,Gerenzano,10804.0,9.7868
012076,2024,6,Germignaga,3822.0,4.6598
012077,2024,6,Golasecca,2641.0,7.4364
012078,2024,3,Gorla Maggiore,4922.0,5.158
012079,2024,25,Gorla Minore,8132.0,7.4805
012080,2024,3,Gornate Olona,2161.0,4.6957
012083,2024,16,Induno Olona,10303.0,12.3655
012084,2024,8,Ispra,5208.0,15.9092
012085,2024,17,Jerago con Orago,5241.0,3.8742
012086,2024,17,Lavena Ponte Tresa,5812.0,4.4421
012087,2024,2,Laveno-Mombello,8380.0,23.5301
012089,2024,7,Lonate Ceppino,5052.0,4.8367
012090,2024,40,Lonate Pozzolo,11483.0,29.2406
012091,2024,11,Lozza,1225.0,1.7099
012092,2024,35,Luino,14207.0,21.0057
012096,2024,28,Malnate,16391.0,9.0012
012097,2024,7,Marchirolo,3492.0,5.4904
012098,2024,10,Marnate,8010.0,4.8464
012101,2024,1,Mercallo,1776.0,5.4816
012102,2024,3,Mesenzana,1623.0,4.8831
012103,2024,1,Montegrino Valtravaglia,1492.0,10.1012
012105,2024,6,Morazzone,4255.0,5.6025
012106,2024,9,Mornago,4945.0,12.2356
012107,2024,3,Oggiona con Santo Stefano,4308.0,2.7451
012108,2024,55,Olgiate Olona,12585.0,7.2066
012109,2024,15,Origgio,7909.0,7.9149
012113,2024,9,Porto Ceresio,2850.0,5.3374
012114,2024,5,Porto Valtravaglia,2294.0,16.3739
012115,2024,7,Rancio Valcuvia,904.0,4.4481
012116,2024,2,Ranco,1240.0,6.7632
012117,2024,3,Saltrio,2987.0,3.439
012118,2024,37,Samarate,16065.0,16.014
012119,2024,136,Saronno,38755.0,11.0575
012120,2024,32,Sesto Calende,11055.0,25.0379
012121,2024,9,Solbiate Arno,4014.0,3.0347
012122,2024,7,Solbiate Olona,5341.0,4.9318
012123,2024,60,Somma Lombardo,17785.0,30.5053
012124,2024,3,Sumirago,6014.0,11.7498
012126,2024,1,Ternate,2537.0,4.6798
012127,2024,16,Tradate,18797.0,21.4775
012128,2024,6,Travedona-Monate,3989.0,9.5968
012129,2024,1,Tronzano Lago Maggiore,219.0,11.0619
012130,2024,21,Uboldo,10607.0,10.7362
012131,2024,9,Valganna,1587.0,12.4185
012132,2024,2,Varano Borghi,2446.0,3.3321
012133,2024,373,Varese,79350.0,54.8393
012134,2024,17,Vedano Olona,7328.0,7.0848
012136,2024,12,Venegono Inferiore,5980.0,5.8788
012137,2024,9,Venegono Superiore,7289.0,6.7338
012138,2024,20,Vergiate,8641.0,21.7832
012139,2024,3,Viggiù,5079.0,9.2627
012140,2024,5,Vizzola Ticino,574.0,7.6059
012141,2024,2,Sangiano,1483.0,2.2206
012142,2024,3,Maccagno con Pino e Veddasca,2423.0,41.9571
012143,2024,6,Cadrezzate con Osmate,2638.0,8.2455
013003,2024,18,Albavilla,6359.0,10.3792
013004,2024,12,Albese con Cassano,4187.0,7.9506
013005,2024,5,Albiolo,2709.0,2.8386
013007,2024,11,Alzate Brianza,4827.0,7.5847
013009,2024,3,Anzano del Parco,1786.0,3.245
013010,2024,8,Appiano Gentile,7652.0,12.8076
013011,2024,10,Argegno,686.0,4.1121
013012,2024,12,Arosio,5106.0,2.5822
013013,2024,7,Asso,3562.0,6.5106
013015,2024,3,Barni,563.0,5.7157
013022,2024,6,Beregazzo con Figliaro,2787.0,3.8047
013023,2024,7,Binago,4765.0,7.1194
013024,2024,1,Bizzarone,1728.0,2.6705
013026,2024,4,Blevio,1143.0,5.4718
013028,2024,16,Bregnano,6439.0,6.1737
013029,2024,1,Brenna,2165.0,4.8311
013030,2024,5,Brienno,335.0,8.972
013034,2024,4,Bulgarograsso,4026.0,3.7733
013035,2024,15,Cabiate,7416.0,3.1784
013036,2024,7,Cadorago,7957.0,7.1615
013041,2024,119,Cantù,39469.0,23.2534
013042,2024,16,Canzo,5182.0,11.1053
013043,2024,7,Capiago Intimiano,5470.0,5.7175
013044,2024,4,Carate Urio,1122.0,6.9442
013045,2024,3,Carbonate,2918.0,4.9237
013046,2024,9,Carimate,4416.0,5.1719
013047,2024,8,Carlazzo,3103.0,12.7329
013048,2024,9,Carugo,6564.0,4.1945
013052,2024,2,Caslino d'Erba,1646.0,6.8896
013053,2024,2,Casnate con Bernate,4990.0,5.2221
013055,2024,4,Cassina Rizzardi,3338.0,3.5073
013058,2024,5,Castelmarte,1249.0,1.9723
013059,2024,1,Castelnuovo Bozzente,911.0,3.622
013064,2024,34,Cermenate,9199.0,8.1831
013065,2024,13,Cernobbio,6498.0,12.2813
013068,2024,7,Cirimido,2080.0,2.6263
013071,2024,4,Claino con Osteno,566.0,12.9034
013074,2024,1,Colonno,469.0,5.6171
013075,2024,406,Como,84250.0,37.1412
013083,2024,2,Cremia,687.0,10.1382
013084,2024,9,Cucciago,3456.0,4.9305
013085,2024,2,Cusino,214.0,9.6466
013087,2024,2,Dizzasco,602.0,3.6082
013089,2024,8,Domaso,1462.0,6.2764
013090,2024,12,Dongo,3253.0,7.0436
013095,2024,43,Erba,16208.0,17.8017
013097,2024,6,Eupilio,2583.0,6.9373
013098,2024,2,Faggeto Lario,1169.0,17.523
013099,2024,2,Faloppio,4795.0,4.1414
013100,2024,13,Fenegrò,3180.0,5.3603
013101,2024,3,Figino Serenza,5030.0,4.9561
013102,2024,31,Fino Mornasco,9803.0,7.2711
013107,2024,8,Gera Lario,1049.0,7.1792
013110,2024,11,Grandate,2809.0,2.825
013111,2024,4,Grandola ed Uniti,1300.0,16.8991
013113,2024,6,Griante,595.0,6.5458
013114,2024,5,Guanzate,5816.0,6.9053
013118,2024,20,Inverigo,9169.0,9.9865
013119,2024,4,Laglio,891.0,6.1961
013120,2024,1,Laino,536.0,6.6825
013121,2024,4,Lambrugo,2529.0,1.836
013123,2024,1,Lasnigo,462.0,5.5255
013126,2024,2,Lezzeno,1996.0,20.7039
013128,2024,3,Limido Comasco,3860.0,4.5636
013129,2024,11,Lipomo,5950.0,2.2977
013131,2024,3,Locate Varesino,4278.0,6.0364
013133,2024,34,Lomazzo,9998.0,9.477
013134,2024,1,Longone al Segrino,1929.0,1.6045
013135,2024,5,Luisago,2738.0,2.1613
013136,2024,8,Lurago d'Erba,5386.0,4.6988
013137,2024,1,Lurago Marinone,2570.0,3.8854
013138,2024,18,Lurate Caccivio,9742.0,5.9357
013143,2024,66,Mariano Comense,25214.0,13.8027
013145,2024,7,Menaggio,3073.0,11.7701
013147,2024,8,Merone,4064.0,3.2814
013152,2024,10,Moltrasio,1569.0,8.8973
013153,2024,1,Monguzzo,2364.0,3.727
013154,2024,10,Montano Lucino,5287.0,5.2231
013159,2024,9,Mozzate,8656.0,10.6815
013161,2024,2,Nesso,1172.0,15.0301
013163,2024,6,Novedrate,2860.0,2.921
013165,2024,25,Olgiate Comasco,11735.0,10.9644
013169,2024,5,Oltrona di San Mamette,2380.0,2.688
013170,2024,2,Orsenigo,2674.0,4.4607
013184,2024,1,Pigra,245.0,4.5334
013185,2024,1,Plesio,832.0,16.904
013188,2024,2,Ponte Lambro,4270.0,3.3802
013189,2024,21,Porlezza,4847.0,18.6399
013192,2024,2,Proserpio,908.0,2.2991
013193,2024,7,Pusiano,1366.0,3.2026
013197,2024,1,Rodero,1258.0,2.5208
013201,2024,1,Rovellasca,7971.0,3.5679
013202,2024,6,Rovello Porro,6217.0,5.5316
013203,2024,4,Sala Comacina,481.0,4.7342
013206,2024,3,San Fermo della Battaglia,7774.0,5.7797
013212,2024,7,Senna Comasco,3157.0,2.7868
013216,2024,9,Sorico,1235.0,24.437
013217,2024,2,Sormano,632.0,10.7425
013222,2024,11,Tavernerio,5740.0,11.8815
013223,2024,3,Torno,1123.0,7.5288
013227,2024,27,Turate,9481.0,10.2824
013229,2024,5,Valbrona,2606.0,13.6474
013232,2024,3,Valmorea,2629.0,3.132
013234,2024,2,Valsolda,1453.0,31.7405
013238,2024,12,Veniano,3070.0,3.1517
013242,2024,3,Vertemate con Minoprio,4145.0,5.7469
013245,2024,7,Villa Guardia,7933.0,7.8577
013246,2024,2,Zelbio,186.0,4.5952
013248,2024,5,San Siro,1718.0,18.7866
013249,2024,7,Gravedona ed Uniti,4080.0,39.852
013250,2024,9,Bellagio,3611.0,29.0589
013251,2024,3,Colverde,5403.0,8.5814
013252,2024,19,Tremezzina,5046.0,29.4097
013253,2024,5,Alta Valle Intelvi,2973.0,24.9508
013254,2024,6,Centro Valle Intelvi,3554.0,19.6566
013255,2024,6,Solbiate con Cagno,4642.0,7.6232
013256,2024,3,,,
014001,2024,5,Albaredo per San Marco,288.0,18.9604
014002,2024,10,Albosaggia,3021.0,34.3464
014004,2024,2,Aprica,1496.0,20.3652
014005,2024,8,Ardenno,3213.0,17.1442
014007,2024,12,Berbenno di Valtellina,4045.0,35.5949
014008,2024,3,Bianzone,1273.0,17.1065
014009,2024,12,Bormio,4074.0,41.4364
014010,2024,2,Buglio in Monte,1961.0,27.707
014011,2024,2,Caiolo,1056.0,32.9723
014012,2024,1,Campodolcino,922.0,48.4884
014013,2024,2,Caspoggio,1345.0,7.3122
014014,2024,2,Castello dell'Acqua,606.0,14.07
014015,2024,6,Castione Andevenno,1548.0,17.0329
014016,2024,1,Cedrasco,435.0,14.4204
014018,2024,5,Chiavenna,7144.0,10.7742
014019,2024,1,Chiesa in Valmalenco,2370.0,107.5975
014020,2024,8,Chiuro,2439.0,51.7567
014023,2024,6,Colorina,1353.0,17.8352
014024,2024,13,Cosio Valtellino,5409.0,23.9902
014026,2024,5,Delebio,3286.0,22.438
014027,2024,8,Dubino,3702.0,13.2392
014029,2024,6,Forcola,770.0,15.8975
014030,2024,1,Fusine,552.0,37.595
014032,2024,2,Gordona,1938.0,62.7928
014033,2024,7,Grosio,4412.0,126.9158
014034,2024,2,Grosotto,1635.0,53.1233
014035,2024,3,Madesimo,545.0,85.6544
014036,2024,2,Lanzada,1281.0,117.165
014037,2024,12,Livigno,6887.0,227.2927
014038,2024,1,Lovero,633.0,13.4606
014039,2024,2,Mantello,752.0,3.7844
014040,2024,3,Mazzo di Valtellina,1017.0,15.3245
014044,2024,8,Montagna in Valtellina,2945.0,44.9738
014045,2024,22,Morbegno,12237.0,14.816
014046,2024,3,Novate Mezzola,1872.0,99.7437
014048,2024,3,Piantedo,1427.0,6.8047
014049,2024,7,Piateda,2083.0,70.7998
014051,2024,4,Poggiridenti,1829.0,2.8988
014052,2024,1,Ponte in Valtellina,2258.0,67.7265
014053,2024,4,Postalesio,644.0,10.5844
014054,2024,5,Prata Camportaccio,2886.0,27.9382
014055,2024,1,Rasura,290.0,6.0003
014056,2024,2,Rogolo,541.0,12.8248
014057,2024,8,Samolaco,2834.0,45.7953
014058,2024,1,San Giacomo Filippo,360.0,61.8501
014060,2024,3,Sondalo,3970.0,95.4525
014061,2024,41,Sondrio,21202.0,20.8748
014063,2024,14,Talamona,4638.0,21.0512
014065,2024,19,Teglio,4445.0,115.3175
014066,2024,17,Tirano,8829.0,32.3745
014067,2024,1,Torre di Santa Maria,756.0,44.2368
014068,2024,1,Tovo di Sant'Agata,648.0,11.1463
014069,2024,3,Traona,2828.0,6.3664
014070,2024,5,Tresivio,2007.0,15.0134
014071,2024,12,Valdidentro,4153.0,226.7227
014072,2024,4,Valdisotto,3607.0,89.5706
014073,2024,4,Valfurva,2525.0,214.9861
014074,2024,1,Val Masino,865.0,116.7085
014075,2024,3,Verceia,1061.0,11.3774
014076,2024,1,Vervio,209.0,12.4053
014078,2024,18,Villa di Tirano,2925.0,24.7393
015002,2024,103,Abbiategrasso,32476.0,47.7776
015005,2024,16,Albairate,4670.0,14.9817
015007,2024,16,Arconate,6686.0,8.421
015009,2024,45,Arese,19463.0,6.5763
015010,2024,31,Arluno,12196.0,12.3585
015011,2024,63,Assago,9260.0,8.0523
015012,2024,55,Bareggio,17253.0,11.3842
015014,2024,12,Basiano,3665.0,4.5856
015015,2024,11,Basiglio,7933.0,8.4922
015016,2024,10,Bellinzago Lombardo,3797.0,4.5903
015019,2024,10,Bernate Ticino,3018.0,12.1619
015024,2024,31,Binasco,7199.0,3.8715
015026,2024,13,Boffalora sopra Ticino,4073.0,7.6536
015027,2024,78,Bollate,36239.0,13.1096
015032,2024,46,Bresso,26172.0,3.3824
015035,2024,2,Bubbiano,2438.0,2.949
015036,2024,82,Buccinasco,27015.0,12.0056
015038,2024,8,Buscate,4553.0,7.8322
015040,2024,6,Bussero,8380.0,4.5863
015041,2024,26,Busto Garolfo,13991.0,12.9872
015042,2024,1,Calvignasco,1240.0,1.7272
015044,2024,12,Cambiago,7113.0,7.1802
015046,2024,17,Canegrate,12466.0,5.2538
015050,2024,15,Carpiano,4153.0,17.2436
015051,2024,20,Carugate,15581.0,5.386
015055,2024,10,Casarile,4025.0,7.3249
015058,2024,5,Casorezzo,5513.0,6.5951
015059,2024,55,Cassano d'Adda,19151.0,18.601
015060,2024,17,Cassina de' Pecchi,13920.0,7.2095
015061,2024,1,Cassinetta di Lugagnano,1853.0,3.3175
015062,2024,20,Castano Primo,10980.0,19.1729
015070,2024,78,Cernusco sul Naviglio,35012.0,13.2206
015071,2024,10,Cerro al Lambro,5093.0,9.9631
015072,2024,56,Cerro Maggiore,15021.0,10.1212
015074,2024,50,Cesano Boscone,23686.0,3.9388
015076,2024,16,Cesate,14276.0,5.7681
015077,2024,348,Cinisello Balsamo,74636.0,12.7241
015078,2024,6,Cisliano,4929.0,14.6764
015081,2024,146,Cologno Monzese,47208.0,8.4021
015082,2024,2,Colturano,2009.0,4.1644
015085,2024,45,Corbetta,18600.0,18.6867
015086,2024,126,Cormano,20317.0,4.4734
015087,2024,13,Cornaredo,20590.0,11.0674
015093,2024,114,Corsico,34601.0,5.3556
015096,2024,21,Cuggiono,8194.0,14.9253
015097,2024,7,Cusago,4315.0,11.4585
015098,2024,50,Cusano Milanino,18787.0,3.0817
015099,2024,9,Dairago,6332.0,5.6355
015101,2024,1,Dresano,3006.0,3.479
015103,2024,35,Gaggiano,9225.0,26.2559
015105,2024,75,Garbagnate Milanese,26771.0,8.9131
015106,2024,17,Gessate,8842.0,7.7593
015108,2024,53,Gorgonzola,20899.0,10.5801
015110,2024,7,Grezzago,3067.0,2.4595
015112,2024,1,Gudo Visconti,1614.0,6.1012
015113,2024,23,Inveruno,8525.0,12.1348
015114,2024,28,Inzago,11255.0,12.2054
015115,2024,18,Lacchiarella,9060.0,24.0401
015116,2024,97,Lainate,26137.0,12.8701
015118,2024,295,Legnano,59855.0,17.697
015122,2024,14,Liscate,4042.0,9.4068
015125,2024,21,Locate di Triulzi,10290.0,12.6103
015130,2024,75,Magenta,24107.0,21.992
015131,2024,12,Magnago,9268.0,11.23
015134,2024,10,Marcallo con Casone,6134.0,8.2083
015136,2024,2,Masate,3580.0,4.3852
015139,2024,26,Mediglia,12220.0,21.9547
015140,2024,68,Melegnano,18011.0,4.9985
015142,2024,38,Melzo,18566.0,9.8204
015144,2024,8,Mesero,4199.0,5.6397
015146,2024,7743,Milano,1374582.0,181.6783
015150,2024,3,Morimondo,1032.0,26.0014
015154,2024,32,Nerviano,16973.0,13.243
015155,2024,1,Nosate,640.0,4.8763
015157,2024,69,Novate Milanese,20056.0,5.4619
015158,2024,12,Noviglio,4514.0,15.8582
015159,2024,38,Opera,14100.0,7.6385
015164,2024,16,Ossona,4276.0,5.9834
015165,2024,8,Ozzero,1418.0,10.9731
015166,2024,142,Paderno Dugnano,47380.0,14.1139
015167,2024,4,Pantigliate,5862.0,5.6921
015168,2024,88,Parabiago,27919.0,14.3077
015169,2024,18,Paullo,11147.0,8.8211
015170,2024,57,Pero,11451.0,4.9782
015171,2024,42,Peschiera Borromeo,23847.0,23.2212
015172,2024,14,Pessano con Bornago,9025.0,6.6624
015173,2024,41,Pieve Emanuele,15699.0,12.9138
015175,2024,68,Pioltello,36147.0,13.0937
015176,2024,28,Pogliano Milanese,8329.0,4.7848
015177,2024,4,Pozzo d'Adda,6345.0,4.1648
015178,2024,21,Pozzuolo Martesana,8547.0,12.1394
015179,2024,13,Pregnana Milanese,7330.0,5.0744
015181,2024,28,Rescaldina,14057.0,8.0299
015182,2024,208,Rho,50742.0,22.2431
015183,2024,5,Robecchetto con Induno,4775.0,13.928
015184,2024,6,Robecco sul Naviglio,6758.0,19.7849
015185,2024,6,Rodano,4613.0,13.0728
015188,2024,15,Rosate,5799.0,18.6816
015189,2024,151,Rozzano,41844.0,12.2433
015191,2024,13,San Colombano al Lambro,7275.0,16.5504
015192,2024,110,San Donato Milanese,32545.0,12.8731
015194,2024,8,San Giorgio su Legnano,6681.0,2.168
015195,2024,155,San Giuliano Milanese,39308.0,30.8676
015200,2024,8,Santo Stefano Ticino,4938.0,4.9662
015201,2024,16,San Vittore Olona,8274.0,3.4807
015202,2024,13,San Zenone al Lambro,4422.0,7.2355
015204,2024,18,Sedriano,12403.0,7.7527
015205,2024,98,Segrate,36482.0,17.4936
015206,2024,46,Senago,21307.0,8.5991
015209,2024,165,Sesto San Giovanni,80203.0,11.6992
015210,2024,7,Settala,7330.0,17.4236
015211,2024,30,Settimo Milanese,20133.0,10.7192
015213,2024,29,Solaro,13991.0,6.676
015219,2024,6,Trezzano Rosa,5297.0,3.4356
015220,2024,22,Trezzano sul Naviglio,21453.0,10.7662
015221,2024,28,Trezzo sull'Adda,11981.0,13.0534
015222,2024,1,Tribiano,3654.0,6.9957
015224,2024,17,Truccazzano,5853.0,21.9838
015226,2024,3,Turbigo,7092.0,8.5193
015229,2024,13,Vanzago,9318.0,6.0535
015230,2024,11,Vaprio d'Adda,9349.0,7.1545
015236,2024,7,Vernate,3304.0,14.6541
015237,2024,23,Vignate,9301.0,8.5527
015242,2024,30,Vimodrone,16816.0,4.7367
015243,2024,27,Vittuone,9244.0,6.1334
015244,2024,5,Vizzolo Predabissi,3898.0,5.6505
015247,2024,34,Zibido San Giacomo,6867.0,24.5779
015248,2024,14,Villa Cortese,6133.0,3.548
015249,2024,10,Vanzaghello,5243.0,5.563
015250,2024,24,Baranzate,11866.0,2.7721
015251,2024,11,Vermezzo con Zelo,5796.0,10.7368
016003,2024,15,Albano Sant'Alessandro,8287.0,5.3528
016004,2024,50,Albino,17486.0,31.8094
016005,2024,15,Almè,5487.0,2.0003
016006,2024,9,Almenno San Bartolomeo,6440.0,10.6064
016007,2024,16,Almenno San Salvatore,5586.0,4.7305
016008,2024,22,Alzano Lombardo,13440.0,13.6844
016009,2024,2,Ambivere,2380.0,3.2756
016010,2024,9,Antegnate,3163.0,9.727
016011,2024,6,Arcene,4803.0,4.3472
016012,2024,3,Ardesio,3367.0,54.4369
016013,2024,1,Arzago d'Adda,2717.0,9.3077
016015,2024,1,Aviatico,551.0,8.4898
016016,2024,12,Azzano San Paolo,7567.0,4.2922
016018,2024,19,Bagnatica,4355.0,6.5491
016020,2024,10,Bariano,4228.0,7.0711
016021,2024,4,Barzana,2013.0,2.0744
016023,2024,8,Berbenno,2410.0,6.1447
016024,2024,893,Bergamo,119993.0,40.1515
016025,2024,1,Berzo San Fermo,1390.0,5.8641
016026,2024,1,Bianzano,587.0,6.6704
016028,2024,16,Bolgare,6433.0,8.591
016029,2024,8,Boltiere,6223.0,4.2082
016030,2024,21,Bonate Sopra,10217.0,6.151
016031,2024,13,Bonate Sotto,6613.0,6.4678
016032,2024,3,Borgo di Terzo,1159.0,1.8306
016033,2024,3,Bossico,990.0,7.0906
016034,2024,8,Bottanuco,5014.0,5.7727
016036,2024,1,Branzi,677.0,26.1864
016037,2024,13,Brembate,8482.0,5.5323
016038,2024,13,Brembate di Sopra,7862.0,4.139
016040,2024,11,Brignano Gera d'Adda,6053.0,12.1106
016042,2024,6,Brusaporto,5580.0,4.9947
016043,2024,17,Calcinate,6071.0,15.0832
016044,2024,6,Calcio,5389.0,15.6678
016046,2024,19,Calusco d'Adda,8210.0,8.3336
016047,2024,13,Calvenzano,4264.0,6.724
016048,2024,1,Camerata Cornello,573.0,12.944
016049,2024,9,Canonica d'Adda,4230.0,3.2052
016050,2024,3,Capizzone,1192.0,4.6789
016051,2024,11,Capriate San Gervasio,8160.0,5.7846
016052,2024,1,Caprino Bergamasco,3038.0,8.7838
016053,2024,56,Caravaggio,16170.0,33.3883
016055,2024,10,Carobbio degli Angeli,4730.0,6.8209
016057,2024,3,Carvico,4645.0,4.5891
016058,2024,4,Casazza,3865.0,7.1131
016059,2024,8,Casirate d'Adda,4057.0,10.1746
016060,2024,21,Casnigo,3108.0,13.6219
016062,2024,25,Castelli Calepio,10394.0,10.1528
016063,2024,5,Castel Rozzone,2822.0,1.7066
016064,2024,2,Castione della Presolana,3361.0,42.5001
016065,2024,8,Castro,1258.0,2.5891
016066,2024,11,Cavernago,2653.0,7.6516
016067,2024,3,Cazzano Sant'Andrea,1646.0,2.0244
016068,2024,3,Cenate Sopra,2528.0,6.9724
016069,2024,7,Cenate Sotto,3913.0,4.6167
016070,2024,2,Cene,4105.0,8.5992
016071,2024,3,Cerete,1589.0,14.0705
016072,2024,3,Chignolo d'Isola,3390.0,5.5456
016073,2024,17,Chiuduno,6027.0,6.8847
016074,2024,15,Cisano Bergamasco,6229.0,7.816
016075,2024,18,Ciserano,5458.0,5.3074
016076,2024,8,Cividate al Piano,5029.0,9.728
016077,2024,20,Clusone,8537.0,26.1901
016078,2024,5,Colere,1105.0,18.6268
016079,2024,17,Cologno al Serio,11059.0,18.5187
016080,2024,2,Colzate,1618.0,6.7485
016081,2024,5,Comun Nuovo,4393.0,6.4452
016082,2024,1,Corna Imagna,930.0,4.5017
016083,2024,6,Cortenuova,1937.0,7.349
016084,2024,5,Costa di Mezzate,3348.0,5.2228
016085,2024,4,Costa Valle Imagna,549.0,4.212
016086,2024,23,Costa Volpino,8953.0,18.6664
016087,2024,10,Covo,4165.0,12.9435
016088,2024,3,Credaro,3524.0,3.4135
016089,2024,38,Curno,7495.0,4.7049
016091,2024,84,Dalmine,23336.0,11.8075
016092,2024,2,Dossena,883.0,19.5582
016093,2024,7,Endine Gaiano,3367.0,21.069
016094,2024,4,Entratico,1961.0,4.1452
016096,2024,5,Fara Gera d'Adda,7968.0,10.7926
016097,2024,2,Fara Olivana con Sola,1313.0,5.0407
016098,2024,6,Filago,3133.0,5.4233
016099,2024,1,Fino del Monte,1119.0,4.2877
016100,2024,3,Fiorano al Serio,2947.0,1.0601
016101,2024,2,Fontanella,4712.0,17.797
016102,2024,1,Fonteno,553.0,10.929
016104,2024,4,Foresto Sparso,3045.0,7.8683
016105,2024,8,Fornovo San Giovanni,3393.0,7.0448
016107,2024,1,Gandellino,972.0,25.1342
016108,2024,2,Gandino,5237.0,29.0319
016109,2024,2,Gandosso,1445.0,3.1267
016110,2024,1,Gaverina Terme,862.0,5.1962
016111,2024,10,Gazzaniga,4934.0,14.4134
016113,2024,19,Ghisalba,6133.0,10.5881
016114,2024,11,Gorlago,5143.0,5.6976
016115,2024,5,Gorle,6546.0,2.52
016116,2024,2,Gorno,1491.0,10.0
016117,2024,14,Grassobbio,6417.0,8.7413
016118,2024,3,Gromo,1153.0,20.0692
016120,2024,11,Grumello del Monte,7396.0,9.9408
016121,2024,1,Isola di Fondra,166.0,12.8327
016123,2024,5,Lallio,4146.0,2.156
016124,2024,6,Leffe,4300.0,6.6909
016125,2024,2,Lenna,560.0,12.7383
016126,2024,17,Levate,3717.0,5.5314
016128,2024,14,Lovere,5046.0,7.9247
016129,2024,3,Lurano,2812.0,4.0469
016130,2024,6,Luzzana,882.0,3.4846
016131,2024,6,Madone,3980.0,3.0689
016132,2024,4,Mapello,6841.0,8.6573
016133,2024,17,Martinengo,10798.0,22.0512
016135,2024,2,Misano di Gera d'Adda,2941.0,6.1053
016137,2024,2,Monasterolo del Castello,1154.0,8.7535
016139,2024,8,Montello,3265.0,1.8156
016140,2024,6,Morengo,2471.0,9.5662
016141,2024,3,Mornico al Serio,2909.0,6.9226
016142,2024,6,Mozzanica,4424.0,9.4646
016143,2024,16,Mozzo,7334.0,3.6417
016144,2024,32,Nembro,11231.0,15.2348
016148,2024,1,Oneta,572.0,18.6636
016149,2024,3,Onore,914.0,11.782
016150,2024,7,Orio al Serio,1752.0,3.0417
016152,2024,24,Osio Sopra,5255.0,5.1822
016153,2024,40,Osio Sotto,12531.0,7.5856
016154,2024,1,Pagazzano,2095.0,5.2349
016155,2024,6,Paladina,4016.0,2.0866
016156,2024,2,Palazzago,4496.0,13.96
016157,2024,7,Palosco,5732.0,10.7937
016158,2024,5,Parre,2684.0,22.2794
016159,2024,2,Parzanica,361.0,9.8187
016160,2024,17,Pedrengo,5905.0,3.5999
016162,2024,2,Pianico,1457.0,2.7022
016164,2024,1,Piazza Brembana,1207.0,6.7653
016167,2024,2,Pognano,1590.0,3.2861
016168,2024,5,Ponte Nossa,1728.0,5.5898
016169,2024,18,Ponteranica,6750.0,8.4769
016170,2024,21,Ponte San Pietro,11534.0,4.5861
016171,2024,5,Pontida,3313.0,10.3776
016172,2024,15,Pontirolo Nuovo,4969.0,11.0976
016173,2024,3,Pradalunga,4509.0,8.1982
016174,2024,5,Predore,1823.0,10.9556
016176,2024,17,Presezzo,4775.0,2.2818
016177,2024,1,Pumenengo,1682.0,10.1151
016178,2024,10,Ranica,5871.0,4.0613
016179,2024,2,Ranzanico,1212.0,7.2137
016180,2024,3,Riva di Solto,899.0,8.5213
016182,2024,6,Rogno,3849.0,15.8105
016183,2024,39,Romano di Lombardia,20482.0,19.3831
016186,2024,1,Rota d'Imagna,902.0,6.0302
016187,2024,5,Rovetta,4077.0,24.5339
016188,2024,10,San Giovanni Bianco,4632.0,31.026
016189,2024,20,San Paolo d'Argon,5951.0,5.2465
016190,2024,11,San Pellegrino Terme,4719.0,22.9533
016193,2024,16,Sarnico,6722.0,6.6621
016194,2024,10,Scanzorosciate,9801.0,10.6892
016195,2024,1,Schilpario,1152.0,63.9693
016196,2024,5,Sedrina,2461.0,5.8461
016197,2024,2,Selvino,1974.0,6.5279
016198,2024,87,Seriate,25111.0,12.5348
016200,2024,2,Solto Collina,1769.0,11.757
016202,2024,10,Sorisole,9012.0,12.2515
016203,2024,5,Sotto il Monte Giovanni XXIII,4417.0,5.0233
016204,2024,4,Sovere,5205.0,18.0243
016205,2024,5,Spinone al Lago,976.0,1.9736
016206,2024,4,Spirano,5668.0,9.6107
016207,2024,38,Stezzano,13346.0,9.3738
016208,2024,4,Strozza,1065.0,3.825
016209,2024,5,Suisio,3743.0,4.5411
016210,2024,1,Taleggio,535.0,47.1257
016211,2024,10,Tavernola Bergamasca,2001.0,11.1708
016212,2024,14,Telgate,4948.0,8.3026
016213,2024,12,Terno d'Isola,8014.0,4.1331
016214,2024,12,Torre Boldone,8631.0,3.4836
016215,2024,1,Torre de' Busi,2170.0,8.9668
016216,2024,6,Torre de' Roveri,2467.0,2.6902
016217,2024,3,Torre Pallavicina,1091.0,10.6241
016218,2024,24,Trescore Balneario,9644.0,13.5138
016219,2024,152,Treviglio,30557.0,32.2198
016220,2024,25,Treviolo,10819.0,8.4874
016221,2024,1,Ubiale Clanezzo,1348.0,7.3454
016222,2024,21,Urgnano,9854.0,14.7781
016224,2024,16,Valbrembo,4338.0,3.7966
016229,2024,1,Valtorta,251.0,30.8975
016232,2024,26,Verdellino,7475.0,3.8218
016233,2024,8,Verdello,8182.0,7.3439
016234,2024,1,Vertova,4467.0,15.6945
016235,2024,1,Viadanica,1118.0,5.4483
016236,2024,5,Vigano San Martino,1303.0,3.7561
016237,2024,2,Vigolo,576.0,12.3097
016238,2024,4,Villa d'Adda,4537.0,5.9822
016239,2024,17,Villa d'Almè,6587.0,6.486
016240,2024,12,Villa di Serio,6672.0,4.6029
016241,2024,4,Villa d'Ogna,1758.0,5.1595
016242,2024,10,Villongo,8103.0,6.0419
016243,2024,4,Vilminore di Scalve,1433.0,41.001
016244,2024,4,Zandobbio,2663.0,6.4317
016245,2024,21,Zanica,8602.0,14.9523
016246,2024,14,Zogno,8668.0,35.2123
016248,2024,2,Algua,657.0,8.3232
016250,2024,1,Medolago,2351.0,3.7995
016251,2024,2,Solza,2011.0,1.2277
016252,2024,9,Sant'Omobono Terme,3835.0,16.4334
016253,2024,6,Val Brembilla,4190.0,31.4376
017001,2024,4,Acquafredda,1513.0,9.5463
017002,2024,15,Adro,7131.0,14.2895
017003,2024,1,Agnosine,1636.0,13.5546
017004,2024,2,Alfianello,2396.0,13.7523
017005,2024,2,Anfo,444.0,23.8313
017006,2024,1,Angolo Terme,2338.0,30.5601
017007,2024,5,Artogne,3593.0,21.0191
017008,2024,5,Azzano Mella,3356.0,10.5695
017009,2024,19,Bagnolo Mella,12554.0,31.3457
017010,2024,2,Bagolino,3746.0,109.1983
017011,2024,1,Barbariga,2300.0,11.3363
017012,2024,2,Barghe,1143.0,5.4918
017013,2024,5,Bassano Bresciano,2326.0,9.4204
017014,2024,24,Bedizzole,12314.0,26.4434
017015,2024,1,Berlingo,2744.0,4.5925
017016,2024,6,Berzo Demo,1551.0,15.4633
017017,2024,5,Berzo Inferiore,2440.0,21.9148
017018,2024,3,Bienno,3760.0,46.8065
017020,2024,7,Borgo San Giacomo,5334.0,29.5299
017021,2024,10,Borgosatollo,9130.0,8.4199
017022,2024,2,Borno,2519.0,30.496
017023,2024,8,Botticino,10641.0,18.4824
017024,2024,4,Bovegno,2040.0,47.9887
017025,2024,4,Bovezzo,7402.0,6.4114
017026,2024,2,Brandico,1707.0,8.3802
017027,2024,3,Braone,686.0,13.3567
017028,2024,8,Breno,4694.0,59.9347
017029,2024,860,Brescia,197304.0,90.3337
017030,2024,1,Brione,747.0,6.8968
017031,2024,1,Caino,2114.0,17.3082
017032,2024,44,Calcinato,13004.0,33.2958
017033,2024,5,Calvagese della Riviera,3585.0,11.7369
017034,2024,7,Calvisano,8369.0,44.8271
017035,2024,4,Capo di Ponte,2379.0,18.1074
017037,2024,6,Capriano del Colle,4643.0,13.9676
017038,2024,14,Capriolo,9432.0,10.6009
017039,2024,26,Carpenedolo,12968.0,29.8418
017040,2024,19,Castegnato,8364.0,9.2048
017041,2024,4,Castelcovati,6683.0,6.1396
017042,2024,11,Castel Mella,10999.0,7.5285
017043,2024,49,Castenedolo,11530.0,26.195
017044,2024,3,Casto,1637.0,21.3362
017045,2024,19,Castrezzato,7459.0,13.6321
017046,2024,21,Cazzago San Martino,10839.0,22.3415
017047,2024,2,Cedegolo,1096.0,11.083
017048,2024,3,Cellatica,4901.0,6.5461
017049,2024,3,Cerveno,652.0,21.5525
017050,2024,6,Ceto,1793.0,32.3011
017051,2024,1,Cevo,831.0,35.4688
017052,2024,36,Chiari,19094.0,37.9592
017053,2024,2,Cigole,1477.0,9.9309
017054,2024,1,Cimbergo,534.0,24.713
017055,2024,7,Cividate Camuno,2725.0,3.3068
017056,2024,6,Coccaglio,8716.0,12.0465
017057,2024,2,Collebeato,4538.0,5.2698
017058,2024,5,Collio,2056.0,53.4749
017059,2024,18,Cologne,7517.0,13.7875
017060,2024,6,Comezzano-Cizzago,4009.0,15.437
017061,2024,22,Concesio,15644.0,19.0748
017062,2024,3,Corte Franca,7070.0,13.9733
017063,2024,2,Corteno Golgi,1909.0,82.6046
017064,2024,1,Corzano,1417.0,12.296
017065,2024,29,Darfo Boario Terme,15544.0,36.0712
017066,2024,13,Dello,5546.0,23.3209
017067,2024,121,Desenzano del Garda,29208.0,59.2622
017068,2024,9,Edolo,4443.0,88.9031
017069,2024,29,Erbusco,8708.0,16.2398
017070,2024,14,Esine,5157.0,30.3061
017072,2024,10,Flero,8871.0,9.8367
017073,2024,5,Gambara,4560.0,31.5861
017074,2024,12,Gardone Riviera,2642.0,21.393
017075,2024,22,Gardone Val Trompia,11407.0,26.6562
017076,2024,13,Gargnano,2761.0,76.7514
017077,2024,8,Gavardo,12258.0,29.7959
017078,2024,31,Ghedi,18521.0,60.8401
017079,2024,4,Gianico,2134.0,13.3811
017080,2024,8,Gottolengo,4959.0,29.2837
017081,2024,10,Gussago,16488.0,25.0891
017082,2024,3,Idro,1878.0,22.8902
017085,2024,42,Iseo,8994.0,28.4194
017086,2024,8,Isorella,4075.0,15.3283
017087,2024,4,Lavenone,486.0,31.8235
017088,2024,27,Leno,14187.0,58.4516
017089,2024,3,Limone sul Garda,1164.0,23.0259
017090,2024,3,Lodrino,1631.0,16.4987
017091,2024,5,Lograto,3795.0,12.4335
017092,2024,69,Lonato del Garda,16821.0,68.1954
017093,2024,2,Longhena,562.0,3.4707
017095,2024,1,Lozio,377.0,23.7425
017096,2024,17,Lumezzane,21669.0,31.7179
017097,2024,5,Maclodio,1476.0,5.0958
017099,2024,5,Mairano,3486.0,11.5281
017100,2024,2,Malegno,1978.0,6.8941
017101,2024,1,Malonno,3068.0,31.4567
017102,2024,21,Manerba del Garda,5412.0,36.6294
017103,2024,58,Manerbio,13216.0,27.8839
017104,2024,9,Marcheno,4172.0,22.7392
017106,2024,14,Marone,3117.0,23.9307
017107,2024,21,Mazzano,12470.0,15.7265
017108,2024,6,Milzano,1764.0,8.4888
017109,2024,10,Moniga del Garda,2579.0,14.6529
017110,2024,7,Monno,528.0,31.0259
017111,2024,2,Monte Isola,1644.0,12.6051
017112,2024,2,Monticelli Brusati,4563.0,10.8908
017113,2024,85,Montichiari,26011.0,81.6613
017114,2024,11,Montirone,5077.0,10.5181
017116,2024,1,Muscoline,2653.0,10.078
017117,2024,13,Nave,10640.0,27.2115
017118,2024,2,Niardo,1987.0,22.1574
017119,2024,4,Nuvolento,3888.0,7.4576
017120,2024,3,Nuvolera,4705.0,13.3116
017121,2024,5,Odolo,1897.0,6.5439
017122,2024,6,Offlaga,4078.0,23.0333
017124,2024,1,Ono San Pietro,973.0,13.7797
017125,2024,23,Orzinuovi,12349.0,47.8684
017126,2024,2,Orzivecchi,2416.0,9.9376
017127,2024,19,Ospitaletto,14620.0,9.2903
017128,2024,2,Ossimo,1454.0,14.8578
017129,2024,32,Padenghe sul Garda,4696.0,26.8091
017130,2024,2,Paderno Franciacorta,3620.0,5.608
017132,2024,4,Paitone,2148.0,8.0034
017133,2024,50,Palazzolo sull'Oglio,19940.0,23.0393
017134,2024,6,Paratico,4846.0,6.1816
017136,2024,8,Passirano,6933.0,13.3907
017137,2024,5,Pavone del Mella,2731.0,11.6134
017138,2024,4,San Paolo,4442.0,18.8177
017141,2024,4,Pezzaze,1450.0,21.4894
017142,2024,7,Pian Camuno,4701.0,10.945
017143,2024,28,Pisogne,7882.0,49.2273
017144,2024,2,Polaveno,2448.0,9.2011
017145,2024,1,Polpenazze del Garda,2691.0,9.1195
017146,2024,3,Pompiano,3759.0,15.2734
017147,2024,9,Poncarale,5182.0,12.6432
017148,2024,2,Ponte di Legno,1746.0,100.426
017149,2024,8,Pontevico,7002.0,29.207
017150,2024,7,Pontoglio,6872.0,11.0859
017151,2024,11,Pozzolengo,3553.0,21.3264
017152,2024,3,Pralboino,2816.0,17.1622
017155,2024,7,Prevalle,6838.0,9.9891
017156,2024,6,Provaglio d'Iseo,7202.0,16.1597
017158,2024,9,Puegnago del Garda,3483.0,10.9716
017159,2024,2,Quinzano d'Oglio,6185.0,21.4527
017160,2024,6,Remedello,3356.0,21.4624
017161,2024,102,Rezzato,13341.0,18.2064
017162,2024,7,Roccafranca,4792.0,19.1322
017163,2024,11,Rodengo Saiano,9753.0,12.8593
017164,2024,4,Roè Volciano,4341.0,5.8207
017165,2024,39,Roncadelle,9351.0,9.3899
017166,2024,51,Rovato,19189.0,26.0941
017167,2024,3,Rudiano,5854.0,9.8454
017168,2024,2,Sabbio Chiese,3946.0,18.4472
017169,2024,7,Sale Marasino,3299.0,16.5869
017170,2024,38,Salò,10494.0,27.3048
017171,2024,5,San Felice del Benaco,3471.0,20.2166
017172,2024,2,San Gervasio Bresciano,2642.0,10.5028
017173,2024,7,San Zeno Naviglio,4735.0,6.2531
017174,2024,32,Sarezzo,13199.0,17.679
017176,2024,1,Sellero,1407.0,14.4711
017177,2024,3,Seniga,1442.0,13.5719
017178,2024,1,Serle,3039.0,18.4273
017179,2024,27,Sirmione,8349.0,26.248
017180,2024,4,Soiano del Lago,1920.0,5.7734
017181,2024,5,Sonico,1226.0,60.892
017182,2024,5,Sulzano,1915.0,10.4396
017183,2024,1,Tavernole sul Mella,1213.0,19.8075
017184,2024,1,Temù,1103.0,43.257
017185,2024,2,Tignale,1203.0,45.8569
017186,2024,8,Torbole Casaglia,6409.0,13.4393
017187,2024,17,Toscolano-Maderno,7593.0,58.1706
017188,2024,24,Travagliato,13743.0,17.7358
017189,2024,4,Tremosine sul Garda,2066.0,72.6815
017190,2024,7,Trenzano,5427.0,20.1018
017191,2024,1,Treviso Bresciano,520.0,17.7332
017192,2024,8,Urago d'Oglio,3707.0,10.6801
017193,2024,8,Vallio Terme,1407.0,14.8574
017194,2024,1,Valvestino,171.0,31.1204
017195,2024,8,Verolanuova,8048.0,25.7595
017196,2024,2,Verolavecchia,3754.0,21.0635
017197,2024,3,Vestone,4216.0,12.9638
017199,2024,12,Villa Carcina,10594.0,14.2195
017201,2024,5,Villanuova sul Clisi,5784.0,9.1011
017202,2024,1,Vione,634.0,35.2649
017203,2024,6,Visano,2000.0,11.2237
017204,2024,11,Vobarno,8199.0,53.2214
017205,2024,1,Zone,1022.0,19.6815
017206,2024,3,Piancogno,4709.0,14.3021
018001,2024,1,Alagna,808.0,8.3442
018003,2024,1,Albonese,510.0,4.3279
018004,2024,11,Albuzzano,3571.0,15.4488
018005,2024,7,Arena Po,1538.0,22.4871
018006,2024,1,Badia Pavese,385.0,5.0572
018007,2024,2,Bagnaria,633.0,16.6641
018008,2024,1,Barbianello,867.0,11.7124
018011,2024,3,Bastida Pancarana,957.0,12.5
018012,2024,4,Battuda,692.0,7.1426
018013,2024,7,Belgioioso,6165.0,24.6867
018014,2024,6,Bereguardo,2844.0,17.8636
018015,2024,3,Borgarello,2613.0,4.8364
018016,2024,2,Borgo Priolo,1325.0,28.8094
018019,2024,5,Bornasco,2647.0,12.9286
018020,2024,1,Bosnasco,614.0,4.8363
018022,2024,1,Breme,708.0,18.8137
018023,2024,5,Bressana Bottarone,3434.0,12.6873
018024,2024,34,Broni,9545.0,20.8467
018026,2024,4,Campospinoso,1074.0,3.6864
018027,2024,3,Candia Lomellina,1459.0,27.8967
018029,2024,2,Canneto Pavese,1330.0,5.8147
018030,2024,4,Carbonara al Ticino,1422.0,14.7807
018031,2024,2,Casanova Lonati,464.0,4.6302
018032,2024,1,Casatisma,882.0,5.4774
018033,2024,5,Casei Gerola,2372.0,24.805
018034,2024,7,Casorate Primo,8802.0,9.7359
018035,2024,1,Cassolnovo,6796.0,31.7358
018037,2024,16,Casteggio,6552.0,17.6617
018038,2024,3,Castelletto di Branduzzo,971.0,11.7724
018039,2024,2,Castello d'Agogna,1067.0,10.7444
018040,2024,1,Castelnovetto,542.0,18.2141
018041,2024,17,Cava Manara,6598.0,17.259
018042,2024,1,Cecima,229.0,10.1244
018043,2024,1,Ceranova,2249.0,4.5977
018046,2024,6,Certosa di Pavia,5407.0,10.8579
018047,2024,3,Cervesina,1129.0,12.4109
018048,2024,10,Chignolo Po,3915.0,23.3884
018049,2024,4,Cigognola,1303.0,7.8757
018050,2024,2,Cilavegna,5333.0,18.0511
018051,2024,4,Codevilla,946.0,12.9551
018053,2024,5,Copiano,1734.0,4.3401
018057,2024,2,Corvino San Quirico,977.0,4.3728
018059,2024,1,Cozzo,369.0,17.6095
018060,2024,10,Cura Carpignano,4881.0,11.0854
018061,2024,7,Dorno,4522.0,30.5665
018063,2024,1,Filighera,811.0,8.2478
018068,2024,4,Gambolò,9649.0,51.703
018069,2024,15,Garlasco,9443.0,39.176
018072,2024,6,Giussago,5229.0,24.7226
018073,2024,2,Godiasco Salice Terme,3182.0,20.6103
018075,2024,5,Gravellona Lomellina,2703.0,20.3439
018076,2024,6,Gropello Cairoli,4343.0,26.216
018077,2024,3,Inverno e Monteleone,1460.0,9.6414
018078,2024,14,Landriano,6420.0,15.5872
018080,2024,4,Lardirago,1139.0,5.3416
018081,2024,5,Linarolo,2817.0,13.166
018083,2024,1,Lomello,2042.0,22.3585
018084,2024,3,Lungavilla,2445.0,6.8204
018085,2024,3,Magherno,1733.0,5.2532
018086,2024,1,Marcignago,2467.0,10.1177
018087,2024,1,Marzano,1663.0,9.2895
018088,2024,7,Mede,6281.0,32.8944
018090,2024,1,Mezzana Bigli,1026.0,19.0204
018092,2024,5,Mezzanino,1341.0,12.5106
018093,2024,5,Miradolo Terme,3643.0,9.5559
018095,2024,10,Montebello della Battaglia,1512.0,15.7416
018096,2024,2,Montecalvo Versiggia,524.0,11.4035
018097,2024,1,Montescano,419.0,2.4046
018100,2024,2,Montù Beccaria,1623.0,15.4933
018102,2024,23,Mortara,15395.0,51.9694
018106,2024,5,Ottobiano,1068.0,24.9793
018110,2024,318,Pavia,71122.0,63.2453
018112,2024,2,Pieve Albignola,849.0,18.153
018113,2024,2,Pieve del Cairo,1745.0,25.1059
018114,2024,4,Pieve Porto Morone,2580.0,16.3963
018115,2024,2,Pinarolo Po,1666.0,11.3078
018116,2024,1,Pizzale,693.0,7.0903
018117,2024,1,Ponte Nizza,760.0,22.9572
018118,2024,5,Portalbera,1441.0,4.4798
018120,2024,7,Redavalle,1032.0,5.4149
018121,2024,4,Retorbido,1546.0,11.6677
018122,2024,17,Rivanazzano Terme,5169.0,28.9155
018123,2024,5,Robbio,5733.0,40.5407
018124,2024,4,Robecco Pavese,531.0,6.9345
018126,2024,1,Rocca Susella,208.0,12.7641
018127,2024,4,Rognano,638.0,9.3647
018129,2024,1,Roncaro,1533.0,5.051
018131,2024,2,Rovescala,870.0,8.4128
018134,2024,1,San Damiano al Colle,633.0,6.4309
018135,2024,6,San Genesio ed Uniti,3968.0,9.2687
018136,2024,1,San Giorgio di Lomellina,1034.0,25.4521
018137,2024,31,San Martino Siccomario,6416.0,14.2906
018138,2024,8,Sannazzaro de' Burgondi,5149.0,23.3323
018139,2024,4,Santa Cristina e Bissone,1881.0,22.4207
018140,2024,5,Santa Giuletta,1548.0,11.5912
018141,2024,4,Sant'Alessio con Vialone,962.0,6.5572
018143,2024,3,Santa Maria della Versa,2296.0,18.4738
018145,2024,1,San Zenone al Po,553.0,6.8927
018146,2024,2,Sartirana Lomellina,1491.0,29.5419
018147,2024,1,Scaldasole,870.0,11.5741
018149,2024,5,Silvano Pietra,656.0,13.6711
018150,2024,17,Siziano,6351.0,11.7879
018151,2024,1,Sommo,1152.0,14.8724
018152,2024,1,Spessa,536.0,12.2314
018153,2024,30,Stradella,11448.0,18.8352
018155,2024,3,Torrazza Coste,1559.0,16.2281
018157,2024,1,Torre d'Arese,935.0,4.4934
018159,2024,6,Torre d'Isola,2396.0,16.4385
018160,2024,4,Torrevecchia Pia,3498.0,16.5019
018161,2024,1,Torricella Verzate,823.0,3.6271
018162,2024,1,Travacò Siccomario,4450.0,17.0449
018163,2024,4,Trivolzio,2316.0,3.8312
018164,2024,1,Tromello,3640.0,35.4982
018165,2024,1,Trovo,1023.0,8.1549
018166,2024,2,Val di Nizza,588.0,29.6826
018168,2024,1,Valle Lomellina,2095.0,27.2357
018169,2024,2,Valle Salimbene,1470.0,7.1611
018171,2024,1,Varzi,3024.0,57.615
018173,2024,3,Vellezzo Bellini,3315.0,8.1961
018175,2024,3,Verrua Po,1214.0,11.4404
018176,2024,6,Vidigulfo,6542.0,16.1425
018177,2024,202,Vigevano,62340.0,81.3639
018179,2024,3,Villanova d'Ardenghi,772.0,6.6085
018180,2024,10,Villanterio,3271.0,14.7674
018181,2024,4,Vistarino,1523.0,9.4896
018182,2024,138,Voghera,38435.0,63.4415
018185,2024,1,Zeccone,1674.0,5.5293
018186,2024,1,Zeme,1003.0,24.5828
018187,2024,1,Zenevredo,477.0,5.4037
018188,2024,2,Zerbo,394.0,6.3614
018189,2024,4,Zerbolò,1684.0,37.1915
018190,2024,1,Zinasco,3084.0,29.7366
018192,2024,7,Corteolona e Genzone,2533.0,14.0864
018193,2024,2,Colli Verdi,1035.0,41.2469
019001,2024,1,Acquanegra Cremonese,1133.0,9.2161
019002,2024,15,Agnadello,3855.0,12.0775
019003,2024,4,Annicco,1962.0,19.1983
019005,2024,10,Bagnolo Cremasco,4900.0,10.3878
019006,2024,2,Bonemerse,1457.0,5.9007
019007,2024,3,Bordolano,570.0,8.1424
019009,2024,2,Calvatone,1165.0,13.6997
019010,2024,3,Camisano,1213.0,10.9506
019011,2024,2,Campagnola Cremasca,678.0,4.6407
019012,2024,7,Capergnanica,2165.0,6.8381
019013,2024,3,Cappella Cantone,545.0,13.1471
019015,2024,3,Capralba,2271.0,13.4543
019016,2024,8,Casalbuttano ed Uniti,3692.0,22.875
019017,2024,3,Casale Cremasco-Vidolasco,1821.0,9.1935
019019,2024,4,Casaletto di Sopra,529.0,8.657
019021,2024,51,Casalmaggiore,15022.0,64.5301
019022,2024,4,Casalmorano,1579.0,12.2823
019023,2024,1,Casteldidone,575.0,10.7893
019024,2024,1,Castel Gabbiano,455.0,5.7876
019025,2024,30,Castelleone,9292.0,45.0774
019026,2024,11,Castelverde,5583.0,30.8909
019027,2024,1,Castelvisconti,299.0,9.7571
019028,2024,3,Cella Dati,486.0,18.9178
019029,2024,9,Chieve,2264.0,6.1934
019030,2024,2,Cicognolo,904.0,6.9629
019031,2024,3,Cingia de' Botti,1147.0,14.3599
019032,2024,2,Corte de' Cortesi con Cignone,1032.0,12.8526
019033,2024,2,Corte de' Frati,1317.0,20.1264
019034,2024,4,Credera Rubbiano,1557.0,14.1284
019035,2024,115,Crema,34210.0,34.5182
019036,2024,310,Cremona,71223.0,70.4916
019037,2024,2,Cremosano,1729.0,5.7577
019040,2024,2,Derovere,300.0,9.9906
019041,2024,15,Dovera,3750.0,20.6525
019043,2024,1,Fiesco,1186.0,8.1938
019044,2024,1,Formigara,1008.0,12.643
019045,2024,3,Gabbioneta-Binanuova,866.0,15.7072
019046,2024,6,Gadesco-Pieve Delmona,1917.0,17.1013
019047,2024,1,Genivolta,1132.0,18.5732
019048,2024,1,Gerre de' Caprioli,1331.0,7.7187
019049,2024,1,Gombito,630.0,9.2764
019051,2024,6,Grumello Cremonese ed Uniti,1694.0,22.2897
019052,2024,1,Gussola,2630.0,25.2261
019053,2024,1,Isola Dovarese,1099.0,9.4655
019054,2024,3,Izano,1948.0,6.1916
019055,2024,4,Madignano,2773.0,10.7616
019056,2024,4,Malagnino,1716.0,10.8226
019057,2024,2,Martignana di Po,2054.0,14.9198
019058,2024,1,Monte Cremasco,2257.0,2.3428
019059,2024,9,Montodine,2454.0,11.3943
019060,2024,1,Moscazzano,721.0,8.1532
019061,2024,2,Motta Baluffi,824.0,16.4676
019062,2024,9,Offanengo,5965.0,12.5835
019066,2024,9,Palazzo Pignano,3774.0,8.8208
019067,2024,13,Pandino,8871.0,22.2953
019068,2024,9,Persico Dosimo,3322.0,20.6076
019069,2024,5,Pescarolo ed Uniti,1514.0,16.5434
019070,2024,1,Pessina Cremonese,587.0,22.0166
019072,2024,5,Pianengo,2510.0,5.7631
019073,2024,1,Pieranica,1111.0,2.7288
019074,2024,1,Pieve d'Olmi,1252.0,19.4371
019075,2024,3,Pieve San Giacomo,1581.0,14.85
019076,2024,8,Pizzighettone,6301.0,32.061
019077,2024,2,Pozzaglio ed Uniti,1416.0,20.7673
019078,2024,1,Quintano,890.0,2.8622
019079,2024,5,Ricengo,1746.0,12.5383
019080,2024,1,Ripalta Arpina,993.0,6.9564
019081,2024,9,Ripalta Cremasca,3384.0,11.7794
019082,2024,2,Ripalta Guerina,526.0,2.9739
019083,2024,2,Rivarolo del Re ed Uniti,1842.0,27.3332
019084,2024,22,Rivolta d'Adda,8044.0,30.4011
019085,2024,3,Robecco d'Oglio,2252.0,17.8503
019086,2024,10,Romanengo,3121.0,15.047
019087,2024,3,Salvirola,1137.0,7.3647
019088,2024,3,San Bassano,2096.0,13.9264
019089,2024,4,San Daniele Po,1280.0,22.6817
019090,2024,5,San Giovanni in Croce,1894.0,16.2144
019091,2024,1,San Martino del Lago,393.0,10.3799
019092,2024,1,Scandolara Ravara,1316.0,17.0761
019094,2024,3,Sergnano,3488.0,12.3092
019095,2024,4,Sesto ed Uniti,3195.0,26.4937
019096,2024,3,Solarolo Rainerio,907.0,11.4254
019097,2024,18,Soncino,7557.0,45.3201
019098,2024,13,Soresina,8711.0,28.568
019099,2024,8,Sospiro,3007.0,18.9595
019100,2024,2,Spinadesco,1495.0,17.2122
019102,2024,19,Spino d'Adda,6855.0,20.0196
019107,2024,1,Torre de' Picenardi,2061.0,34.2286
019109,2024,9,Trescore Cremasco,2766.0,5.9179
019111,2024,5,Vaiano Cremasco,3590.0,6.1516
019112,2024,11,Vailate,4504.0,9.6926
019113,2024,5,Vescovato,3753.0,17.4365
019116,2024,5,Piadena Drizzona,3927.0,31.6906
020001,2024,3,Acquanegra sul Chiese,2775.0,28.0142
020002,2024,19,Asola,10009.0,73.4814
020003,2024,35,Bagnolo San Vito,5817.0,49.2032
020007,2024,7,Bozzolo,4060.0,18.8219
020008,2024,3,Canneto sull'Oglio,4194.0,25.8665
020010,2024,4,Casalmoro,2184.0,13.6958
020011,2024,3,Casaloldo,2677.0,16.8495
020013,2024,4,Castelbelforte,3266.0,22.342
020014,2024,8,Castel d'Ario,4519.0,22.578
020015,2024,11,Castel Goffredo,12628.0,42.4042
020016,2024,10,Castellucchio,5176.0,46.3392
020017,2024,70,Castiglione delle Stiviere,23483.0,42.0224
020018,2024,11,Cavriana,3761.0,36.9097
020019,2024,3,Ceresara,2538.0,37.3082
020020,2024,4,Commessaggio,1089.0,11.6487
020021,2024,40,Curtatone,14728.0,67.4705
020022,2024,6,Dosolo,3304.0,25.5363
020024,2024,3,Gazoldo degli Ippoliti,3000.0,13.0314
020025,2024,6,Gazzuolo,2137.0,22.4871
020026,2024,15,Goito,10028.0,79.2204
020027,2024,22,Gonzaga,8758.0,49.8828
020028,2024,6,Guidizzolo,5962.0,22.3782
020030,2024,267,Mantova,48755.0,63.8062
020031,2024,14,Marcaria,6374.0,89.7889
020032,2024,1,Mariana Mantovana,785.0,8.9126
020033,2024,18,Marmirolo,7673.0,42.0156
020034,2024,7,Medole,4120.0,25.7286
020035,2024,12,Moglia,5327.0,31.8488
020036,2024,3,Monzambano,4929.0,30.0185
020037,2024,4,Motteggiana,2443.0,24.7898
020038,2024,12,Ostiglia,6621.0,39.8312
020039,2024,19,Pegognaga,6921.0,46.5686
020041,2024,4,Piubega,1704.0,16.5877
020042,2024,6,Poggio Rusco,6462.0,42.2867
020043,2024,2,Pomponesco,1661.0,12.5587
020044,2024,1,Ponti sul Mincio,2336.0,11.72
020045,2024,30,Porto Mantovano,16481.0,37.443
020046,2024,1,Quingentole,1057.0,14.3788
020047,2024,9,Quistello,5315.0,45.4336
020050,2024,8,Rivarolo Mantovano,2468.0,25.5452
020051,2024,15,Rodigo,5254.0,41.6105
020052,2024,16,Roncoferraro,6843.0,63.4333
020053,2024,26,Roverbella,8725.0,62.9802
020054,2024,5,Sabbioneta,4145.0,37.2701
020055,2024,25,San Benedetto Po,6774.0,69.9405
020056,2024,3,San Giacomo delle Segnate,1513.0,15.9779
020057,2024,44,San Giorgio Bigarello,11830.0,51.5259
020058,2024,3,San Giovanni del Dosso,1251.0,15.3962
020059,2024,2,San Martino dall'Argine,1638.0,16.9393
020060,2024,1,Schivenoglia,1096.0,12.9551
020061,2024,21,Sermide e Felonica,7195.0,79.8282
020062,2024,4,Serravalle a Po,1468.0,26.2024
020063,2024,7,Solferino,2659.0,13.0834
020064,2024,2,Sustinente,2013.0,26.2721
020065,2024,52,Suzzara,20906.0,61.0987
020066,2024,64,Viadana,19822.0,103.8408
020068,2024,3,Villimpenta,2103.0,14.8432
020070,2024,12,Volta Mantovana,7171.0,50.4845
020071,2024,41,Borgo Virgilio,14676.0,69.9866
020072,2024,6,Borgo Mantovano,5416.0,41.1687
020073,2024,1,Borgocarbonara,1912.0,30.4948
021003,2024,3,Anterivo/Altrei,399.0,11.0641
021004,2024,62,Appiano sulla strada del vino/Eppan an der Weinstraße,14890.0,59.4501
021005,2024,4,Avelengo/Hafling,794.0,27.3952
021006,2024,10,Badia/Abtei,3664.0,83.0703
021007,2024,9,Barbiano/Barbian,1765.0,24.5112
021008,2024,660,Bolzano/Bozen,107467.0,52.291
021009,2024,1,Braies/Prags,666.0,90.213
021010,2024,9,Brennero/Brenner,2291.0,114.2919
021011,2024,41,Bressanone/Brixen,22698.0,84.6986
021012,2024,4,Bronzolo/Branzoll,2765.0,7.5395
021013,2024,44,Brunico/Bruneck,16944.0,44.9974
021014,2024,2,Caines/Kuens,389.0,1.6344
021015,2024,10,Caldaro sulla strada del vino/Kaltern an der Weinstraße,8113.0,48.0442
021016,2024,18,Campo di Trens/Freienfeld,2718.0,95.3854
021017,2024,8,Campo Tures/Sand in Taufers,5612.0,163.9801
021018,2024,13,Castelbello-Ciardes/Kastelbell-Tschars,2375.0,53.791
021019,2024,16,Castelrotto/Kastelruth,7057.0,117.897
021020,2024,2,Cermes/Tscherms,1589.0,6.6239
021021,2024,6,Chienes/Kiens,2957.0,33.6801
021022,2024,16,Chiusa/Klausen,5178.0,51.289
021023,2024,22,Cornedo all'Isarco/Karneid,3433.0,40.6107
021024,2024,3,Cortaccia sulla strada del vino/Kurtatsch an der Weinstraße,2220.0,29.2676
021025,2024,4,Cortina sulla strada del vino/Kurtinig an der Weinstraße,654.0,1.999
021026,2024,9,Corvara in Badia/Corvara,1487.0,38.8358
021027,2024,6,Curon Venosta/Graun im Vinschgau,2322.0,209.6475
021028,2024,8,Dobbiaco/Toblach,3393.0,125.3018
021029,2024,11,Egna/Neumarkt,5459.0,23.5693
021030,2024,7,Falzes/Pfalzen,2912.0,33.1315
021031,2024,7,Fiè allo Sciliar/Völs am Schlern,3650.0,43.9578
021032,2024,10,Fortezza/Franzensfeste,1026.0,61.772
021033,2024,2,Funes/Villnöß,2560.0,81.3811
021034,2024,7,Gais/Gais,3238.0,60.6146
021035,2024,4,Gargazzone/Gargazon,1821.0,4.9136
021036,2024,3,Glorenza/Glurns,913.0,13.2189
021037,2024,12,Laces/Latsch,5286.0,78.7048
021038,2024,14,Lagundo/Algund,5081.0,23.6837
021039,2024,20,Laion/Lajen,2717.0,37.525
021040,2024,41,Laives/Leifers,18178.0,24.1083
021041,2024,29,Lana/Lana,12567.0,36.1238
021042,2024,6,Lasa/Laas,4107.0,110.2235
021043,2024,1,Lauregno/Laurein,337.0,13.8848
021044,2024,1,Luson/Lüsen,1553.0,74.4127
021045,2024,2,Magrè sulla strada del vino/Margreid an der Weinstraße,1296.0,13.8641
021046,2024,15,Malles Venosta/Mals,5170.0,247.425
021047,2024,7,Marebbe/Enneberg,3192.0,160.2279
021048,2024,5,Marlengo/Marling,2847.0,12.8631
021049,2024,2,Martello/Martell,832.0,142.7992
021050,2024,4,Meltina/Mölten,1686.0,36.9539
021051,2024,141,Merano/Meran,40900.0,26.3399
021052,2024,4,Monguelfo-Tesido/Welsberg-Taisten,2906.0,46.4364
021053,2024,9,Montagna/Montan,1720.0,19.5102
021054,2024,2,Moso in Passiria/Moos in Passeier,2050.0,193.5284
021055,2024,11,Nalles/Nals,2050.0,12.2399
021056,2024,15,Naturno/Naturns,6009.0,67.1127
021057,2024,10,Naz-Sciaves/Natz-Schabs,3329.0,15.9599
021058,2024,1,Nova Levante/Welschnofen,2022.0,51.0956
021059,2024,10,Nova Ponente/Deutschnofen,4029.0,112.4933
021060,2024,13,Ora/Auer,3948.0,11.788
021061,2024,4,Ortisei/St. Ulrich,4891.0,24.1564
021062,2024,13,Parcines/Partschins,3862.0,55.3974
021063,2024,6,Perca/Percha,1643.0,30.364
021064,2024,1,Plaus/Plaus,743.0,4.866
021065,2024,1,Ponte Gardena/Waidbruck,201.0,2.3282
021066,2024,4,Postal/Burgstall,1951.0,6.6921
021067,2024,4,Prato allo Stelvio/Prad am Stilfserjoch,3667.0,51.0018
021070,2024,4,Racines/Ratschings,4576.0,203.2838
021071,2024,3,Rasun-Anterselva/Rasen-Antholz,2948.0,121.5728
021072,2024,17,Renon/Ritten,7986.0,111.3601
021073,2024,5,Rifiano/Riffian,1380.0,35.9426
021074,2024,4,Rio di Pusteria/Mühlbach,3212.0,83.8233
021076,2024,7,Salorno sulla strada del vino/Salurn an der Weinstraße,3802.0,33.125
021077,2024,7,San Candido/Innichen,3438.0,79.8468
021079,2024,4,San Genesio Atesino/Jenesien,3079.0,68.8368
021080,2024,9,San Leonardo in Passiria/St. Leonhard in Passeier,3577.0,89.0273
021081,2024,7,San Lorenzo di Sebato/St. Lorenzen,3864.0,51.4599
021082,2024,2,San Martino in Badia/St. Martin in Thurn,1769.0,75.9429
021083,2024,8,San Martino in Passiria/St. Martin in Passeier,3223.0,29.9913
021084,2024,5,San Pancrazio/St. Pankraz,1524.0,63.1725
021085,2024,5,Santa Cristina Valgardena/St. Christina in Gröden,2036.0,31.9231
021086,2024,8,Sarentino/Sarntal,7128.0,302.2703
021087,2024,6,Scena/Schenna,3053.0,48.1303
021088,2024,2,Selva dei Molini/Mühlwald,1402.0,104.7871
021089,2024,8,Selva di Val Gardena/Wolkenstein in Gröden,2736.0,56.2399
021091,2024,1,Senales/Schnals,1272.0,209.8369
021092,2024,2,Sesto/Sexten,1900.0,80.429
021093,2024,17,Silandro/Schlanders,6264.0,115.1716
021094,2024,2,Sluderno/Schluderns,1811.0,20.7177
021095,2024,5,Stelvio/Stilfs,1201.0,141.6216
021096,2024,2,Terento/Terenten,1771.0,42.1614
021097,2024,14,Terlano/Terlan,4699.0,18.5685
021098,2024,12,Termeno sulla strada del vino/Tramin an der Weinstraße,3473.0,19.4389
021099,2024,4,Tesimo/Tisens,1982.0,38.125
021100,2024,1,Tires/Tiers,1008.0,42.181
021101,2024,6,Tirolo/Tirol,2530.0,25.6182
021102,2024,3,Trodena nel parco naturale/Truden im Naturpark,1043.0,20.5608
021103,2024,1,Tubre/Taufers im Münstertal,968.0,46.2665
021104,2024,1,Ultimo/Ulten,2886.0,208.1174
021105,2024,14,Vadena/Pfatten,1120.0,13.7358
021106,2024,5,Valdaora/Olang,3192.0,49.076
021108,2024,9,Valle Aurina/Ahrntal,5971.0,187.8882
021109,2024,2,Valle di Casies/Gsies,2323.0,110.1339
021110,2024,6,Vandoies/Vintl,3309.0,110.8179
021111,2024,20,Varna/Vahrn,4870.0,70.3417
021112,2024,2,Verano/Vöran,982.0,22.009
021113,2024,5,Villabassa/Niederdorf,1587.0,18.0325
021114,2024,2,Villandro/Villanders,1887.0,43.9501
021115,2024,9,Vipiteno/Sterzing,6959.0,32.9648
021116,2024,11,Velturno/Feldthurns,3025.0,24.5844
021118,2024,2,Senale-San Felice/Unsere Liebe Frau im Walde-St. Felix,775.0,27.6313
022001,2024,25,Ala,8792.0,119.855
022003,2024,5,Aldeno,3187.0,8.9704
022005,2024,1,Andalo,1268.0,11.3783
022006,2024,68,Arco,17798.0,63.2175
022007,2024,4,Avio,4072.0,68.8883
022009,2024,2,Baselga di Pinè,5074.0,41.0709
022011,2024,1,Bedollo,1470.0,27.4595
022013,2024,9,Besenello,2746.0,25.9369
022015,2024,1,Bieno,446.0,11.711
022017,2024,1,Bleggio Superiore,1516.0,32.674
022022,2024,8,Borgo Valsugana,6984.0,52.3633
022025,2024,3,Brentonico,4021.0,62.74
022026,2024,1,Bresimo,250.0,41.0139
022029,2024,1,Caderzone Terme,681.0,18.607
022032,2024,4,Calceranica al Lago,1376.0,3.3945
022033,2024,1,Caldes,1094.0,20.8086
022034,2024,9,Caldonazzo,3855.0,21.4132
022035,2024,8,Calliano,1996.0,10.1988
022037,2024,4,Campodenno,1520.0,25.023
022038,2024,1,Canal San Bovo,1457.0,125.6823
022039,2024,2,Canazei,2015.0,67.0177
022040,2024,5,Capriana,579.0,12.8188
022042,2024,1,Carisolo,950.0,25.1224
022047,2024,4,Castello-Molina di Fiemme,2320.0,54.5589
022048,2024,5,Castello Tesino,1167.0,112.8343
022050,2024,8,Cavalese,4041.0,45.3757
022051,2024,1,Cavareno,1117.0,9.4842
022052,2024,2,Cavedago,545.0,10.028
022053,2024,4,Cavedine,3003.0,38.2265
022058,2024,1,Cimone,708.0,9.807
022060,2024,1,Cis,298.0,5.4976
022061,2024,11,Civezzano,4080.0,15.6663
022062,2024,21,Cles,7155.0,39.1656
022064,2024,2,Commezzadura,1019.0,22.0249
022068,2024,3,Croviana,688.0,4.9892
022071,2024,1,Dambel,421.0,5.1451
022074,2024,2,Denno,1211.0,10.644
022078,2024,3,Drena,574.0,8.3367
022079,2024,19,Dro,5057.0,27.9534
022081,2024,4,Fai della Paganella,914.0,12.1293
022083,2024,3,Fiavè,1055.0,24.2822
022087,2024,7,Folgaria,3150.0,71.6258
022089,2024,2,Fornace,1319.0,7.2241
022090,2024,1,Frassilongo,342.0,16.6807
022092,2024,3,Giovo,2520.0,20.8129
022093,2024,1,Giustino,749.0,39.3866
022095,2024,1,Grigno,2086.0,46.3809
022097,2024,3,Imer,1177.0,27.7294
022098,2024,9,Isera,2754.0,14.092
022102,2024,2,Lavarone,1186.0,26.3125
022103,2024,16,Lavis,9119.0,12.1781
022104,2024,23,Levico Terme,8003.0,62.8282
022106,2024,1,Livo,790.0,15.2178
022108,2024,1,Lona-Lases,870.0,11.3726
022110,2024,1,Malé,2219.0,26.5277
022115,2024,3,Mezzano,1594.0,48.8455
022116,2024,11,Mezzocorona,5528.0,25.353
022117,2024,28,Mezzolombardo,7361.0,13.879
022118,2024,7,Moena,2682.0,82.5944
022120,2024,1,Molveno,1134.0,34.1156
022123,2024,19,Mori,9974.0,34.4834
022124,2024,18,Nago-Torbole,2847.0,28.3842
022127,2024,8,Nogaredo,2075.0,3.6147
022128,2024,3,Nomi,1312.0,6.4887
022129,2024,3,Novaledo,1095.0,7.9653
022130,2024,1,Ospedaletto,790.0,16.7474
022131,2024,1,Ossana,834.0,25.2486
022133,2024,1,Palù del Fersina,165.0,16.6481
022134,2024,3,Panchià,824.0,20.2112
022135,2024,1,Ronzo-Chienis,987.0,13.2084
022138,2024,4,Pelugo,390.0,22.9782
022139,2024,53,Pergine Valsugana,21486.0,54.3284
022142,2024,2,Pieve Tesino,637.0,69.2335
022143,2024,7,Pinzolo,3150.0,69.321
022144,2024,3,Pomarolo,2418.0,9.2285
022147,2024,12,Predazzo,4522.0,109.9648
022150,2024,1,Rabbi,1335.0,132.7874
022153,2024,54,Riva del Garda,17646.0,40.7248
022155,2024,5,Romeno,1384.0,9.1279
022156,2024,3,Roncegno Terme,2897.0,38.0833
022159,2024,1,Ronzone,439.0,5.2973
022160,2024,1,Roverè della Luna,1632.0,10.4144
022161,2024,97,Rovereto,39954.0,50.9842
022162,2024,1,Ruffrè-Mendola,407.0,6.58
022167,2024,13,San Michele all'Adige,3956.0,15.9962
022168,2024,1,Sant'Orsola Terme,1120.0,15.3639
022169,2024,6,Sanzeno,916.0,7.8749
022171,2024,2,Scurelle,1373.0,29.9965
022172,2024,1,Segonzano,1403.0,20.7121
022176,2024,2,Soraga di Fassa,691.0,19.7447
022177,2024,4,Sover,785.0,14.822
022179,2024,6,Spiazzo,1244.0,71.06
022180,2024,4,Spormaggiore,1258.0,30.2
022181,2024,1,Sporminore,705.0,17.4709
022182,2024,2,Stenico,1178.0,49.1459
022183,2024,10,Storo,4534.0,62.9318
022188,2024,2,Telve,1898.0,64.7474
022190,2024,1,Tenna,1051.0,3.1147
022191,2024,5,Tenno,1992.0,28.3011
022193,2024,3,Terragnolo,696.0,39.5662
022196,2024,6,Tesero,2935.0,50.5452
022199,2024,20,Tione di Trento,3665.0,33.4464
022200,2024,4,Ton,1321.0,26.2845
022203,2024,1,Trambileno,1468.0,50.6989
022205,2024,350,Trento,118879.0,157.8748
022209,2024,2,Valfloriana,458.0,39.3284
022210,2024,3,Vallarsa,1364.0,77.8636
022213,2024,3,Vermiglio,1846.0,95.6345
022216,2024,1,Vignola-Falesina,180.0,11.9514
022222,2024,5,Villa Lagarina,3825.0,24.1287
022224,2024,8,Volano,3020.0,10.7401
022228,2024,15,Comano Terme,2895.0,68.1133
022229,2024,14,Ledro,5248.0,156.3723
022230,2024,12,Predaia,6778.0,80.0485
022231,2024,4,San Lorenzo Dorsino,1554.0,73.9123
022232,2024,2,Valdaone,1141.0,177.0828
022233,2024,5,Dimaro Folgarida,2099.0,36.5328
022234,2024,2,Pieve di Bono-Prezzo,1430.0,24.6809
022235,2024,4,Altavalle,1612.0,33.5472
022236,2024,8,Altopiano della Vigolana,5074.0,45.0271
022237,2024,1,Amblar-Don,546.0,19.964
022238,2024,3,Borgo Chiese,1963.0,53.7123
022239,2024,3,Borgo Lares,707.0,22.62
022240,2024,5,Castel Ivano,3277.0,34.8203
022241,2024,2,Cembra Lisignago,2308.0,24.1056
022242,2024,2,Contà,1397.0,19.4692
022243,2024,10,Madruzzo,2933.0,28.9303
022244,2024,2,Porte di Rendena,1752.0,40.7133
022245,2024,7,Primiero San Martino di Castrozza,5278.0,200.0489
022246,2024,9,Sella Giudicarie,2894.0,85.7572
022247,2024,2,Tre Ville,1404.0,81.4868
022248,2024,15,Vallelaghi,5159.0,72.4548
022249,2024,2,Ville d'Anaunia,4736.0,89.1318
022250,2024,7,San Giovanni di Fassa-Sèn Jan,3698.0,99.8223
022251,2024,4,Terre d'Adige,3053.0,16.5774
022252,2024,6,Borgo d'Anaunia,2487.0,63.2287
022253,2024,7,Novella,3599.0,46.5889
022254,2024,6,Ville di Fiemme,2631.0,46.1493
023001,2024,16,Affi,2369.0,9.8814
023002,2024,5,Albaredo d'Adige,5371.0,28.2532
023003,2024,3,Angiari,2397.0,13.4706
023004,2024,15,Arcole,6325.0,18.8657
023005,2024,1,Badia Calavena,2589.0,26.9382
023006,2024,29,Bardolino,7170.0,57.3221
023007,2024,8,Belfiore,3329.0,26.4474
023008,2024,3,Bevilacqua,1763.0,12.2007
023009,2024,2,Bonavigo,1987.0,17.9947
023010,2024,1,Boschi Sant'Anna,1357.0,8.9664
023011,2024,5,Bosco Chiesanuova,3533.0,64.7987
023012,2024,43,Bovolone,16050.0,41.2729
023013,2024,13,Brentino Belluno,1334.0,25.9838
023014,2024,8,Brenzone sul Garda,2486.0,51.5829
023015,2024,54,Bussolengo,20583.0,24.2258
023016,2024,13,Buttapietra,7103.0,17.2692
023017,2024,15,Caldiero,7892.0,10.3727
023018,2024,17,Caprino Veronese,8502.0,47.3173
023019,2024,10,Casaleone,5562.0,38.6028
023020,2024,8,Castagnaro,3635.0,34.7978
023021,2024,21,Castel d'Azzano,11970.0,9.7241
023022,2024,41,Castelnuovo del Garda,13300.0,34.429
023023,2024,16,Cavaion Veronese,6036.0,12.9092
023024,2024,1,Cazzano di Tramigna,1520.0,12.2708
023025,2024,49,Cerea,16644.0,70.2947
023026,2024,4,Cerro Veronese,2565.0,10.0567
023027,2024,14,Cologna Veneta,8452.0,42.8339
023028,2024,29,Colognola ai Colli,8798.0,20.8968
023029,2024,3,Concamarise,1102.0,7.9136
023030,2024,13,Costermano sul Garda,3873.0,16.7441
023031,2024,10,Dolcè,2548.0,30.9499
023032,2024,3,Erbè,1927.0,16.1025
023033,2024,3,Erbezzo,784.0,31.969
023034,2024,2,Ferrara di Monte Baldo,250.0,26.8895
023035,2024,7,Fumane,4102.0,34.2113
023036,2024,20,Garda,4143.0,14.3691
023037,2024,14,Gazzo Veronese,5226.0,56.6542
023038,2024,4,Grezzana,10716.0,49.4866
023039,2024,5,Illasi,5213.0,25.0029
023040,2024,34,Isola della Scala,11762.0,69.8295
023041,2024,10,Isola Rizza,3244.0,16.6774
023042,2024,14,Lavagno,8609.0,14.6372
023043,2024,53,Lazise,6901.0,63.1465
023044,2024,94,Legnago,25443.0,79.2725
023045,2024,18,Malcesine,3640.0,69.2779
023046,2024,2,Marano di Valpolicella,3122.0,18.622
023047,2024,4,Mezzane di Sotto,2549.0,19.708
023048,2024,12,Minerbe,4570.0,29.6505
023049,2024,6,Montecchia di Crosara,4278.0,21.0625
023050,2024,10,Monteforte d'Alpone,9019.0,20.4705
023051,2024,10,Mozzecane,8027.0,24.8517
023052,2024,28,Negrar di Valpolicella,16751.0,40.4219
023053,2024,19,Nogara,8374.0,38.7778
023054,2024,17,Nogarole Rocca,3851.0,29.1355
023055,2024,37,Oppeano,10305.0,46.7257
023056,2024,2,Palù,1231.0,13.6103
023057,2024,15,Pastrengo,3111.0,9.0015
023058,2024,26,Pescantina,17367.0,19.7259
023059,2024,61,Peschiera del Garda,10881.0,18.2606
023060,2024,9,Povegliano Veronese,7358.0,18.5283
023061,2024,2,Pressana,2511.0,17.3894
023062,2024,12,Rivoli Veronese,2182.0,18.4271
023063,2024,5,Roncà,3740.0,18.1485
023064,2024,9,Ronco all'Adige,5962.0,42.8144
023065,2024,8,Roverchiara,2659.0,19.6466
023066,2024,1,Roveredo di Guà,1597.0,10.1597
023067,2024,2,Roverè Veronese,2070.0,36.5476
023068,2024,6,Salizzole,3779.0,30.6954
023069,2024,63,San Bonifacio,21402.0,33.792
023070,2024,6,San Giovanni Ilarione,4911.0,25.4033
023071,2024,50,San Giovanni Lupatoto,25418.0,19.0108
023072,2024,11,Sanguinetto,4086.0,13.5055
023073,2024,51,San Martino Buon Albergo,15970.0,34.7507
023074,2024,1,San Mauro di Saline,575.0,11.2398
023075,2024,4,San Pietro di Morubio,3030.0,16.1169
023076,2024,33,San Pietro in Cariano,12916.0,20.2358
023077,2024,19,Sant'Ambrogio di Valpolicella,11948.0,23.4999
023078,2024,1,Sant'Anna d'Alfaedo,2530.0,43.4279
023080,2024,4,Selva di Progno,892.0,41.3327
023081,2024,14,Soave,7143.0,22.7206
023082,2024,55,Sommacampagna,14788.0,40.8265
023083,2024,31,Sona,17629.0,41.1449
023084,2024,3,Sorgà,2957.0,31.5347
023085,2024,3,Terrazzo,2146.0,20.5271
023086,2024,7,Torri del Benaco,3062.0,46.2913
023087,2024,6,Tregnago,4902.0,37.3481
023088,2024,7,Trevenzuolo,2756.0,26.9416
023089,2024,35,Valeggio sul Mincio,15759.0,63.959
023090,2024,1,Velo Veronese,759.0,18.9017
023091,2024,1230,Verona,258031.0,198.9134
023092,2024,9,Veronella,5150.0,20.8801
023094,2024,13,Vigasio,10249.0,30.7626
023095,2024,15,Villa Bartolomea,5759.0,52.9886
023096,2024,101,Villafranca di Verona,33265.0,57.3407
023097,2024,42,Zevio,15542.0,54.8687
023098,2024,9,Zimella,4869.0,20.0992
024001,2024,2,Agugliaro,1403.0,14.6954
024002,2024,5,Albettone,1977.0,20.2106
024003,2024,4,Alonte,1586.0,11.1452
024004,2024,36,Altavilla Vicentina,11844.0,16.7234
024005,2024,3,Altissimo,2148.0,15.0861
024006,2024,7,Arcugnano,7807.0,41.5682
024007,2024,6,Arsiero,3036.0,41.3952
024008,2024,68,Arzignano,25124.0,34.1902
024009,2024,13,Asiago,6349.0,162.9334
024012,2024,148,Bassano del Grappa,42527.0,47.0617
024013,2024,20,Bolzano Vicentino,6514.0,19.8367
024014,2024,14,Breganze,8439.0,21.7608
024015,2024,18,Brendola,6607.0,25.5675
024016,2024,4,Bressanvido,3204.0,8.4405
024017,2024,3,Brogliano,3987.0,12.1551
024018,2024,17,Caldogno,11328.0,15.8845
024019,2024,4,Caltrano,2508.0,22.7111
024021,2024,14,Camisano Vicentino,11174.0,30.0209
024022,2024,2,Campiglia dei Berici,1666.0,11.0401
024024,2024,7,Carrè,3532.0,8.7389
024025,2024,5,Cartigliano,3723.0,7.377
024026,2024,38,Cassola,15043.0,12.7395
024027,2024,4,Castegnero,2848.0,11.6202
024028,2024,11,Castelgomberto,6122.0,17.4369
024029,2024,26,Chiampo,12574.0,22.604
024030,2024,7,Chiuppano,2493.0,4.7093
024032,2024,11,Cogollo del Cengio,3157.0,36.2167
024034,2024,26,Cornedo Vicentino,11728.0,23.5599
024035,2024,5,Costabissara,7705.0,13.132
024036,2024,14,Creazzo,11314.0,10.5285
024037,2024,3,Crespadoro,1280.0,30.2015
024038,2024,23,Dueville,13835.0,20.0095
024039,2024,1,Enego,1554.0,52.6032
024040,2024,5,Fara Vicentino,3720.0,15.1748
024042,2024,4,Gallio,2342.0,47.8665
024043,2024,8,Gambellara,3402.0,12.9966
024046,2024,12,Grisignano di Zocco,4266.0,17.0202
024047,2024,6,Grumolo delle Abbadesse,3768.0,15.0136
024048,2024,14,Isola Vicentina,10288.0,26.4789
024051,2024,11,Longare,5618.0,22.7741
024052,2024,29,Lonigo,15928.0,49.4205
024053,2024,4,Lugo di Vicenza,3593.0,14.564
024055,2024,21,Malo,14771.0,30.5281
024056,2024,15,Marano Vicentino,9380.0,12.7254
024057,2024,38,Marostica,14022.0,36.5289
024060,2024,22,Montebello Vicentino,6450.0,21.4752
024061,2024,72,Montecchio Maggiore,23156.0,30.5401
024062,2024,11,Montecchio Precalcino,4903.0,14.4203
024063,2024,8,Monte di Malo,2787.0,23.7485
024064,2024,8,Montegalda,3387.0,17.4127
024065,2024,2,Montegaldella,1814.0,13.5735
024066,2024,4,Monteviale,2853.0,8.4385
024067,2024,11,Monticello Conte Otto,9067.0,10.2417
024068,2024,5,Montorso Vicentino,3077.0,9.2946
024070,2024,15,Mussolente,7603.0,15.4308
024071,2024,3,Nanto,3088.0,14.3508
024073,2024,12,Nove,4871.0,8.1511
024074,2024,13,Noventa Vicentina,8914.0,22.8794
024075,2024,5,Orgiano,3036.0,18.0844
024076,2024,1,Pedemonte,708.0,12.592
024077,2024,1,Pianezze,2165.0,5.0235
024078,2024,18,Piovene Rocchette,8137.0,12.9065
024079,2024,6,Pojana Maggiore,4281.0,28.6152
024080,2024,2,Posina,564.0,43.6354
024081,2024,10,Pove del Grappa,3119.0,9.8406
024082,2024,5,Pozzoleone,2807.0,11.2548
024083,2024,10,Quinto Vicentino,5902.0,17.3964
024084,2024,7,Recoaro Terme,6140.0,60.1484
024085,2024,3,Roana,4181.0,78.1257
024086,2024,13,Romano d'Ezzelino,14172.0,21.3495
024087,2024,56,Rosà,14599.0,24.3153
024088,2024,10,Rossano Veneto,8138.0,10.5966
024089,2024,2,Rotzo,646.0,28.2505
024090,2024,1,Salcedo,1016.0,6.116
024091,2024,20,Sandrigo,8194.0,27.991
024094,2024,3,San Pietro Mussolino,1593.0,4.1081
024095,2024,10,Santorso,5559.0,13.2085
024096,2024,6,San Vito di Leguzzano,3599.0,6.1264
024097,2024,21,Sarcedo,5313.0,13.8528
024098,2024,14,Sarego,6670.0,23.9223
024099,2024,1,Schiavon,2645.0,12.0019
024100,2024,104,Schio,38635.0,66.2059
024101,2024,3,Solagna,1807.0,15.8119
024102,2024,6,Sossano,4194.0,20.8975
024104,2024,25,Tezze sul Brenta,12820.0,17.9344
024105,2024,84,Thiene,23964.0,19.7031
024107,2024,14,Torrebelvicino,5816.0,20.7397
024108,2024,21,Torri di Quartesolo,11766.0,18.6733
024110,2024,10,Trissino,8675.0,21.9571
024111,2024,35,Valdagno,25706.0,50.2157
024113,2024,3,Valli del Pasubio,3051.0,49.3448
024115,2024,2,Velo d'Astico,2242.0,21.9041
024116,2024,441,Vicenza,111113.0,80.5798
024117,2024,1,Villaga,1911.0,23.225
024118,2024,13,Villaverla,6114.0,15.7881
024119,2024,7,Zanè,6616.0,7.645
024120,2024,1,Zermeghedo,1363.0,2.9709
024121,2024,1,Zovencedo,798.0,9.0441
024122,2024,3,Zugliano,6794.0,13.7301
024123,2024,3,Val Liona,3043.0,27.8442
024124,2024,9,Barbarano Mossano,6300.0,33.4857
024125,2024,12,Valbrenta,4914.0,93.3681
024126,2024,12,Colceresa,5944.0,19.4004
024127,2024,8,Lusiana Conco,4600.0,61.1912
024128,2024,8,,,
025001,2024,5,Agordo,4074.0,23.7425
025003,2024,6,Alleghe,1164.0,29.7145
025005,2024,7,Auronzo di Cadore,3150.0,220.5522
025006,2024,112,Belluno,35522.0,147.2211
025007,2024,3,Borca di Cadore,839.0,26.7552
025008,2024,3,Calalzo di Cadore,1906.0,43.5069
025010,2024,5,Cencenighe Agordino,1258.0,18.1305
025011,2024,4,Cesiomaggiore,3925.0,82.0893
025012,2024,1,Chies d'Alpago,1262.0,44.9711
025014,2024,9,Colle Santa Lucia,355.0,15.3388
025015,2024,2,Comelico Superiore,2096.0,96.0918
025016,2024,18,Cortina d'Ampezzo,5669.0,252.8033
025018,2024,4,Domegge di Cadore,2266.0,50.357
025019,2024,2,Falcade,1860.0,52.795
025021,2024,62,Feltre,20491.0,99.7878
025022,2024,5,Fonzaso,3082.0,27.6181
025026,2024,9,Lamon,2699.0,54.352
025027,2024,4,La Valle Agordina,1067.0,48.6721
025029,2024,5,Limana,5309.0,39.1203
025030,2024,5,Livinallongo del Col di Lana,1315.0,100.0052
025032,2024,2,Lorenzago di Cadore,557.0,27.3486
025035,2024,1,Ospitale di Cadore,269.0,39.7816
025036,2024,8,Pedavena,4323.0,25.0553
025037,2024,5,Perarolo di Cadore,367.0,43.9431
025039,2024,16,Pieve di Cadore,3729.0,67.1701
025040,2024,15,Ponte nelle Alpi,8003.0,58.14
025043,2024,2,Rivamonte Agordino,619.0,23.304
025044,2024,1,Rocca Pietore,1174.0,73.2883
025045,2024,1,San Gregorio nelle Alpi,1573.0,19.1176
025046,2024,1,San Nicolò di Comelico,373.0,24.1594
025047,2024,1,San Pietro di Cadore,1557.0,52.1269
025048,2024,18,Santa Giustina,6649.0,35.9234
025049,2024,1,San Tomaso Agordino,611.0,19.1806
025050,2024,1,Santo Stefano di Cadore,2418.0,100.6204
025051,2024,10,San Vito di Cadore,1955.0,61.6156
025053,2024,24,Sedico,10177.0,91.2029
025054,2024,2,Selva di Cadore,489.0,33.3266
025055,2024,3,Seren del Grappa,2417.0,62.5288
025056,2024,2,Sospirolo,3091.0,65.8581
025058,2024,3,Sovramonte,1318.0,50.5416
025059,2024,1,Taibon Agordino,1728.0,90.0587
025062,2024,3,Vallada Agordina,473.0,12.9989
025063,2024,1,Valle di Cadore,1847.0,40.6394
025065,2024,2,Vigo di Cadore,1363.0,70.0659
025066,2024,2,Vodo Cadore,829.0,46.8767
025067,2024,1,Voltago Agordino,830.0,23.4694
025071,2024,17,Longarone,5119.0,122.3607
025072,2024,17,Alpago,6648.0,80.3408
025073,2024,7,Val di Zoldo,2842.0,141.6513
025074,2024,22,Borgo Valbelluna,13488.0,167.6916
025075,2024,20,,,
026001,2024,18,Altivole,7084.0,21.9467
026002,2024,7,Arcade,4503.0,8.2724
026003,2024,17,Asolo,9057.0,25.3668
026004,2024,7,Borso del Grappa,5909.0,33.139
026005,2024,7,Breda di Piave,7665.0,25.7608
026006,2024,18,Caerano di San Marco,7899.0,12.0885
026007,2024,6,Cappella Maggiore,4651.0,11.0891
026008,2024,25,Carbonera,11238.0,19.8826
026009,2024,27,Casale sul Sile,13149.0,26.9182
026010,2024,13,Casier,11335.0,13.4217
026012,2024,81,Castelfranco Veneto,33357.0,51.609
026013,2024,9,Castello di Godego,7123.0,18.1318
026014,2024,2,Cavaso del Tomba,2863.0,18.973
026015,2024,12,Cessalto,3833.0,28.1773
026016,2024,2,Chiarano,3647.0,19.9235
026017,2024,7,Cimadolmo,3377.0,17.8957
026018,2024,5,Cison di Valmarino,2582.0,28.812
026019,2024,9,Codognè,5296.0,21.7507
026020,2024,20,Colle Umberto,5067.0,13.5797
026021,2024,105,Conegliano,34480.0,36.3983
026022,2024,3,Cordignano,6899.0,26.2483
026023,2024,8,Cornuda,6293.0,12.5101
026025,2024,8,Crocetta del Montello,6080.0,26.5683
026026,2024,17,Farra di Soligo,8521.0,28.3399
026027,2024,6,Follina,3658.0,24.0814
026028,2024,10,Fontanelle,5654.0,35.3529
026029,2024,21,Fonte,5989.0,14.5967
026030,2024,3,Fregona,2819.0,42.7229
026031,2024,6,Gaiarine,6021.0,28.7778
026032,2024,7,Giavera del Montello,5185.0,20.1877
026033,2024,20,Godega di Sant'Urbano,5918.0,24.342
026034,2024,6,Gorgo al Monticano,4039.0,27.0883
026035,2024,22,Istrana,9181.0,26.4776
026036,2024,18,Loria,9272.0,23.2505
026037,2024,6,Mansuè,4985.0,27.0947
026038,2024,19,Mareno di Piave,9608.0,27.7706
026039,2024,11,Maser,5129.0,25.8539
026040,2024,11,Maserada sul Piave,9217.0,28.7696
026041,2024,2,Meduna di Livenza,2925.0,15.3788
026042,2024,1,Miane,3163.0,30.8836
026043,2024,70,Mogliano Veneto,27561.0,46.2562
026044,2024,13,Monastier di Treviso,4438.0,25.2613
026045,2024,2,Monfumo,1305.0,11.4548
026046,2024,96,Montebelluna,31129.0,49.0063
026047,2024,6,Morgano,4424.0,11.761
026048,2024,2,Moriago della Battaglia,2811.0,13.7573
026049,2024,9,Motta di Livenza,10641.0,37.7775
026050,2024,17,Nervesa della Battaglia,6583.0,34.9727
026051,2024,46,Oderzo,20344.0,42.3532
026052,2024,9,Ormelle,4480.0,18.8269
026053,2024,3,Orsago,3859.0,10.7066
026055,2024,41,Paese,22026.0,38.089
026056,2024,30,Pederobba,7334.0,27.3165
026057,2024,19,Pieve di Soligo,11805.0,19.0228
026058,2024,12,Ponte di Piave,8285.0,32.4357
026059,2024,20,Ponzano Veneto,12910.0,22.2704
026060,2024,1,Portobuffolè,739.0,5.0807
026062,2024,10,Povegliano,5097.0,12.9146
026063,2024,45,Preganziol,16896.0,23.1084
026064,2024,20,Quinto di Treviso,9945.0,19.0403
026065,2024,9,Refrontolo,1696.0,13.0349
026066,2024,13,Resana,9407.0,24.8911
026067,2024,4,Revine Lago,2109.0,18.7927
026068,2024,29,Riese Pio X,10938.0,30.6437
026069,2024,29,Roncade,14668.0,61.7762
026070,2024,14,Salgareda,6596.0,27.551
026071,2024,36,San Biagio di Callalta,12795.0,48.5044
026072,2024,12,San Fior,6875.0,17.8168
026073,2024,13,San Pietro di Feletto,5092.0,19.2525
026074,2024,5,San Polo di Piave,4946.0,20.9825
026075,2024,13,Santa Lucia di Piave,9120.0,19.8098
026076,2024,21,San Vendemiano,9897.0,18.4963
026077,2024,6,San Zenone degli Ezzelini,7317.0,19.9661
026078,2024,5,Sarmede,2975.0,18.0133
026079,2024,2,Segusino,1838.0,18.2274
026080,2024,11,Sernaglia della Battaglia,6171.0,20.1512
026081,2024,33,Silea,10195.0,18.9531
026082,2024,23,Spresiano,12313.0,25.7247
026083,2024,51,Susegana,11707.0,44.098
026084,2024,5,Tarzo,4228.0,23.9059
026085,2024,13,Trevignano,10704.0,26.4946
026086,2024,355,Treviso,84837.0,55.5781
026087,2024,19,Valdobbiadene,10140.0,62.8942
026088,2024,19,Vazzola,6858.0,26.1591
026089,2024,29,Vedelago,16491.0,61.8489
026090,2024,4,Vidor,3672.0,13.4259
026091,2024,58,Villorba,17768.0,30.5337
026092,2024,89,Vittorio Veneto,27479.0,82.8023
026093,2024,25,Volpago del Montello,10083.0,44.8222
026094,2024,1,Zenson di Piave,1729.0,9.4961
026095,2024,19,Zero Branco,11457.0,26.0637
026096,2024,6,Pieve del Grappa,6550.0,37.3385
027001,2024,5,Annone Veneto,3817.0,25.9339
027002,2024,24,Campagna Lupia,7157.0,87.591
027003,2024,12,Campolongo Maggiore,10689.0,23.6146
027004,2024,26,Camponogara,13036.0,21.299
027005,2024,27,Caorle,11242.0,153.834
027006,2024,43,Cavarzere,13181.0,140.4375
027007,2024,9,Ceggia,6104.0,22.1039
027008,2024,239,Chioggia,48223.0,187.9113
027009,2024,4,Cinto Caomaggiore,3172.0,21.3196
027010,2024,12,Cona,2875.0,65.1112
027011,2024,9,Concordia Sagittaria,10256.0,66.8349
027012,2024,36,Dolo,15053.0,24.284
027013,2024,34,Eraclea,12060.0,95.4535
027014,2024,18,Fiesso d'Artico,8465.0,6.3104
027015,2024,7,Fossalta di Piave,4150.0,9.6402
027016,2024,22,Fossalta di Portogruaro,5833.0,31.1041
027017,2024,14,Fossò,7053.0,10.1823
027018,2024,9,Gruaro,2760.0,17.4881
027019,2024,176,Jesolo,26511.0,96.3967
027020,2024,28,Marcon,17558.0,25.5472
027021,2024,30,Martellago,21394.0,20.1706
027022,2024,12,Meolo,6236.0,26.612
027023,2024,89,Mira,37969.0,99.1344
027024,2024,72,Mirano,27159.0,45.6303
027025,2024,32,Musile di Piave,11322.0,44.8684
027026,2024,23,Noale,16108.0,24.6898
027027,2024,24,Noventa di Piave,6997.0,17.9961
027028,2024,30,Pianiga,12258.0,20.0674
027029,2024,97,Portogruaro,24592.0,102.3109
027030,2024,5,Pramaggiore,4659.0,24.2151
027031,2024,27,Quarto d'Altino,8046.0,28.3286
027032,2024,18,Salzano,12858.0,17.1836
027033,2024,146,San Donà di Piave,41807.0,78.8769
027034,2024,69,San Michele al Tagliamento,11714.0,114.4092
027035,2024,35,Santa Maria di Sala,17541.0,28.051
027036,2024,29,San Stino di Livenza,12799.0,67.9666
027037,2024,36,Scorzè,19045.0,33.2872
027038,2024,51,Spinea,27877.0,14.9588
027039,2024,19,Stra,7543.0,8.8154
027040,2024,5,Teglio Veneto,2244.0,11.4427
027041,2024,3,Torre di Mosto,4768.0,37.9981
027042,2024,669,Venezia,256083.0,415.8927
027043,2024,16,Vigonovo,9936.0,12.8657
027044,2024,45,Cavallino-Treporti,13395.0,44.7138
028001,2024,47,Abano Terme,20095.0,21.4081
028002,2024,3,Agna,3193.0,18.8041
028003,2024,44,Albignasego,26441.0,21.1553
028004,2024,4,Anguillara Veneta,4182.0,21.665
028006,2024,2,Arre,2130.0,12.3439
028007,2024,10,Arzergrande,4899.0,13.6428
028008,2024,3,Bagnoli di Sopra,3408.0,34.977
028009,2024,4,Baone,3059.0,24.4195
028011,2024,1,Battaglia Terme,3805.0,6.2291
028012,2024,11,Boara Pisani,2416.0,16.6614
028013,2024,22,Borgoricco,8862.0,20.3938
028014,2024,6,Bovolenta,3491.0,22.7798
028015,2024,16,Brugine,7154.0,19.547
028016,2024,31,Cadoneghe,15972.0,12.9249
028017,2024,48,Campodarsego,14780.0,25.7182
028018,2024,7,Campodoro,2613.0,11.2241
028019,2024,30,Camposampiero,11874.0,21.1245
028020,2024,15,Campo San Martino,5683.0,13.1599
028021,2024,1,Candiana,2243.0,22.268
028023,2024,12,Carmignano di Brenta,7494.0,14.6815
028027,2024,7,Casale di Scodosia,4781.0,21.3152
028028,2024,13,Casalserugo,5330.0,15.5043
028030,2024,13,Cervarese Santa Croce,5648.0,17.7049
028031,2024,5,Cinto Euganeo,1960.0,19.7569
028032,2024,53,Cittadella,20072.0,36.6783
028033,2024,24,Codevigo,6411.0,70.0181
028034,2024,19,Conselve,10069.0,24.2861
028035,2024,13,Correzzola,5090.0,42.3257
028036,2024,13,Curtarolo,7103.0,14.729
028037,2024,37,Este,15990.0,32.8074
028038,2024,14,Fontaniva,7918.0,20.6111
028039,2024,9,Galliera Veneta,7127.0,8.9542
028040,2024,10,Galzignano Terme,4290.0,18.2007
028041,2024,5,Gazzo,4300.0,22.7096
028042,2024,5,Grantorto,4514.0,14.1029
028044,2024,30,Legnaro,9221.0,14.9138
028045,2024,17,Limena,8055.0,15.1553
028046,2024,22,Loreggia,7636.0,19.1159
028047,2024,7,Lozzo Atestino,2984.0,24.0731
028048,2024,23,Maserà di Padova,9144.0,17.5821
028049,2024,1,Masi,1746.0,13.7649
028050,2024,3,Massanzago,6070.0,13.2228
028052,2024,7,Megliadino San Vitale,1821.0,15.2476
028053,2024,1,Merlara,2518.0,21.3456
028054,2024,25,Mestrino,11649.0,19.218
028055,2024,58,Monselice,17258.0,50.5708
028056,2024,22,Montagnana,8894.0,45.0279
028057,2024,29,Montegrotto Terme,11366.0,15.37
028058,2024,36,Noventa Padovana,11507.0,7.0781
028059,2024,15,Ospedaletto Euganeo,5569.0,21.4782
028060,2024,1028,Padova,209730.0,93.0257
028061,2024,5,Pernumia,3769.0,13.1797
028062,2024,1,Piacenza d'Adige,1259.0,18.4889
028063,2024,28,Piazzola sul Brenta,11046.0,40.9328
028064,2024,11,Piombino Dese,9484.0,29.6247
028065,2024,62,Piove di Sacco,20075.0,35.7342
028066,2024,4,Polverara,3358.0,9.8439
028067,2024,3,Ponso,2401.0,10.8489
028068,2024,3,Pontelongo,3674.0,10.8862
028069,2024,32,Ponte San Nicolò,13393.0,13.521
028070,2024,5,Pozzonovo,3502.0,24.4761
028071,2024,9,Rovolon,4906.0,27.6862
028072,2024,58,Rubano,16721.0,14.5124
028073,2024,12,Saccolongo,4930.0,13.7992
028075,2024,19,San Giorgio delle Pertiche,10145.0,18.8582
028076,2024,15,San Giorgio in Bosco,6413.0,28.3502
028077,2024,18,San Martino di Lupari,13110.0,24.1222
028078,2024,7,San Pietro in Gu,4368.0,17.9003
028079,2024,6,San Pietro Viminario,3044.0,13.3064
028080,2024,11,Santa Giustina in Colle,7168.0,17.9675
028082,2024,18,Sant'Angelo di Piove di Sacco,7216.0,13.9648
028083,2024,8,Sant'Elena,2521.0,8.9164
028084,2024,6,Sant'Urbano,1942.0,31.9186
028085,2024,16,Saonara,10426.0,13.5443
028086,2024,46,Selvazzano Dentro,22920.0,19.5168
028087,2024,12,Solesino,6843.0,10.1429
028088,2024,16,Stanghella,4113.0,19.8106
028089,2024,27,Teolo,8941.0,31.2006
028090,2024,6,Terrassa Padovana,2690.0,14.8125
028091,2024,13,Tombolo,8268.0,11.0202
028092,2024,6,Torreglia,6137.0,18.8543
028093,2024,26,Trebaseleghe,12941.0,30.6561
028094,2024,7,Tribano,4267.0,19.2263
028095,2024,1,Urbana,2049.0,17.022
028096,2024,5,Veggiano,4753.0,16.4121
028097,2024,1,Vescovana,1759.0,22.2473
028099,2024,29,Vigodarzere,13035.0,19.916
028100,2024,80,Vigonza,23080.0,33.3229
028101,2024,12,Villa del Conte,5564.0,17.3484
028102,2024,3,Villa Estense,2135.0,16.0063
028103,2024,18,Villafranca Padovana,10491.0,23.9549
028104,2024,13,Villanova di Camposampiero,6163.0,12.2262
028105,2024,6,Vo',3258.0,20.3663
028106,2024,38,Due Carrare,8941.0,26.5644
028107,2024,9,Borgo Veneto,7045.0,39.1705
028108,2024,4,,,
029001,2024,44,Adria,18950.0,113.3883
029002,2024,5,Ariano nel Polesine,4098.0,81.4577
029003,2024,9,Arquà Polesine,2628.0,19.9278
029004,2024,21,Badia Polesine,10053.0,44.5341
029005,2024,4,Bagnolo di Po,1195.0,21.358
029006,2024,2,Bergantino,2453.0,17.9675
029007,2024,1,Bosaro,1453.0,6.1227
029008,2024,2,Calto,683.0,10.8475
029009,2024,6,Canaro,2620.0,32.6473
029010,2024,4,Canda,878.0,14.3743
029011,2024,2,Castelguglielmo,1521.0,22.1291
029012,2024,6,Castelmassa,4016.0,11.8404
029013,2024,9,Castelnovo Bariano,2624.0,37.9133
029014,2024,2,Ceneselli,1583.0,28.6176
029015,2024,7,Ceregnano,3515.0,30.1699
029017,2024,3,Corbola,2217.0,18.547
029018,2024,4,Costa di Rovigo,2443.0,16.0651
029019,2024,1,Crespino,1747.0,31.855
029021,2024,4,Ficarolo,2197.0,18.0738
029022,2024,10,Fiesso Umbertiano,3891.0,27.5396
029023,2024,10,Frassinelle Polesine,1370.0,21.9767
029024,2024,5,Fratta Polesine,2542.0,20.9677
029026,2024,1,Gavello,1470.0,24.3701
029027,2024,4,Giacciano con Baruchella,2068.0,18.4203
029028,2024,2,Guarda Veneta,1110.0,17.2052
029029,2024,20,Lendinara,11517.0,55.0601
029030,2024,1,Loreo,3326.0,39.8436
029031,2024,4,Lusia,3398.0,17.6764
029032,2024,4,Melara,1697.0,17.5809
029033,2024,45,Occhiobello,12052.0,32.3261
029034,2024,4,Papozze,1392.0,21.4869
029035,2024,1,Pettorazza Grimani,1513.0,21.4544
029036,2024,2,Pincara,1121.0,17.5061
029037,2024,9,Polesella,3723.0,16.4116
029038,2024,2,Pontecchio Polesine,2192.0,11.5313
029039,2024,8,Porto Tolle,9203.0,257.0646
029040,2024,16,Rosolina,6295.0,74.693
029041,2024,166,Rovigo,50535.0,108.8039
029043,2024,3,San Bellino,1064.0,15.8257
029044,2024,4,San Martino di Venezze,3777.0,31.0456
029045,2024,7,Stienta,3165.0,24.0221
029046,2024,17,Taglio di Po,8030.0,78.6785
029047,2024,5,Trecenta,2581.0,35.0778
029048,2024,9,Villadose,4867.0,32.074
029049,2024,7,Villamarzana,1153.0,14.1513
029050,2024,6,Villanova del Ghebbo,1991.0,11.7258
029051,2024,1,Villanova Marchesana,865.0,18.0497
029052,2024,27,Porto Viro,13911.0,133.3075
030001,2024,4,Aiello del Friuli,2179.0,13.3473
030002,2024,5,Amaro,848.0,33.2611
030003,2024,1,Ampezzo,941.0,73.6275
030004,2024,14,Aquileia,3187.0,37.4382
030005,2024,2,Arta Terme,2033.0,42.7698
030006,2024,4,Artegna,2830.0,11.2209
030007,2024,1,Attimis,1685.0,33.2372
030008,2024,9,Bagnaria Arsa,3452.0,19.233
030009,2024,6,Basiliano,5238.0,43.0279
030010,2024,3,Bertiolo,2391.0,26.0516
030011,2024,6,Bicinicco,1797.0,16.0085
030012,2024,2,Bordano,713.0,14.9043
030013,2024,15,Buja,6364.0,25.5056
030014,2024,7,Buttrio,3884.0,17.7768
030016,2024,27,Campoformido,7863.0,21.9325
030018,2024,3,Carlino,2728.0,30.2261
030019,2024,4,Cassacco,2844.0,11.6785
030020,2024,16,Castions di Strada,3710.0,32.8328
030021,2024,4,Cavazzo Carnico,961.0,39.4345
030023,2024,23,Cervignano del Friuli,13560.0,29.1668
030024,2024,1,Chiopris-Viscone,665.0,9.213
030025,2024,1,Chiusaforte,621.0,100.1977
030026,2024,12,Cividale del Friuli,10969.0,50.6458
030027,2024,30,Codroipo,15909.0,75.201
030028,2024,3,Colloredo di Monte Albano,2176.0,21.7505
030030,2024,2,Corno di Rosazzo,3121.0,12.6215
030031,2024,5,Coseano,2091.0,23.7787
030032,2024,7,Dignano,2313.0,27.6037
030035,2024,1,Enemonzo,1278.0,23.7602
030036,2024,3,Faedis,2801.0,46.7805
030037,2024,24,Fagagna,6055.0,37.1864
030042,2024,1,Forni di Sotto,557.0,93.5943
030043,2024,22,Gemona del Friuli,10634.0,56.0573
030044,2024,17,Gonars,4621.0,19.8169
030046,2024,40,Latisana,13268.0,37.7963
030047,2024,2,Lauco,678.0,34.7578
030048,2024,7,Lestizza,3674.0,34.3383
030049,2024,66,Lignano Sabbiadoro,6870.0,15.7064
030051,2024,1,Lusevera,605.0,53.0467
030052,2024,4,Magnano in Riviera,2291.0,8.3404
030053,2024,8,Majano,5840.0,28.2752
030054,2024,5,Malborghetto Valbruna,909.0,124.211
030055,2024,9,Manzano,6316.0,31.0425
030056,2024,1,Marano Lagunare,1742.0,85.8033
030057,2024,6,Martignacco,6898.0,26.677
030058,2024,6,Mereto di Tomba,2536.0,27.2869
030060,2024,2,Moimacco,1659.0,11.7658
030061,2024,2,Montenars,495.0,20.5915
030062,2024,12,Mortegliano,4850.0,30.0528
030063,2024,2,Moruzzo,2434.0,17.776
030064,2024,8,Muzzana del Turgnano,2400.0,24.2909
030065,2024,6,Nimis,2586.0,33.8948
030066,2024,6,Osoppo,2826.0,22.404
030067,2024,2,Ovaro,1791.0,57.9039
030068,2024,13,Pagnacco,5152.0,14.9331
030069,2024,5,Palazzolo dello Stella,2881.0,34.55
030070,2024,15,Palmanova,5376.0,13.2774
030071,2024,2,Paluzza,2003.0,69.7487
030072,2024,6,Pasian di Prato,9299.0,15.414
030073,2024,2,Paularo,2382.0,84.2423
030074,2024,14,Pavia di Udine,5527.0,34.336
030075,2024,11,Pocenia,2399.0,23.9831
030076,2024,4,Pontebba,1345.0,99.6625
030077,2024,3,Porpetto,2480.0,18.0541
030078,2024,4,Povoletto,5410.0,38.4131
030079,2024,28,Pozzuolo del Friuli,6893.0,34.3697
030080,2024,4,Pradamano,3554.0,15.9086
030081,2024,1,Prato Carnico,870.0,81.7207
030082,2024,4,Precenicco,1450.0,27.2302
030083,2024,5,Premariacco,4015.0,39.885
030084,2024,1,Preone,260.0,22.4728
030085,2024,1,Prepotto,729.0,33.2345
030087,2024,1,Ragogna,2810.0,22.0271
030090,2024,16,Reana del Rojale,4790.0,20.332
030091,2024,9,Remanzacco,6110.0,30.9872
030092,2024,1,Resia,937.0,119.3121
030095,2024,6,Rive d'Arcano,2380.0,22.5658
030097,2024,9,Ronchis,1948.0,18.3968
030098,2024,3,Ruda,2817.0,19.4636
030099,2024,29,San Daniele del Friuli,7923.0,34.7795
030100,2024,15,San Giorgio di Nogaro,7375.0,25.9373
030101,2024,6,San Giovanni al Natisone,6101.0,24.0601
030102,2024,1,San Leonardo,1047.0,26.9138
030103,2024,2,San Pietro al Natisone,2129.0,23.9685
030104,2024,5,Santa Maria la Longa,2313.0,19.6031
030105,2024,1,San Vito al Torre,1219.0,11.9224
030106,2024,2,San Vito di Fagagna,1690.0,8.5705
030108,2024,1,Savogna,351.0,22.1649
030109,2024,3,Sedegliano,3681.0,50.422
030110,2024,1,Socchieve,866.0,66.1145
030111,2024,1,Stregna,317.0,19.6913
030113,2024,2,Taipana,554.0,65.4414
030114,2024,3,Talmassons,3900.0,43.0497
030116,2024,26,Tarcento,8830.0,35.4193
030117,2024,3,Tarvisio,4102.0,208.3559
030118,2024,22,Tavagnacco,14780.0,15.3441
030120,2024,5,Terzo d'Aquileia,2760.0,28.3598
030121,2024,16,Tolmezzo,9998.0,64.6226
030122,2024,2,Torreano,2059.0,34.9904
030123,2024,5,Torviscosa,2677.0,48.6221
030124,2024,4,Trasaghis,2116.0,77.8492
030126,2024,5,Treppo Grande,1686.0,11.3221
030127,2024,15,Tricesimo,7604.0,17.683
030128,2024,1,Trivignano Udinese,1586.0,18.4599
030129,2024,332,Udine,98156.0,57.1924
030130,2024,7,Varmo,2663.0,34.9183
030131,2024,8,Venzone,1976.0,54.5509
030132,2024,4,Verzegnis,845.0,39.3306
030133,2024,4,Villa Santina,2166.0,12.9947
030135,2024,4,Visco,816.0,3.5386
030137,2024,2,Forgaria nel Friuli,1714.0,28.9391
030188,2024,3,Rivignano Teor,6174.0,47.7536
030190,2024,10,Fiumicello Villa Vicentina,6275.0,28.7989
031001,2024,2,Capriva del Friuli,1622.0,6.32
031002,2024,13,Cormons,7250.0,35.085
031003,2024,17,Doberdò del Lago-Doberdob,1340.0,27.0526
031005,2024,8,Farra d'Isonzo,1698.0,10.251
031006,2024,12,Fogliano Redipuglia,2977.0,7.9241
031007,2024,103,Gorizia,34087.0,41.2626
031008,2024,22,Gradisca d'Isonzo,6373.0,11.22
031009,2024,13,Grado,7959.0,119.5156
031010,2024,3,Mariano del Friuli,1475.0,8.5915
031011,2024,1,Medea,965.0,7.3593
031012,2024,122,Monfalcone,29233.0,20.6446
031014,2024,7,Mossa,1525.0,6.2051
031015,2024,7,Romans d'Isonzo,3706.0,15.4983
031016,2024,22,Ronchi dei Legionari,11851.0,17.1084
031017,2024,8,Sagrado,2155.0,13.9395
031018,2024,15,San Canzian d'Isonzo,6110.0,33.8903
031019,2024,1,San Floriano del Collio-Števerjan,747.0,10.6311
031020,2024,1,San Lorenzo Isontino,1518.0,4.4013
031021,2024,3,San Pier d'Isonzo,1977.0,9.028
031022,2024,10,Savogna d'Isonzo-Sovodnje ob Soči,1740.0,16.9815
031023,2024,10,Staranzano,7266.0,18.8163
031024,2024,1,Turriaco,2808.0,5.1749
031025,2024,11,Villesse,1670.0,12.0535
032001,2024,34,Duino Aurisina-Devin Nabrežina,8373.0,45.3135
032002,2024,1,Monrupino-Repentabor,857.0,12.6103
032003,2024,11,Muggia,12966.0,13.8518
032004,2024,8,San Dorligo della Valle-Dolina,5832.0,24.2218
032005,2024,13,Sgonico-Zgonik,2052.0,31.4024
032006,2024,837,Trieste,200609.0,85.1039
033002,2024,21,Alseno,4673.0,55.2695
033003,2024,2,Besenzone,946.0,23.9471
033004,2024,3,Bettola,2612.0,122.3705
033005,2024,8,Bobbio,3487.0,106.5214
033006,2024,20,Borgonovo Val Tidone,7989.0,51.2167
033007,2024,26,Cadeo,5911.0,38.4792
033008,2024,5,Calendasco,2407.0,36.9357
033010,2024,13,Caorso,4740.0,40.9806
033011,2024,26,Carpaneto Piacentino,7640.0,63.0763
033012,2024,22,Castell'Arquato,4548.0,52.7485
033013,2024,50,Castel San Giovanni,13813.0,44.0397
033014,2024,21,Castelvetro Piacentino,5223.0,35.0518
033016,2024,1,Coli,853.0,71.6896
033017,2024,1,Corte Brugnatella,552.0,46.3089
033018,2024,16,Cortemaggiore,4614.0,36.4718
033019,2024,1,Farini,1078.0,112.3548
033020,2024,3,Ferriere,1137.0,178.4949
033021,2024,55,Fiorenzuola d'Arda,14947.0,59.769
033022,2024,2,Gazzola,2104.0,44.4768
033023,2024,14,Gossolengo,5666.0,31.0994
033024,2024,9,Gragnano Trebbiense,4491.0,34.612
033025,2024,2,Gropparello,2144.0,56.33
033026,2024,4,Lugagnano Val d'Arda,3857.0,54.3974
033027,2024,13,Monticelli d'Ongina,5118.0,46.3298
033028,2024,3,Morfasso,926.0,83.9336
033032,2024,581,Piacenza,102731.0,118.2281
033033,2024,3,Pianello Val Tidone,2173.0,36.2849
033035,2024,15,Podenzano,9138.0,44.3354
033036,2024,3,Ponte dell'Olio,4573.0,43.9148
033037,2024,23,Pontenure,6512.0,33.8481
033038,2024,33,Rivergaro,7012.0,43.8291
033039,2024,36,Rottofreno,12211.0,35.1646
033040,2024,5,San Giorgio Piacentino,5600.0,49.194
033041,2024,2,San Pietro in Cerro,808.0,27.3456
033042,2024,12,Sarmato,2896.0,27.2585
033043,2024,14,Travo,2110.0,81.0121
033044,2024,9,Vernasca,2017.0,72.5658
033045,2024,9,Vigolzone,4193.0,42.0366
033046,2024,3,Villanova sull'Arda,1681.0,36.5647
033048,2024,3,Ziano Piacentino,2451.0,32.7755
033049,2024,7,Alta Val Tidone,2937.0,100.8556
034001,2024,5,Albareto,2101.0,104.1033
034002,2024,3,Bardi,2044.0,189.894
034003,2024,4,Bedonia,3200.0,169.5556
034004,2024,20,Berceto,1988.0,131.7046
034005,2024,2,Bore,676.0,43.0043
034006,2024,13,Borgo Val di Taro,6715.0,151.4879
034007,2024,11,Busseto,6827.0,76.5911
034008,2024,5,Calestano,2049.0,57.3542
034009,2024,50,Collecchio,14634.0,58.831
034010,2024,19,Colorno,9008.0,48.4061
034011,2024,2,Compiano,1061.0,37.532
034012,2024,1,Corniglio,1755.0,165.6975
034013,2024,13,Felino,9151.0,38.3458
034014,2024,100,Fidenza,26987.0,95.1166
034015,2024,36,Fontanellato,7013.0,53.9754
034016,2024,19,Fontevivo,5624.0,26.0045
034017,2024,16,Fornovo di Taro,5906.0,57.5224
034018,2024,20,Langhirano,10599.0,70.8424
034019,2024,4,Lesignano de' Bagni,5033.0,47.485
034020,2024,17,Medesano,10703.0,88.7682
034023,2024,17,Montechiarugolo,11077.0,48.2015
034024,2024,2,Neviano degli Arduini,3466.0,105.9563
034025,2024,37,Noceto,13138.0,79.1728
034026,2024,1,Palanzano,1060.0,69.8016
034027,2024,780,Parma,195998.0,260.5979
034028,2024,1,Pellegrino Parmense,955.0,82.0786
034030,2024,4,Roccabianca,2878.0,40.459
034031,2024,12,Sala Baganza,5757.0,30.7549
034032,2024,37,Salsomaggiore Terme,19819.0,81.4989
034033,2024,12,San Secondo Parmense,5767.0,37.7094
034035,2024,4,Solignano,1722.0,73.1352
034036,2024,12,Soragna,4790.0,45.3863
034038,2024,15,Terenzo,1172.0,72.6961
034039,2024,3,Tizzano Val Parma,2122.0,78.3864
034040,2024,2,Tornolo,894.0,67.4779
034041,2024,17,Torrile,7702.0,37.147
034042,2024,29,Traversetolo,9556.0,54.8602
034045,2024,3,Varano de' Melegari,2617.0,64.9214
034049,2024,14,Sissa Trecasali,7729.0,72.7144
034050,2024,3,Polesine Zibello,3139.0,48.5037
034051,2024,17,Sorbolo Mezzani,12683.0,66.9713
035001,2024,10,Albinea,8743.0,43.8883
035002,2024,21,Bagnolo in Piano,9628.0,26.9392
035003,2024,13,Baiso,3209.0,75.553
035004,2024,23,Bibbiano,10140.0,28.1622
035005,2024,7,Boretto,5311.0,18.0943
035006,2024,11,Brescello,5675.0,24.0376
035008,2024,27,Cadelbosco di Sopra,10704.0,43.5957
035009,2024,13,Campagnola Emilia,5635.0,24.3929
035010,2024,19,Campegine,5292.0,22.6234
035011,2024,13,Carpineti,3877.0,89.567
035012,2024,59,Casalgrande,18946.0,37.7068
035013,2024,8,Casina,4455.0,63.8037
035014,2024,30,Castellarano,15364.0,58.058
035015,2024,27,Castelnovo di Sotto,8415.0,35.0143
035016,2024,27,Castelnovo ne' Monti,10360.0,96.6802
035017,2024,18,Cavriago,9828.0,16.9945
035018,2024,13,Canossa,3676.0,53.0823
035020,2024,93,Correggio,24966.0,77.5093
035021,2024,13,Fabbrico,6618.0,23.6332
035022,2024,18,Gattatico,5715.0,42.1447
035023,2024,14,Gualtieri,6317.0,35.6438
035024,2024,38,Guastalla,14746.0,52.9206
035026,2024,12,Luzzara,8520.0,38.5245
035027,2024,19,Montecchio Emilia,10433.0,24.3868
035028,2024,34,Novellara,13368.0,58.1064
035029,2024,18,Poviglio,7176.0,43.5507
035030,2024,27,Quattro Castella,13115.0,46.3056
035032,2024,22,Reggiolo,9072.0,42.6623
035033,2024,839,Reggio nell'Emilia,170601.0,230.6805
035034,2024,15,Rio Saliceto,5962.0,22.5618
035035,2024,11,Rolo,4021.0,14.1703
035036,2024,50,Rubiera,14869.0,25.1941
035037,2024,16,San Martino in Rio,8219.0,22.7176
035038,2024,13,San Polo d'Enza,6173.0,32.2932
035039,2024,23,Sant'Ilario d'Enza,11159.0,20.2331
035040,2024,67,Scandiano,25672.0,50.0478
035041,2024,7,Toano,4195.0,67.2538
035042,2024,3,Vetto,1801.0,53.3728
035043,2024,15,Vezzano sul Crostolo,4323.0,37.8178
035044,2024,16,Viano,3309.0,44.9712
035045,2024,6,Villa Minozzo,3540.0,168.0773
035046,2024,9,Ventasso,3992.0,258.1724
036001,2024,10,Bastiglia,4134.0,10.4662
036002,2024,36,Bomporto,10142.0,38.8735
036003,2024,48,Campogalliano,8605.0,35.6891
036004,2024,14,Camposanto,3192.0,22.7072
036005,2024,357,Carpi,71730.0,131.5407
036006,2024,78,Castelfranco Emilia,32908.0,102.5111
036007,2024,34,Castelnuovo Rangone,15081.0,22.4407
036008,2024,45,Castelvetro di Modena,11284.0,49.783
036009,2024,13,Cavezzo,6960.0,26.7719
036010,2024,17,Concordia sulla Secchia,8162.0,40.9448
036011,2024,4,Fanano,2951.0,89.9056
036012,2024,27,Finale Emilia,15047.0,105.1257
036013,2024,70,Fiorano Modenese,16988.0,26.2317
036014,2024,4,Fiumalbo,1196.0,39.1349
036015,2024,71,Formigine,34541.0,46.7584
036016,2024,1,Frassinoro,1801.0,95.4568
036017,2024,10,Guiglia,4003.0,48.296
036018,2024,7,Lama Mocogno,2656.0,63.907
036019,2024,53,Maranello,17379.0,32.5808
036020,2024,18,Marano sul Panaro,5297.0,45.4654
036021,2024,17,Medolla,6301.0,26.9959
036022,2024,90,Mirandola,24103.0,137.0459
036023,2024,1014,Modena,186414.0,183.173
036024,2024,1,Montecreto,914.0,31.2213
036025,2024,2,Montefiorino,2084.0,45.277
036026,2024,3,Montese,3208.0,81.0046
036027,2024,42,Nonantola,16010.0,55.32
036028,2024,17,Novi di Modena,9983.0,51.808
036029,2024,2,Palagano,2073.0,60.411
036030,2024,65,Pavullo nel Frignano,17979.0,143.7304
036031,2024,2,Pievepelago,2185.0,76.5344
036032,2024,2,Polinago,1580.0,53.7389
036033,2024,6,Prignano sulla Secchia,3753.0,79.6652
036034,2024,11,Ravarino,6194.0,28.5303
036036,2024,21,San Cesario sul Panaro,6533.0,27.3097
036037,2024,22,San Felice sul Panaro,10741.0,51.6636
036038,2024,8,San Possidonio,3471.0,17.0582
036039,2024,24,San Prospero,5975.0,34.557
036040,2024,149,Sassuolo,40722.0,38.4032
036041,2024,31,Savignano sul Panaro,9289.0,25.554
036042,2024,42,Serramazzoni,8404.0,93.9602
036043,2024,4,Sestola,2435.0,52.4711
036044,2024,34,Soliera,15474.0,50.9283
036045,2024,68,Spilamberto,12845.0,29.7918
036046,2024,100,Vignola,25726.0,22.8613
036047,2024,9,Zocca,4567.0,69.3646
037001,2024,32,Anzola dell'Emilia,12353.0,36.5961
037002,2024,41,Argelato,9741.0,35.1033
037003,2024,5,Baricella,7074.0,45.4839
037005,2024,62,Bentivoglio,5801.0,51.1055
037006,2024,1946,Bologna,391686.0,140.8566
037007,2024,4,Borgo Tossignano,3228.0,29.2729
037008,2024,52,Budrio,18368.0,120.1849
037009,2024,34,Calderara di Reno,13479.0,40.7517
037011,2024,101,Casalecchio di Reno,36052.0,17.3334
037012,2024,5,Casalfiumanese,3373.0,82.0283
037013,2024,2,Castel d'Aiano,1857.0,45.2605
037014,2024,3,Castel del Rio,1189.0,52.5914
037015,2024,3,Castel di Casio,3307.0,47.3257
037016,2024,15,Castel Guelfo di Bologna,4529.0,28.6088
037017,2024,20,Castello d'Argile,6554.0,29.0706
037019,2024,57,Castel Maggiore,18631.0,30.9004
037020,2024,55,Castel San Pietro Terme,20786.0,148.4147
037021,2024,50,Castenaso,15870.0,35.7333
037022,2024,17,Castiglione dei Pepoli,5418.0,65.7611
037024,2024,24,Crevalcore,13675.0,102.7526
037025,2024,23,Dozza,6609.0,24.2317
037026,2024,5,Fontanelice,1945.0,36.5572
037027,2024,5,Gaggio Montano,4810.0,58.6697
037028,2024,14,Galliera,5504.0,37.1536
037030,2024,47,Granarolo dell'Emilia,12471.0,34.3693
037031,2024,11,Grizzana Morandi,3882.0,77.4024
037032,2024,324,Imola,69855.0,205.0213
037033,2024,2,Lizzano in Belvedere,2161.0,85.447
037034,2024,19,Loiano,4328.0,52.4056
037035,2024,35,Malalbergo,9085.0,53.8163
037036,2024,28,Marzabotto,6731.0,74.5263
037037,2024,30,Medicina,16599.0,159.1056
037038,2024,12,Minerbio,8941.0,43.0663
037039,2024,20,Molinella,15648.0,127.8402
037040,2024,4,Monghidoro,3699.0,48.2812
037041,2024,14,Monterenzio,6105.0,105.2554
037042,2024,24,Monte San Pietro,10695.0,74.6857
037044,2024,16,Monzuno,6346.0,65.0081
037045,2024,6,Mordano,4613.0,21.4513
037046,2024,50,Ozzano dell'Emilia,13927.0,64.9471
037047,2024,46,Pianoro,17472.0,107.129
037048,2024,17,Pieve di Cento,7132.0,15.9368
037050,2024,14,Sala Bolognese,8478.0,45.6367
037051,2024,11,San Benedetto Val di Sambro,4203.0,66.4675
037052,2024,30,San Giorgio di Piano,9048.0,30.4326
037053,2024,85,San Giovanni in Persiceto,28048.0,114.4106
037054,2024,141,San Lazzaro di Savena,32665.0,44.7241
037055,2024,35,San Pietro in Casale,12678.0,65.8561
037056,2024,17,Sant'Agata Bolognese,7339.0,34.7917
037057,2024,83,Sasso Marconi,14761.0,96.4485
037059,2024,20,Vergato,7608.0,59.9401
037060,2024,88,Zola Predosa,19113.0,37.7472
037061,2024,89,Valsamoggia,31503.0,178.1313
037062,2024,7,Alto Reno Terme,6835.0,73.6224
038001,2024,63,Argenta,21140.0,311.663
038003,2024,34,Bondeno,13905.0,174.753
038004,2024,89,Cento,35107.0,64.7415
038005,2024,34,Codigoro,11297.0,169.2711
038006,2024,97,Comacchio,22081.0,283.7461
038007,2024,33,Copparo,15874.0,157.0042
038008,2024,603,Ferrara,131669.0,405.1396
038010,2024,4,Jolanda di Savoia,2686.0,108.3382
038011,2024,6,Lagosanto,4760.0,34.4368
038012,2024,3,Masi Torello,2332.0,22.7071
038014,2024,20,Mesola,6549.0,84.2986
038017,2024,21,Ostellato,5769.0,173.3408
038018,2024,36,Poggio Renatico,9787.0,80.2322
038019,2024,21,Portomaggiore,11506.0,126.6429
038022,2024,7,Vigarano Mainarda,7590.0,42.0182
038023,2024,12,Voghiera,3646.0,40.3268
038025,2024,4,Goro,3588.0,26.6198
038027,2024,19,Fiscaglia,8493.0,116.1817
038028,2024,19,Terre del Reno,9826.0,51.0347
038029,2024,18,Riva del Po,7573.0,111.8218
038030,2024,9,Tresignana,6883.0,43.0586
039001,2024,35,Alfonsine,11626.0,106.7905
039002,2024,45,Bagnacavallo,16402.0,79.5793
039003,2024,8,Bagnara di Romagna,2414.0,9.9578
039004,2024,27,Brisighella,7244.0,194.319
039005,2024,5,Casola Valsenio,2502.0,84.4135
039006,2024,32,Castel Bolognese,9549.0,32.3734
039007,2024,150,Cervia,28774.0,82.2725
039008,2024,24,Conselice,9554.0,60.1994
039009,2024,33,Cotignola,7329.0,35.139
039010,2024,308,Faenza,59063.0,215.7569
039011,2024,18,Fusignano,8082.0,24.5496
039012,2024,121,Lugo,31934.0,117.0548
039013,2024,29,Massa Lombarda,10501.0,37.2479
039014,2024,813,Ravenna,156463.0,653.8119
039015,2024,12,Riolo Terme,5699.0,44.2582
039016,2024,27,Russi,12136.0,46.2594
039017,2024,12,Sant'Agata sul Santerno,2898.0,9.3707
039018,2024,38,Solarolo,4473.0,26.0383
040001,2024,17,Bagno di Romagna,5621.0,233.5005
040003,2024,32,Bertinoro,11016.0,57.2533
040004,2024,4,Borghi,2878.0,30.2325
040005,2024,12,Castrocaro Terme e Terra del Sole,6264.0,38.9501
040007,2024,439,Cesena,96520.0,249.4614
040008,2024,122,Cesenatico,25992.0,45.1634
040009,2024,13,Civitella di Romagna,3701.0,117.929
040011,2024,3,Dovadola,1567.0,38.9702
040012,2024,520,Forlì,117407.0,228.1972
040013,2024,24,Forlimpopoli,13099.0,24.4588
040014,2024,5,Galeata,2385.0,63.1294
040015,2024,19,Gambettola,10661.0,7.7713
040016,2024,30,Gatteo,9289.0,14.138
040018,2024,17,Longiano,7219.0,23.576
040019,2024,16,Meldola,9910.0,79.0775
040020,2024,17,Mercato Saraceno,6821.0,99.3304
040022,2024,2,Modigliana,4357.0,101.1628
040031,2024,5,Portico e San Benedetto,745.0,61.0511
040032,2024,12,Predappio,6183.0,91.3883
040033,2024,3,Premilcuore,716.0,98.5567
040037,2024,5,Roncofreddo,3416.0,51.526
040041,2024,43,San Mauro Pascoli,12184.0,17.2873
040043,2024,6,Santa Sofia,4053.0,148.8602
040044,2024,7,Sarsina,3301.0,100.7182
040045,2024,67,Savignano sul Rubicone,17858.0,23.3027
040046,2024,4,Sogliano al Rubicone,3117.0,93.4291
040050,2024,6,Verghereto,1750.0,117.8823
041001,2024,10,Acqualagna,4240.0,50.6846
041002,2024,2,Apecchio,1749.0,103.1077
041007,2024,23,Cagli,8072.0,226.4575
041008,2024,10,Cantiano,2021.0,83.2457
041010,2024,15,Cartoceto,7974.0,23.2029
041013,2024,289,Fano,60136.0,120.3167
041014,2024,19,Fermignano,8290.0,43.7022
041015,2024,20,Fossombrone,9123.0,106.8757
041016,2024,1,Fratte Rosa,882.0,15.63
041017,2024,1,Frontino,291.0,10.3673
041018,2024,4,Frontone,1222.0,36.0741
041019,2024,28,Gabicce Mare,5597.0,4.9349
041020,2024,8,Gradara,4881.0,17.5257
041021,2024,1,Isola del Piano,556.0,23.3024
041022,2024,1,Lunano,1465.0,15.0143
041023,2024,2,Macerata Feltria,1904.0,40.0743
041025,2024,1,Mercatello sul Metauro,1298.0,68.3532
041026,2024,3,Mercatino Conca,1008.0,13.9454
041027,2024,6,Mombaroccio,2042.0,28.2059
041028,2024,3,Mondavio,3663.0,29.6355
041029,2024,67,Mondolfo,14307.0,24.3413
041030,2024,4,Montecalvo in Foglia,2723.0,18.247
041034,2024,7,Montefelcino,2517.0,39.0064
041035,2024,5,Monte Grimano Terme,1075.0,23.9678
041036,2024,18,Montelabbate,6933.0,19.565
041038,2024,4,Monte Porzio,2801.0,18.2874
041041,2024,1,Peglio,651.0,21.3607
041043,2024,4,Pergola,5849.0,112.3954
041044,2024,461,Pesaro,95950.0,152.8116
041045,2024,4,Petriano,2768.0,11.2713
041047,2024,2,Piandimeleto,2054.0,39.9011
041048,2024,1,Pietrarubbia,610.0,13.2885
041049,2024,3,Piobbico,1839.0,48.1975
041051,2024,14,San Costanzo,4583.0,40.886
041054,2024,9,San Lorenzo in Campo,3176.0,28.798
041057,2024,6,Sant'Angelo in Vado,3919.0,67.3367
041058,2024,3,Sant'Ippolito,1463.0,19.8757
041064,2024,1,Tavoleto,852.0,12.4065
041065,2024,27,Tavullia,7878.0,42.0639
041066,2024,15,Urbania,6886.0,77.5329
041067,2024,55,Urbino,14007.0,226.4923
041068,2024,38,Vallefoglia,14908.0,39.5691
041069,2024,33,Colli al Metauro,12202.0,46.1679
041070,2024,5,Terre Roveresche,5143.0,70.3655
041071,2024,9,Sassocorvaro Auditore,4870.0,87.5458
042001,2024,10,Agugliano,4747.0,21.8901
042002,2024,409,Ancona,99273.0,124.8683
042003,2024,4,Arcevia,4272.0,128.331
042004,2024,1,Barbara,1281.0,11.0386
042005,2024,3,Belvedere Ostrense,2133.0,29.4501
042006,2024,40,Camerano,7160.0,20.0041
042007,2024,4,Camerata Picena,2525.0,11.8916
042008,2024,5,Castelbellino,4956.0,6.0471
042010,2024,72,Castelfidardo,18517.0,33.3901
042012,2024,13,Castelplanio,3465.0,15.3181
042013,2024,6,Cerreto d'Esi,3486.0,16.9129
042014,2024,33,Chiaravalle,14389.0,17.602
042015,2024,4,Corinaldo,4848.0,49.2789
042016,2024,5,Cupramontana,4418.0,27.4029
042017,2024,51,Fabriano,29484.0,272.0776
042018,2024,105,Falconara Marittima,25727.0,25.8148
042019,2024,11,Filottrano,9034.0,71.2015
042020,2024,6,Genga,1679.0,73.1543
042021,2024,170,Jesi,39440.0,108.9032
042022,2024,30,Loreto,12825.0,17.8954
042023,2024,28,Maiolati Spontini,6150.0,21.4923
042024,2024,2,Mergo,991.0,7.2775
042025,2024,12,Monsano,3299.0,14.6644
042026,2024,2,Montecarotto,1845.0,24.3854
042027,2024,24,Montemarciano,9896.0,22.3106
042029,2024,11,Monte Roberto,3052.0,13.5694
042030,2024,13,Monte San Vito,6744.0,21.8135
042031,2024,5,Morro d'Alba,1813.0,19.4605
042032,2024,25,Numana,3741.0,10.9349
042033,2024,2,Offagna,2051.0,10.6305
042034,2024,83,Osimo,34826.0,106.7377
042035,2024,13,Ostra,6464.0,47.2517
042036,2024,10,Ostra Vetere,3125.0,30.0164
042037,2024,2,Poggio San Marcello,648.0,13.3629
042038,2024,7,Polverigi,4584.0,24.9832
042040,2024,3,Rosora,1890.0,9.4061
042041,2024,2,San Marcello,1983.0,25.7778
042042,2024,1,San Paolo di Jesi,920.0,10.1118
042043,2024,1,Santa Maria Nuova,4048.0,18.2869
042044,2024,8,Sassoferrato,6876.0,137.2273
042045,2024,214,Senigallia,44323.0,117.7689
042046,2024,13,Serra de' Conti,3650.0,24.543
042047,2024,5,Serra San Quirico,2596.0,49.333
042048,2024,9,Sirolo,4069.0,16.6769
042049,2024,7,Staffolo,2112.0,27.4964
042050,2024,10,Trecastelli,7467.0,39.3019
043002,2024,2,Apiro,2073.0,53.7792
043003,2024,4,Appignano,4065.0,22.6722
043007,2024,25,Camerino,6312.0,129.8821
043009,2024,16,Castelraimondo,4364.0,44.8463
043010,2024,1,Castelsantangelo sul Nera,241.0,70.6713
043011,2024,2,Cessapalombo,443.0,27.5803
043012,2024,14,Cingoli,9797.0,148.1969
043013,2024,207,Civitanova Marche,41894.0,46.0658
043014,2024,2,Colmurano,1190.0,11.1987
043015,2024,43,Corridonia,14941.0,61.9643
043017,2024,5,Fiastra,642.0,84.4799
043019,2024,2,Fiuminata,1288.0,76.2168
043020,2024,3,Gagliole,538.0,24.0501
043021,2024,1,Gualdo,736.0,22.2234
043023,2024,154,Macerata,41079.0,92.5263
043024,2024,18,Matelica,9364.0,81.1
043025,2024,8,Mogliano,4407.0,29.2582
043026,2024,15,Montecassiano,6961.0,33.3569
043028,2024,17,Montecosaro,7384.0,21.8779
043029,2024,4,Montefano,3315.0,33.9412
043030,2024,11,Montelupone,3436.0,32.6715
043031,2024,13,Monte San Giusto,7543.0,20.0369
043032,2024,2,Monte San Martino,697.0,18.4669
043033,2024,34,Morrovalle,9979.0,42.5803
043034,2024,8,Muccia,849.0,25.9085
043036,2024,4,Petriolo,1868.0,15.6459
043038,2024,4,Pieve Torina,1284.0,74.7979
043039,2024,2,Pioraco,1001.0,19.4522
043041,2024,14,Pollenza,6350.0,39.5473
043042,2024,47,Porto Recanati,12163.0,17.2489
043043,2024,52,Potenza Picena,15652.0,48.5522
043044,2024,61,Recanati,20865.0,103.4588
043045,2024,2,Ripe San Ginesio,819.0,10.1694
043046,2024,11,San Ginesio,3149.0,78.0195
043047,2024,41,San Severino Marche,12009.0,194.2547
043048,2024,1,Sant'Angelo in Pontano,1285.0,27.3837
043049,2024,7,Sarnano,3080.0,63.1659
043050,2024,1,Sefro,416.0,42.537
043051,2024,5,Serrapetrona,910.0,37.6468
043052,2024,7,Serravalle di Chienti,1031.0,95.9871
043053,2024,87,Tolentino,18498.0,95.1181
043054,2024,31,Treia,9123.0,93.5356
043055,2024,9,Urbisaglia,2448.0,22.8633
043056,2024,1,Ussita,381.0,55.2948
043057,2024,3,Visso,1005.0,100.4148
043058,2024,1,Valfornace,919.0,48.6127
044001,2024,7,Acquasanta Terme,2575.0,138.3914
044002,2024,9,Acquaviva Picena,3668.0,21.0624
044005,2024,1,Appignano del Tronto,1708.0,23.1943
044006,2024,3,Arquata del Tronto,1040.0,92.1821
044007,2024,189,Ascoli Piceno,46554.0,158.0203
044010,2024,2,Carassai,985.0,22.2382
044011,2024,19,Castel di Lama,8458.0,10.9762
044013,2024,4,Castorano,2270.0,14.0833
044014,2024,8,Colli del Tronto,3655.0,5.939
044015,2024,4,Comunanza,2981.0,54.3954
044016,2024,2,Cossignano,872.0,14.9507
044017,2024,28,Cupra Marittima,5355.0,17.3366
044020,2024,11,Folignano,8916.0,14.8568
044021,2024,3,Force,1175.0,34.3072
044023,2024,61,Grottammare,15960.0,17.9947
044027,2024,7,Maltignano,2305.0,8.1726
044029,2024,5,Massignano,1651.0,16.3038
044031,2024,20,Monsampolo del Tronto,4486.0,15.4334
044032,2024,3,Montalto delle Marche,1964.0,33.94
044034,2024,1,Montedinove,479.0,11.9333
044036,2024,4,Montefiore dell'Aso,1991.0,28.2074
044038,2024,1,Montegallo,463.0,48.4639
044045,2024,45,Monteprandone,12820.0,26.3736
044054,2024,7,Offida,4770.0,49.6025
044063,2024,13,Ripatransone,4061.0,74.2773
044064,2024,5,Roccafluvione,1926.0,60.6319
044066,2024,261,San Benedetto del Tronto,46976.0,25.4053
044071,2024,11,Spinetoli,7248.0,12.5824
044073,2024,2,Venarotta,1929.0,30.2096
045001,2024,27,Aulla,10781.0,59.9874
045003,2024,275,Carrara,60833.0,71.2778
045005,2024,2,Comano,672.0,53.8314
045006,2024,6,Filattiera,2209.0,48.7783
045007,2024,7,Fivizzano,7300.0,181.1155
045008,2024,4,Fosdinovo,4629.0,48.3949
045009,2024,12,Licciana Nardi,4804.0,55.6777
045010,2024,405,Massa,66977.0,93.8397
045011,2024,38,Montignoso,10050.0,16.7091
045012,2024,3,Mulazzo,2293.0,62.5051
045013,2024,9,Podenzana,2106.0,17.1035
045014,2024,31,Pontremoli,6950.0,182.5158
045015,2024,5,Tresana,1925.0,44.4507
045016,2024,14,Villafranca in Lunigiana,4592.0,29.3197
045017,2024,1,Zeri,992.0,73.6187
046001,2024,53,Altopascio,15619.0,28.5991
046002,2024,9,Bagni di Lucca,5629.0,164.7064
046003,2024,13,Barga,9574.0,66.4641
046004,2024,24,Borgo a Mozzano,6719.0,72.2028
046005,2024,205,Camaiore,31761.0,85.4275
046006,2024,5,Camporgiano,2062.0,27.0912
046007,2024,153,Capannori,46389.0,156.1777
046008,2024,1,Careggine,522.0,24.081
046009,2024,12,Castelnuovo di Garfagnana,5685.0,28.4824
046010,2024,1,Castiglione di Garfagnana,1700.0,48.5253
046011,2024,8,Coreglia Antelminelli,5161.0,52.9404
046013,2024,101,Forte dei Marmi,7217.0,9.1872
046015,2024,11,Gallicano,3580.0,31.0403
046017,2024,402,Lucca,89378.0,185.7334
046018,2024,95,Massarosa,21951.0,68.2379
046019,2024,1,Minucciano,1853.0,57.2823
046021,2024,1,Montecarlo,4353.0,15.63
046022,2024,3,Pescaglia,3342.0,70.5479
046023,2024,2,Piazza al Serchio,2178.0,27.0295
046024,2024,139,Pietrasanta,23121.0,42.1153
046025,2024,3,Pieve Fosciana,2318.0,28.7546
046026,2024,20,Porcari,8830.0,17.8894
046027,2024,3,San Romano in Garfagnana,1368.0,26.1567
046028,2024,46,Seravezza,12556.0,39.4678
046030,2024,5,Stazzema,2898.0,80.1265
046031,2024,1,Vagli Sotto,865.0,41.2192
046033,2024,402,Viareggio,61251.0,32.5275
046034,2024,1,Villa Basilica,1494.0,36.5731
047002,2024,53,Agliana,18112.0,11.6792
047003,2024,20,Buggiano,8768.0,16.0642
047005,2024,17,Lamporecchio,7372.0,22.2518
047006,2024,14,Larciano,6279.0,24.9667
047007,2024,2,Marliana,3130.0,43.0435
047008,2024,20,Massa e Cozzile,7707.0,16.0119
047009,2024,45,Monsummano Terme,20899.0,32.6232
047010,2024,27,Montale,10757.0,32.1174
047011,2024,69,Montecatini-Terme,20452.0,17.6864
047012,2024,52,Pescia,19250.0,79.1246
047013,2024,33,Pieve a Nievole,9167.0,12.6668
047014,2024,386,Pistoia,89729.0,236.3969
047016,2024,21,Ponte Buggianese,8792.0,29.5227
047017,2024,54,Quarrata,26924.0,45.9127
047018,2024,6,Sambuca Pistoiese,1444.0,77.2396
047020,2024,48,Serravalle Pistoiese,11664.0,42.0349
047021,2024,10,Uzzano,5612.0,7.8501
047022,2024,34,Chiesina Uzzanese,4505.0,7.251
047023,2024,2,Abetone Cutigliano,1973.0,74.9918
047024,2024,18,San Marcello Piteglio,7709.0,134.7274
048001,2024,163,Bagno a Ripoli,25323.0,74.0913
048002,2024,75,Barberino di Mugello,10870.0,133.3254
048004,2024,61,Borgo San Lorenzo,18207.0,146.3627
048005,2024,127,Calenzano,18420.0,76.9699
048006,2024,219,Campi Bisenzio,47871.0,28.7516
048008,2024,16,Capraia e Limite,7856.0,24.9167
048010,2024,44,Castelfiorentino,17437.0,66.3437
048011,2024,27,Cerreto Guidi,10932.0,49.305
048012,2024,35,Certaldo,15632.0,75.2749
048013,2024,13,Dicomano,5439.0,61.6319
048014,2024,203,Empoli,48674.0,62.4217
048015,2024,50,Fiesole,13845.0,42.1928
048017,2024,2291,Firenze,368419.0,102.3156
048018,2024,37,Firenzuola,4499.0,271.9594
048019,2024,82,Fucecchio,22990.0,65.1757
048020,2024,10,Gambassi Terme,4792.0,83.2314
048021,2024,31,Greve in Chianti,13426.0,169.3743
048022,2024,75,Impruneta,14497.0,48.7144
048024,2024,102,Lastra a Signa,19814.0,42.8991
048026,2024,3,Marradi,2954.0,154.0525
048027,2024,6,Montaione,3505.0,104.7585
048028,2024,31,Montelupo Fiorentino,14269.0,24.6575
048030,2024,32,Montespertoli,13242.0,124.8777
048032,2024,33,Pelago,7713.0,54.5602
048033,2024,47,Pontassieve,20477.0,114.3984
048035,2024,38,Reggello,16534.0,121.6458
048036,2024,23,Rignano sull'Arno,8615.0,54.1439
048037,2024,25,Rufina,7165.0,45.8797
048038,2024,50,San Casciano in Val di Pesa,16690.0,107.8317
048039,2024,10,San Godenzo,1067.0,99.1989
048041,2024,261,Scandicci,50460.0,59.6923
048043,2024,258,Sesto Fiorentino,49315.0,48.811
048044,2024,69,Signa,19211.0,18.8084
048046,2024,17,Vaglia,5187.0,56.9411
048049,2024,27,Vicchio,8056.0,138.861
048050,2024,50,Vinci,14744.0,54.1848
048052,2024,93,Figline e Incisa Valdarno,23316.0,97.9012
048053,2024,52,Scarperia e San Piero,12071.0,115.8099
048054,2024,45,Barberino Tavarnelle,11953.0,122.9905
049001,2024,21,Bibbona,3185.0,65.6114
049002,2024,32,Campiglia Marittima,12585.0,83.276
049003,2024,18,Campo nell'Elba,4710.0,55.7876
049004,2024,11,Capoliveri,3857.0,39.5606
049006,2024,51,Castagneto Carducci,8792.0,142.3149
049007,2024,136,Cecina,27982.0,42.4945
049008,2024,57,Collesalvetti,16381.0,107.9895
049009,2024,997,Livorno,155370.0,104.7138
049010,2024,7,Marciana,2050.0,45.4509
049011,2024,2,Marciana Marina,1894.0,5.859
049012,2024,125,Piombino,32648.0,130.3251
049013,2024,16,Porto Azzurro,3704.0,13.3301
049014,2024,47,Portoferraio,11914.0,48.0293
049017,2024,120,Rosignano Marittimo,30138.0,120.6514
049018,2024,23,San Vincenzo,6573.0,33.1539
049020,2024,5,Suvereto,2985.0,92.3809
049021,2024,6,Rio,3348.0,36.5182
050001,2024,45,Bientina,8544.0,29.4899
050002,2024,6,Buti,5538.0,23.0257
050003,2024,11,Calci,6372.0,25.1051
050004,2024,65,Calcinaia,12700.0,14.8907
050005,2024,14,Capannoli,6363.0,22.725
050006,2024,1,Casale Marittimo,1053.0,14.3589
050008,2024,188,Cascina,45005.0,78.6061
050009,2024,24,Castelfranco di Sotto,13419.0,48.2483
050010,2024,2,Castellina Marittima,1877.0,45.5735
050011,2024,2,Castelnuovo di Val di Cecina,2121.0,89.0162
050012,2024,3,Chianni,1318.0,61.9916
050014,2024,9,Fauglia,3647.0,42.4313
050015,2024,2,Guardistallo,1168.0,23.6101
050016,2024,5,Lajatico,1272.0,72.6651
050019,2024,8,Montecatini Val di Cecina,1683.0,154.9495
050020,2024,10,Montescudaio,2134.0,20.1518
050021,2024,1,Monteverdi Marittimo,747.0,98.0741
050022,2024,38,Montopoli in Val d'Arno,11060.0,30.1734
050024,2024,11,Palaia,4519.0,73.644
050025,2024,9,Peccioli,4649.0,92.5368
050026,2024,566,Pisa,89969.0,185.069
050027,2024,7,Pomarance,5473.0,227.8437
050028,2024,56,Ponsacco,15466.0,19.8828
050029,2024,159,Pontedera,29270.0,46.0346
050030,2024,2,Riparbella,1554.0,58.9604
050031,2024,112,San Giuliano Terme,30915.0,91.94
050032,2024,88,San Miniato,27785.0,102.5828
050033,2024,36,Santa Croce sull'Arno,14549.0,16.7885
050034,2024,3,Santa Luce,1607.0,66.6216
050035,2024,30,Santa Maria a Monte,13307.0,38.0351
050036,2024,13,Terricciola,4439.0,43.283
050037,2024,67,Vecchiano,11933.0,67.5491
050038,2024,38,Vicopisano,8541.0,26.8681
050039,2024,27,Volterra,9830.0,252.6378
050040,2024,39,Casciana Terme Lari,12134.0,81.3978
050041,2024,9,Crespina Lorenzana,5393.0,46.4332
051001,2024,16,Anghiari,5428.0,130.9192
051002,2024,358,Arezzo,97373.0,384.7537
051003,2024,1,Badia Tedalda,996.0,118.7171
051004,2024,28,Bibbiena,11846.0,86.5122
051005,2024,13,Bucine,9947.0,131.6157
051006,2024,4,Capolona,5211.0,47.5561
051007,2024,4,Caprese Michelangelo,1361.0,66.5302
051008,2024,6,Castel Focognano,2987.0,56.6283
051010,2024,4,Castel San Niccolò,2544.0,83.2702
051011,2024,2,Castiglion Fibocchi,2086.0,25.4628
051012,2024,24,Castiglion Fiorentino,13012.0,111.4256
051013,2024,8,Cavriglia,9447.0,60.8681
051014,2024,1,Chitignano,880.0,14.8936
051015,2024,4,Chiusi della Verna,1894.0,102.3216
051016,2024,36,Civitella in Val di Chiana,8808.0,100.326
051017,2024,78,Cortona,21413.0,342.7316
051018,2024,28,Foiano della Chiana,9224.0,40.7826
051020,2024,2,Loro Ciuffenna,5837.0,86.5219
051021,2024,10,Lucignano,3458.0,44.9309
051022,2024,7,Marciano della Chiana,3433.0,23.6944
051023,2024,1,Montemignaio,521.0,25.943
051024,2024,5,Monterchi,1718.0,29.4156
051025,2024,19,Monte San Savino,8626.0,89.8062
051026,2024,61,Montevarchi,24161.0,56.6641
051027,2024,1,Ortignano Raggiolo,845.0,36.3016
051030,2024,10,Pieve Santo Stefano,3015.0,156.0867
051031,2024,16,Poppi,5957.0,97.0817
051033,2024,44,San Giovanni Valdarno,16637.0,21.4497
051034,2024,41,Sansepolcro,15444.0,91.1928
051037,2024,9,Subbiano,6297.0,77.8418
051039,2024,30,Terranuova Bracciolini,12105.0,85.8786
051040,2024,6,Castelfranco Piandiscò,9812.0,55.991
051041,2024,11,Pratovecchio Stia,5469.0,138.2261
051042,2024,24,Laterina Pergine Valdarno,6502.0,70.5358
052001,2024,3,Abbadia San Salvatore,6121.0,58.9933
052002,2024,11,Asciano,6933.0,215.6315
052003,2024,5,Buonconvento,3058.0,64.8436
052004,2024,6,Casole d'Elsa,3720.0,148.7041
052005,2024,10,Castellina in Chianti,2733.0,99.799
052006,2024,20,Castelnuovo Berardenga,8960.0,177.1077
052007,2024,2,Castiglione d'Orcia,2157.0,141.5389
052008,2024,3,Cetona,2516.0,53.5433
052009,2024,15,Chianciano Terme,6813.0,36.5614
052010,2024,4,Chiusdino,1801.0,141.5667
052011,2024,24,Chiusi,8124.0,58.0687
052012,2024,85,Colle di Val d'Elsa,21752.0,92.0349
052013,2024,3,Gaiole in Chianti,2638.0,128.8832
052015,2024,47,Montepulciano,13484.0,165.5399
052016,2024,28,Monteriggioni,10011.0,99.7309
052017,2024,9,Monteroni d'Arbia,9040.0,105.8556
052018,2024,1,Monticiano,1535.0,109.5005
052019,2024,3,Murlo,2417.0,114.6246
052020,2024,3,Piancastagnaio,4016.0,69.6264
052021,2024,7,Pienza,2022.0,122.8667
052022,2024,97,Poggibonsi,28781.0,70.6019
052023,2024,3,Radda in Chianti,1505.0,80.4148
052025,2024,1,Radicondoli,919.0,132.5264
052026,2024,6,Rapolano Terme,5174.0,83.0208
052027,2024,2,San Casciano dei Bagni,1546.0,92.1425
052028,2024,27,San Gimignano,7574.0,138.5687
052030,2024,6,San Quirico d'Orcia,2636.0,42.2351
052031,2024,8,Sarteano,4528.0,84.8432
052032,2024,241,Siena,54123.0,118.5306
052033,2024,30,Sinalunga,12195.0,78.6758
052034,2024,25,Sovicille,9944.0,143.5768
052035,2024,13,Torrita di Siena,7078.0,58.339
052036,2024,2,Trequanda,1203.0,63.9492
052037,2024,9,Montalcino,5673.0,310.3936
053001,2024,13,Arcidosso,4302.0,93.2541
053002,2024,3,Campagnatico,2378.0,162.2885
053003,2024,13,Capalbio,3914.0,187.3488
053004,2024,8,Castel del Piano,4813.0,67.7697
053005,2024,1,Castell'Azzara,1350.0,64.2308
053006,2024,34,Castiglione della Pescaia,7134.0,209.1009
053007,2024,8,Cinigiano,2414.0,161.5518
053008,2024,12,Civitella Paganico,3020.0,192.9001
053009,2024,78,Follonica,20648.0,56.0491
053010,2024,16,Gavorrano,8264.0,164.0818
053011,2024,414,Grosseto,81643.0,473.5252
053012,2024,3,Isola del Giglio,1345.0,24.0114
053013,2024,10,Magliano in Toscana,3373.0,250.8568
053014,2024,14,Manciano,7105.0,372.4982
053015,2024,13,Massa Marittima,8169.0,283.4428
053016,2024,32,Monte Argentario,12064.0,60.4003
053017,2024,2,Montieri,1148.0,108.2049
053018,2024,59,Orbetello,14450.0,226.8069
053019,2024,7,Pitigliano,3641.0,101.9591
053020,2024,2,Roccalbegna,947.0,124.8586
053021,2024,11,Roccastrada,8756.0,284.4636
053022,2024,7,Santa Fiora,2490.0,63.4512
053023,2024,11,Scansano,4268.0,273.56
053024,2024,24,Scarlino,3829.0,88.2265
053026,2024,3,Sorano,3118.0,174.5585
053027,2024,3,Monterotondo Marittimo,1269.0,102.6929
053028,2024,3,Semproniano,988.0,81.6534
054001,2024,56,Assisi,28004.0,187.1913
054002,2024,51,Bastia Umbra,21379.0,27.6014
054003,2024,8,Bettona,4297.0,45.0747
054004,2024,7,Bevagna,4833.0,56.2226
054005,2024,5,Campello sul Clitunno,2361.0,49.7616
054006,2024,9,Cannara,4256.0,32.8087
054007,2024,9,Cascia,2977.0,180.8336
054008,2024,5,Castel Ritaldi,3072.0,22.4414
054009,2024,36,Castiglione del Lago,15160.0,205.2661
054010,2024,7,Cerreto di Spoleto,1014.0,74.7826
054011,2024,4,Citerna,3419.0,23.5288
054012,2024,20,Città della Pieve,7571.0,110.9444
054013,2024,101,Città di Castello,38657.0,387.317
054014,2024,12,Collazzone,3400.0,55.5632
054015,2024,68,Corciano,21391.0,63.723
054016,2024,1,Costacciaro,1119.0,41.0597
054017,2024,21,Deruta,9478.0,44.56
054018,2024,216,Foligno,55831.0,264.656
054019,2024,5,Fossato di Vico,2650.0,35.391
054020,2024,7,Fratta Todina,1823.0,17.4281
054021,2024,5,Giano dell'Umbria,3756.0,44.4751
054022,2024,11,Gualdo Cattaneo,5759.0,96.6236
054023,2024,28,Gualdo Tadino,14408.0,124.2833
054024,2024,69,Gubbio,30923.0,525.7677
054025,2024,1,Lisciano Niccone,590.0,35.1821
054026,2024,35,Magione,14612.0,129.7327
054027,2024,29,Marsciano,18201.0,161.5281
054028,2024,7,Massa Martana,3642.0,78.4082
054029,2024,1,Monte Castello di Vibio,1455.0,31.9491
054030,2024,14,Montefalco,5461.0,69.5123
054031,2024,2,Monteleone di Spoleto,574.0,62.165
054032,2024,1,Monte Santa Maria Tiberina,1120.0,72.5288
054033,2024,4,Montone,1603.0,51.0941
054034,2024,10,Nocera Umbra,5601.0,157.1641
054035,2024,13,Norcia,4617.0,275.57
054036,2024,1,Paciano,950.0,16.9058
054037,2024,4,Panicale,5421.0,79.2582
054038,2024,23,Passignano sul Trasimeno,5651.0,81.3321
054039,2024,502,Perugia,164721.0,449.6117
054040,2024,6,Piegaro,3419.0,99.0764
054041,2024,1,Pietralunga,1995.0,140.4153
054043,2024,2,Preci,700.0,82.0201
054044,2024,23,San Giustino,10975.0,79.9788
054045,2024,1,Sant'Anatolia di Narco,526.0,46.5485
054046,2024,2,Scheggia e Pascelupo,1315.0,64.1501
054049,2024,4,Sigillo,2319.0,26.4743
054050,2024,22,Spello,8371.0,61.6445
054051,2024,142,Spoleto,36914.0,348.1366
054052,2024,39,Todi,15877.0,222.8556
054053,2024,17,Torgiano,6644.0,37.6662
054054,2024,20,Trevi,8130.0,71.1853
054055,2024,15,Tuoro sul Trasimeno,3738.0,55.8849
054056,2024,29,Umbertide,16367.0,200.8295
054057,2024,11,Valfabbrica,3253.0,92.3024
054058,2024,1,Vallo di Nera,350.0,36.2211
055001,2024,9,Acquasparta,4456.0,81.6058
055002,2024,3,Allerona,1686.0,82.6127
055003,2024,3,Alviano,1403.0,23.8952
055004,2024,22,Amelia,11682.0,132.4964
055006,2024,3,Attigliano,1950.0,10.512
055007,2024,18,Baschi,2657.0,68.5686
055008,2024,1,Calvi dell'Umbria,1693.0,46.0063
055009,2024,8,Castel Giorgio,2037.0,42.1444
055010,2024,3,Castel Viscardo,2758.0,26.2156
055011,2024,8,Fabro,2648.0,34.5504
055012,2024,2,Ferentillo,1820.0,69.5861
055013,2024,7,Ficulle,1583.0,64.6187
055014,2024,3,Giove,1857.0,15.0882
055016,2024,2,Lugnano in Teverina,1429.0,29.8297
055017,2024,10,Montecastrilli,4821.0,62.4282
055018,2024,1,Montecchio,1592.0,49.2172
055019,2024,1,Montefranco,1256.0,10.0869
055020,2024,2,Montegabbione,1118.0,51.0591
055021,2024,1,Monteleone d'Orvieto,1376.0,24.0978
055022,2024,69,Narni,18405.0,197.9836
055023,2024,74,Orvieto,19931.0,281.2704
055024,2024,1,Otricoli,1735.0,27.4114
055028,2024,1,Porano,1913.0,13.604
055029,2024,22,San Gemini,4836.0,27.8956
055031,2024,1,Stroncone,4685.0,71.1557
055032,2024,430,Terni,107982.0,212.4261
056001,2024,10,Acquapendente,5346.0,131.6022
056003,2024,11,Bagnoregio,3501.0,72.8081
056004,2024,1,Barbarano Romano,1004.0,37.5635
056005,2024,1,Bassano Romano,4578.0,37.5457
056006,2024,1,Bassano in Teverina,1251.0,12.1676
056007,2024,3,Blera,3035.0,92.9142
056008,2024,8,Bolsena,3757.0,63.5714
056009,2024,3,Bomarzo,1684.0,39.6448
056011,2024,3,Canepina,2945.0,20.8477
056012,2024,9,Canino,5122.0,124.0375
056013,2024,6,Capodimonte,1647.0,61.2907
056014,2024,5,Capranica,6357.0,40.9683
056015,2024,8,Caprarola,5265.0,57.5769
056017,2024,2,Castel Sant'Elia,2477.0,23.9151
056018,2024,6,Castiglione in Teverina,2280.0,19.8891
056019,2024,2,Celleno,1304.0,23.8237
056020,2024,2,Cellere,1076.0,37.195
056021,2024,46,Civita Castellana,15455.0,84.2211
056022,2024,6,Civitella d'Agliano,1500.0,32.9552
056023,2024,4,Corchiano,3574.0,33.0306
056024,2024,14,Fabrica di Roma,8094.0,34.7859
056025,2024,2,Faleria,1984.0,25.6785
056027,2024,2,Gallese,2649.0,37.1735
056029,2024,3,Graffignano,2151.0,29.1023
056030,2024,1,Grotte di Castro,2450.0,33.42
056033,2024,2,Lubriano,890.0,16.6891
056034,2024,14,Marta,3283.0,33.5404
056035,2024,28,Montalto di Castro,8770.0,189.6215
056036,2024,27,Montefiascone,13005.0,104.93
056037,2024,9,Monte Romano,1914.0,86.14
056038,2024,4,Monterosi,4729.0,10.6834
056039,2024,40,Nepi,9185.0,83.7096
056041,2024,2,Oriolo Romano,3708.0,19.311
056042,2024,14,Orte,9081.0,69.5589
056043,2024,3,Piansano,1922.0,26.6051
056045,2024,20,Ronciglione,8343.0,52.5258
056047,2024,2,San Lorenzo Nuovo,1995.0,26.735
056048,2024,28,Soriano nel Cimino,7992.0,78.5355
056049,2024,8,Sutri,6539.0,60.9413
056050,2024,58,Tarquinia,16153.0,279.3305
056051,2024,1,Tessennano,296.0,14.7309
056052,2024,20,Tuscania,8168.0,208.691
056053,2024,2,Valentano,2722.0,43.4947
056054,2024,1,Vallerano,2445.0,15.4516
056056,2024,1,Vejano,2157.0,44.3071
056057,2024,37,Vetralla,13446.0,113.771
056058,2024,5,Vignanello,4325.0,20.5289
056059,2024,287,Viterbo,66113.0,406.2267
056060,2024,3,Vitorchiano,5234.0,30.143
057002,2024,4,Amatrice,2320.0,174.3849
057003,2024,8,Antrodoco,2371.0,63.9041
057006,2024,1,Borbona,589.0,47.9485
057007,2024,18,Borgorose,4260.0,145.8039
057008,2024,3,Borgo Velino,934.0,18.2929
057009,2024,5,Cantalice,2481.0,37.624
057010,2024,3,Cantalupo in Sabina,1634.0,10.6212
057011,2024,3,Casaprota,699.0,14.5461
057012,2024,1,Casperia,1210.0,25.3087
057014,2024,1,Castelnuovo di Farfa,994.0,8.8422
057015,2024,7,Castel Sant'Angelo,1209.0,31.2697
057016,2024,16,Cittaducale,6503.0,71.2532
057018,2024,1,Collalto Sabino,395.0,22.3698
057019,2024,1,Colle di Tora,359.0,14.3718
057021,2024,2,Collevecchio,1507.0,26.9475
057022,2024,4,Colli sul Velino,465.0,12.7551
057024,2024,1,Configni,583.0,22.9256
057025,2024,5,Contigliano,3772.0,53.5447
057026,2024,1,Cottanello,531.0,36.6915
057027,2024,22,Fara in Sabina,13738.0,54.9624
057028,2024,1,Fiamignano,1215.0,100.618
057029,2024,2,Forano,3024.0,17.6853
057030,2024,2,Frasso Sabino,727.0,4.3898
057031,2024,1,Greccio,1492.0,17.8535
057032,2024,1,Labro,375.0,11.7424
057033,2024,3,Leonessa,2141.0,204.0152
057034,2024,2,Longone Sabino,553.0,34.3338
057035,2024,13,Magliano Sabina,3527.0,43.1617
057037,2024,1,Micigliano,114.0,36.8517
057039,2024,1,Montasola,382.0,12.7472
057040,2024,2,Montebuono,872.0,19.6813
057043,2024,1,Monte San Giovanni in Sabina,648.0,30.757
057044,2024,5,Montopoli di Sabina,4081.0,37.9405
057045,2024,1,Morro Reatino,344.0,15.7311
057049,2024,1,Pescorocchiano,1925.0,94.7727
057050,2024,2,Petrella Salto,1055.0,102.9304
057051,2024,2,Poggio Bustone,1986.0,22.3815
057052,2024,1,Poggio Catino,1240.0,14.9813
057053,2024,9,Poggio Mirteto,6152.0,26.3948
057054,2024,8,Poggio Moiano,2763.0,26.9469
057055,2024,2,Poggio Nativo,2513.0,16.4995
057056,2024,2,Poggio San Lorenzo,522.0,8.6696
057057,2024,2,Posta,589.0,66.0132
057059,2024,155,Rieti,45907.0,206.455
057060,2024,2,Rivodutri,1138.0,26.7897
057061,2024,1,Roccantica,552.0,16.7231
057062,2024,1,Rocca Sinibalda,783.0,49.5551
057063,2024,1,Salisano,514.0,17.5958
057064,2024,3,Scandriglia,3138.0,63.3505
057065,2024,2,Selci,1081.0,7.7281
057066,2024,1,Stimigliano,2211.0,11.3837
057067,2024,1,Tarano,1382.0,19.9796
057069,2024,3,Torricella in Sabina,1364.0,25.7914
057072,2024,1,Vacone,226.0,9.1848
058001,2024,1,Affile,1439.0,15.1123
058002,2024,4,Agosta,1703.0,9.4997
058003,2024,80,Albano Laziale,39672.0,23.8082
058004,2024,6,Allumiere,3831.0,92.1659
058005,2024,49,Anguillara Sabazia,19018.0,75.2338
058006,2024,1,Anticoli Corrado,825.0,16.2155
058007,2024,76,Anzio,57838.0,43.6586
058008,2024,2,Arcinazzo Romano,1262.0,28.3109
058009,2024,47,Ariccia,18307.0,18.5919
058011,2024,28,Artena,13664.0,54.797
058012,2024,3,Bellegra,2727.0,18.7794
058013,2024,48,Bracciano,18560.0,143.0603
058015,2024,18,Campagnano di Roma,10990.0,46.9371
058016,2024,4,Canale Monterano,4128.0,36.9174
058018,2024,28,Capena,10695.0,29.5069
058019,2024,1,Capranica Prenestina,316.0,20.3617
058020,2024,4,Carpineto Romano,4141.0,86.2892
058022,2024,38,Castel Gandolfo,8585.0,14.1906
058023,2024,12,Castel Madama,7133.0,28.8029
058024,2024,26,Castelnuovo di Porto,8423.0,30.5654
058026,2024,12,Cave,10728.0,17.8793
058027,2024,2,Cerreto Laziale,1080.0,12.0754
058028,2024,1,Cervara di Roma,442.0,31.7432
058029,2024,55,Cerveteri,37504.0,134.3187
058030,2024,3,Ciciliano,1259.0,18.8473
058031,2024,2,Cineto Romano,584.0,10.3668
058032,2024,160,Civitavecchia,52069.0,73.7376
058033,2024,1,Civitella San Paolo,1993.0,20.7493
058034,2024,43,Colleferro,20698.0,26.9893
058035,2024,4,Colonna,4224.0,3.5491
058036,2024,44,Fiano Romano,15722.0,41.1862
058037,2024,1,Filacciano,457.0,5.6584
058038,2024,13,Formello,13249.0,31.1449
058039,2024,72,Frascati,22624.0,22.4759
058040,2024,25,Gallicano nel Lazio,6408.0,25.6995
058041,2024,1,Gavignano,1920.0,15.0431
058042,2024,7,Genazzano,5724.0,32.065
058043,2024,56,Genzano di Roma,23221.0,17.9002
058044,2024,1,Gerano,1163.0,10.1242
058046,2024,62,Grottaferrata,20337.0,18.396
058047,2024,107,Guidonia Montecelio,87875.0,79.4718
058049,2024,15,Labico,6333.0,11.7531
058050,2024,26,Lanuvio,12851.0,43.763
058052,2024,2,Magliano Romano,1423.0,20.5174
058053,2024,1,Mandela,921.0,13.7166
058054,2024,16,Manziana,7655.0,23.9991
058056,2024,6,Marcellina,7095.0,15.356
058057,2024,102,Marino,45321.0,24.1913
058058,2024,2,Mazzano Romano,2995.0,29.0667
058059,2024,34,Mentana,22612.0,24.2684
058060,2024,34,Monte Compatri,11844.0,24.5711
058062,2024,8,Montelanico,2062.0,35.1398
058063,2024,10,Montelibretti,5107.0,45.4257
058064,2024,16,Monte Porzio Catone,8557.0,9.125
058065,2024,61,Monterotondo,41258.0,40.9352
058067,2024,2,Moricone,2480.0,19.5872
058068,2024,9,Morlupo,8424.0,24.0841
058069,2024,10,Nazzano,1339.0,12.3969
058070,2024,2,Nemi,1872.0,7.3249
058071,2024,6,Nerola,1900.0,17.096
058072,2024,101,Nettuno,48500.0,71.6278
058073,2024,2,Olevano Romano,6455.0,26.1597
058074,2024,42,Palestrina,21921.0,47.0165
058075,2024,8,Palombara Sabina,12835.0,75.8028
058077,2024,3,Pisoniano,739.0,12.92
058078,2024,1,Poli,2275.0,21.7449
058079,2024,157,Pomezia,63767.0,86.5727
058080,2024,9,Ponzano Romano,1117.0,19.5196
058081,2024,18,Riano,10274.0,25.4484
058082,2024,6,Rignano Flaminio,10005.0,38.5618
058083,2024,2,Riofreddo,733.0,12.3841
058086,2024,25,Rocca di Papa,16999.0,39.7161
058088,2024,9,Rocca Priora,11978.0,28.2646
058091,2024,13924,Roma,2770226.0,1287.3716
058092,2024,5,Roviano,1258.0,8.5016
058093,2024,1,Sacrofano,7231.0,28.4283
058094,2024,1,Sambuci,851.0,8.3046
058095,2024,4,San Gregorio da Sassola,1454.0,35.4501
058096,2024,4,San Polo dei Cavalieri,2762.0,42.5287
058097,2024,65,Santa Marinella,18516.0,48.9057
058098,2024,10,Sant'Angelo Romano,4833.0,21.3566
058099,2024,3,Sant'Oreste,3504.0,43.8935
058102,2024,22,Segni,8985.0,60.8581
058103,2024,17,Subiaco,8515.0,63.2313
058104,2024,126,Tivoli,55150.0,68.644
058105,2024,15,Tolfa,4828.0,168.2671
058106,2024,1,Torrita Tiberina,1047.0,10.7793
058107,2024,8,Trevignano Romano,5696.0,38.9862
058108,2024,1,Vallepietra,251.0,52.9396
058110,2024,59,Valmontone,15662.0,40.9131
058111,2024,193,Velletri,52312.0,118.2667
058112,2024,4,Vicovaro,3676.0,35.9435
058114,2024,40,Zagarolo,18010.0,28.0351
058115,2024,23,Lariano,13191.0,22.4985
058116,2024,87,Ladispoli,40160.0,25.9515
058117,2024,110,Ardea,48667.0,72.0684
058118,2024,73,Ciampino,38675.0,12.9981
058119,2024,49,San Cesareo,15714.0,23.6431
058120,2024,300,Fiumicino,79995.0,213.8908
058122,2024,53,Fonte Nuova,32139.0,19.9404
059001,2024,317,Aprilia,73429.0,178.123
059002,2024,1,Bassiano,1439.0,32.4003
059004,2024,1,Castelforte,4172.0,29.7046
059005,2024,98,Cisterna di Latina,36481.0,144.1568
059006,2024,15,Cori,10482.0,85.3114
059007,2024,156,Fondi,39237.0,143.913
059008,2024,164,Formia,37341.0,74.1642
059009,2024,83,Gaeta,19755.0,29.2033
059010,2024,34,Itri,10344.0,101.097
059011,2024,466,Latina,127560.0,277.6174
059012,2024,3,Lenola,4075.0,45.2423
059013,2024,2,Maenza,2996.0,42.1331
059014,2024,74,Minturno,19971.0,42.1345
059015,2024,10,Monte San Biagio,6159.0,65.1013
059017,2024,38,Pontinia,14849.0,112.1023
059018,2024,8,Ponza,3301.0,10.1563
059019,2024,30,Priverno,13763.0,56.9808
059020,2024,4,Prossedi,1167.0,35.3661
059021,2024,1,Roccagorga,4199.0,24.4927
059023,2024,1,Roccasecca dei Volsci,1057.0,23.5035
059024,2024,44,Sabaudia,19938.0,145.3721
059025,2024,25,San Felice Circeo,10129.0,32.6307
059026,2024,13,Santi Cosma e Damiano,6813.0,31.6104
059027,2024,10,Sermoneta,9977.0,44.9962
059028,2024,42,Sezze,23576.0,100.471
059029,2024,6,Sonnino,7433.0,63.8186
059030,2024,13,Sperlonga,3116.0,19.4897
059031,2024,7,Spigno Saturnia,2851.0,38.7401
059032,2024,187,Terracina,44495.0,136.5876
060002,2024,1,Acuto,1883.0,13.4662
060003,2024,74,Alatri,27768.0,96.9573
060004,2024,3,Alvito,2526.0,51.7134
060005,2024,4,Amaseno,4102.0,77.7258
060006,2024,77,Anagni,20853.0,112.8135
060007,2024,21,Aquino,4992.0,19.2368
060008,2024,14,Arce,5403.0,39.5217
060009,2024,6,Arnara,2222.0,12.2884
060010,2024,8,Arpino,6898.0,56.2398
060011,2024,9,Atina,4139.0,29.8889
060012,2024,4,Ausonia,2441.0,19.6376
060013,2024,2,Belmonte Castello,692.0,14.0535
060014,2024,10,Boville Ernica,8425.0,28.1885
060015,2024,7,Broccostella,2688.0,11.7934
060016,2024,4,Campoli Appennino,1596.0,32.4273
060018,2024,3,Casalvieri,2383.0,27.2708
060019,2024,137,Cassino,35418.0,83.4187
060020,2024,8,Castelliri,3256.0,15.3207
060021,2024,1,Castelnuovo Parano,875.0,9.8819
060022,2024,19,Castrocielo,3841.0,27.9148
060023,2024,7,Castro dei Volsci,4483.0,58.45
060024,2024,77,Ceccano,22610.0,61.061
060025,2024,26,Ceprano,8408.0,38.0302
060026,2024,11,Cervaro,7794.0,39.409
060027,2024,2,Colfelice,1822.0,14.5176
060028,2024,1,Collepardo,903.0,24.6784
060030,2024,1,Coreno Ausonio,1531.0,26.3838
060031,2024,5,Esperia,3649.0,108.5646
060032,2024,1,Falvaterra,540.0,12.7328
060033,2024,60,Ferentino,20247.0,80.9996
060035,2024,25,Fiuggi,10119.0,32.9774
060036,2024,7,Fontana Liri,2757.0,16.1111
060038,2024,150,Frosinone,44491.0,46.8443
060039,2024,1,Fumone,2002.0,14.8358
060040,2024,2,Gallinaro,1192.0,17.737
060041,2024,4,Giuliano di Roma,2358.0,33.5444
060042,2024,3,Guarcino,1520.0,40.3728
060043,2024,13,Isola del Liri,10945.0,16.014
060044,2024,17,Monte San Giovanni Campano,12228.0,48.7118
060045,2024,5,Morolo,3172.0,26.571
060046,2024,28,Paliano,7975.0,70.6362
060047,2024,2,Pastena,1265.0,42.1606
060048,2024,7,Patrica,3090.0,27.3072
060050,2024,1,Picinisco,1096.0,62.1469
060051,2024,7,Pico,2683.0,32.9312
060052,2024,21,Piedimonte San Germano,6336.0,17.3244
060053,2024,4,Piglio,4386.0,35.3812
060054,2024,7,Pignataro Interamna,2403.0,24.4058
060055,2024,3,Pofi,3951.0,30.6809
060056,2024,18,Pontecorvo,12470.0,88.8006
060057,2024,1,Posta Fibreno,1077.0,9.8043
060058,2024,11,Ripi,5093.0,31.6134
060060,2024,23,Roccasecca,7016.0,43.3317
060062,2024,3,San Donato Val di Comino,1886.0,37.6342
060063,2024,9,San Giorgio a Liri,3005.0,15.7054
060064,2024,3,San Giovanni Incarico,3146.0,24.7104
060066,2024,2,Sant'Andrea del Garigliano,1303.0,17.1068
060067,2024,4,Sant'Apollinare,1834.0,18.0186
060068,2024,14,Sant'Elia Fiumerapido,5733.0,41.103
060070,2024,3,San Vittore del Lazio,2505.0,27.5042
060071,2024,3,Serrone,2982.0,15.3938
060072,2024,1,Settefrati,711.0,50.677
060073,2024,3,Sgurgola,2411.0,19.221
060074,2024,80,Sora,25133.0,72.1249
060075,2024,1,Strangolagalli,2316.0,10.5679
060076,2024,4,Supino,4678.0,35.5901
060077,2024,1,Terelle,311.0,31.6444
060078,2024,4,Torre Cajetani,1310.0,11.9926
060079,2024,12,Torrice,4772.0,18.0598
060080,2024,3,Trevi nel Lazio,1741.0,54.3218
060081,2024,4,Trivigliano,1619.0,12.6404
060082,2024,3,Vallecorsa,2454.0,39.2762
060085,2024,42,Veroli,19868.0,119.6404
060086,2024,3,Vicalvi,743.0,8.2083
060087,2024,4,Vico nel Lazio,2110.0,45.8421
060089,2024,9,Villa Santa Lucia,2547.0,17.7672
061002,2024,13,Alife,7337.0,64.3172
061003,2024,6,Alvignano,4576.0,38.1268
061004,2024,11,Arienzo,5265.0,14.0079
061005,2024,90,Aversa,50640.0,8.8518
061007,2024,1,Bellona,5958.0,11.7783
061008,2024,3,Caianello,1754.0,15.6782
061009,2024,6,Caiazzo,5210.0,37.0404
061010,2024,5,Calvi Risorta,5524.0,15.9577
061012,2024,7,Cancello ed Arnone,5443.0,49.3014
061013,2024,13,Capodrise,10033.0,3.4356
061015,2024,21,Capua,17657.0,48.603
061016,2024,13,Carinaro,7126.0,6.3159
061017,2024,10,Carinola,7318.0,59.2291
061018,2024,27,Casagiove,12983.0,6.3569
061019,2024,32,Casal di Principe,21077.0,23.5127
061020,2024,7,Casaluce,9442.0,9.5584
061021,2024,21,Casapulla,8317.0,2.9044
061022,2024,132,Caserta,72813.0,54.0685
061023,2024,1,Castel Campagnano,1478.0,17.4785
061024,2024,1,Castel di Sasso,1064.0,20.3231
061025,2024,1,Castello del Matese,1403.0,21.7729
061026,2024,1,Castel Morrone,3644.0,25.3439
061027,2024,74,Castel Volturno,26737.0,73.9413
061028,2024,2,Cervino,4818.0,8.2077
061029,2024,6,Cesa,9310.0,2.737
061030,2024,1,Ciorlano,382.0,28.6508
061031,2024,3,Conca della Campania,1177.0,26.467
061032,2024,16,Curti,6766.0,1.6894
061033,2024,1,Dragoni,1998.0,25.7843
061034,2024,1,Fontegreca,767.0,9.7113
061036,2024,11,Francolise,4635.0,40.9244
061037,2024,9,Frignano,9034.0,9.858
061039,2024,2,Galluccio,2016.0,32.1131
061041,2024,3,Gioia Sannitica,3316.0,54.4234
061042,2024,7,Grazzanise,6785.0,47.05
061043,2024,22,Gricignano di Aversa,12589.0,9.9776
061044,2024,1,Letino,646.0,31.5888
061046,2024,21,Lusciano,15579.0,4.5573
061047,2024,8,Macerata Campania,10026.0,7.633
061048,2024,78,Maddaloni,37221.0,36.6723
061049,2024,140,Marcianise,38740.0,30.236
061050,2024,3,Marzano Appio,2032.0,28.304
061051,2024,14,Mignano Monte Lungo,2981.0,53.0952
061052,2024,115,Mondragone,28915.0,55.7257
061053,2024,16,Orta di Atella,26950.0,10.8339
061054,2024,7,Parete,11875.0,5.6084
061055,2024,6,Pastorano,2949.0,14.0206
061057,2024,18,Piedimonte Matese,10373.0,41.4291
061058,2024,1,Pietramelara,4478.0,23.9339
061059,2024,1,Pietravairano,2800.0,33.4929
061060,2024,9,Pignataro Maggiore,5785.0,32.3783
061061,2024,1,Pontelatone,1569.0,32.2451
061062,2024,11,Portico di Caserta,7750.0,1.9126
061064,2024,2,Pratella,1469.0,33.7444
061065,2024,1,Presenzano,1687.0,31.8895
061066,2024,1,Raviscanina,1194.0,24.6402
061067,2024,12,Recale,7657.0,3.2195
061068,2024,2,Riardo,2232.0,16.4795
061069,2024,1,Rocca d'Evandro,3032.0,49.532
061070,2024,3,Roccamonfina,3230.0,31.0384
061074,2024,8,San Cipriano d'Aversa,13196.0,6.1901
061075,2024,22,San Felice a Cancello,16884.0,27.179
061076,2024,1,San Gregorio Matese,890.0,56.4989
061077,2024,12,San Marcellino,14274.0,4.6099
061078,2024,27,San Nicola la Strada,22160.0,4.7271
061080,2024,3,San Potito Sannitico,1918.0,23.1312
061081,2024,21,San Prisco,12043.0,7.7852
061082,2024,21,Santa Maria a Vico,14074.0,10.8351
061083,2024,56,Santa Maria Capua Vetere,31968.0,15.9201
061084,2024,4,Santa Maria la Fossa,2553.0,29.7297
061085,2024,7,San Tammaro,5717.0,36.9668
061086,2024,2,Sant'Angelo d'Alife,2095.0,33.5227
061087,2024,17,Sant'Arpino,14869.0,3.2007
061088,2024,22,Sessa Aurunca,20414.0,162.187
061089,2024,2,Sparanise,7182.0,18.7652
061090,2024,19,Succivo,8575.0,7.2119
061091,2024,18,Teano,11518.0,89.4301
061092,2024,28,Teverola,14338.0,6.6991
061093,2024,3,Tora e Piccilli,821.0,12.3939
061094,2024,19,Trentola Ducenta,19881.0,6.6551
061095,2024,5,Vairano Patenora,6365.0,43.5233
061097,2024,5,Valle di Maddaloni,2631.0,10.9014
061098,2024,3,Villa di Briano,7217.0,8.5469
061099,2024,30,Villa Literno,11989.0,61.8249
061100,2024,11,Vitulazio,7568.0,22.9698
061101,2024,8,Falciano del Massico,3358.0,46.72
061102,2024,16,Cellole,7985.0,36.7814
061103,2024,1,Casapesenna,6816.0,3.0481
061104,2024,14,San Marco Evangelista,6470.0,5.6867
062001,2024,5,Airola,8105.0,14.8972
062002,2024,3,Amorosi,2645.0,11.2218
062003,2024,6,Apice,5426.0,49.0381
062004,2024,1,Apollosa,2502.0,21.1195
062005,2024,1,Arpaia,1994.0,4.961
062008,2024,123,Benevento,57500.0,130.834
062009,2024,1,Bonea,1349.0,11.4626
062011,2024,2,Buonalbergo,1583.0,25.0788
062013,2024,1,Campolattaro,983.0,17.5858
062014,2024,1,Campoli del Monte Taburno,1599.0,9.8038
062019,2024,5,Castelvenere,2545.0,15.4357
062022,2024,2,Ceppaloni,3166.0,23.8035
062023,2024,7,Cerreto Sannita,3654.0,33.353
062026,2024,2,Cusano Mutri,3823.0,58.8586
062027,2024,4,Dugenta,2627.0,16.0522
062028,2024,3,Durazzano,2103.0,12.9049
062029,2024,3,Faicchio,3376.0,43.9892
062030,2024,3,Foglianise,3233.0,11.7656
062035,2024,1,Frasso Telesino,2102.0,21.8164
062037,2024,2,Guardia Sanframondi,4656.0,21.0975
062038,2024,4,Limatola,4072.0,18.3809
062039,2024,3,Melizzano,1739.0,17.5907
062040,2024,1,Moiano,4026.0,20.2035
062043,2024,12,Montesarchio,13098.0,26.5073
062044,2024,2,Morcone,4580.0,101.3315
062045,2024,5,Paduli,3688.0,45.2987
062046,2024,3,Pago Veiano,2290.0,23.749
062048,2024,1,Paolisi,2013.0,6.001
062049,2024,1,Paupisi,1522.0,6.8327
062052,2024,2,Pietrelcina,2902.0,28.2535
062054,2024,1,Pontelandolfo,2018.0,29.0289
062055,2024,1,Puglianello,1297.0,8.7611
062057,2024,2,San Bartolomeo in Galdo,4457.0,82.6623
062058,2024,7,San Giorgio del Sannio,9804.0,22.3386
062060,2024,5,San Leucio del Sannio,2920.0,9.959
062061,2024,4,San Lorenzello,2129.0,13.8833
062062,2024,2,San Lorenzo Maggiore,1944.0,16.2955
062064,2024,1,San Marco dei Cavoti,3058.0,49.187
062065,2024,1,San Martino Sannita,1163.0,6.184
062066,2024,1,San Nazzaro,867.0,2.0421
062067,2024,1,San Nicola Manfredi,3577.0,19.2242
062068,2024,7,San Salvatore Telesino,3845.0,18.3108
062070,2024,3,Sant'Agata de' Goti,10426.0,63.3786
062073,2024,4,Solopaca,3536.0,31.1266
062074,2024,23,Telese Terme,7665.0,9.9987
062076,2024,4,Torrecuso,3307.0,29.1549
063001,2024,68,Acerra,58334.0,54.7117
063002,2024,115,Afragola,61861.0,17.9106
063003,2024,4,Agerola,7640.0,19.8316
063004,2024,13,Anacapri,6940.0,6.4666
063005,2024,41,Arzano,32750.0,4.731
063006,2024,55,Bacoli,25436.0,13.4675
063007,2024,18,Barano d'Ischia,9845.0,10.9609
063008,2024,55,Boscoreale,26309.0,11.3981
063009,2024,15,Boscotrecase,9810.0,7.5305
063010,2024,18,Brusciano,15715.0,5.6161
063011,2024,65,Caivano,35908.0,27.2212
063012,2024,5,Calvizzano,12204.0,3.9831
063013,2024,12,Camposano,5111.0,3.3276
063014,2024,3,Capri,6937.0,4.0628
063016,2024,21,Cardito,21598.0,3.1983
063017,2024,38,Casalnuovo di Napoli,47489.0,7.8354
063018,2024,5,Casamarciano,3112.0,6.3842
063019,2024,14,Casamicciola Terme,7802.0,5.8488
063020,2024,11,Casandrino,13397.0,3.1823
063021,2024,24,Casavatore,18146.0,1.5267
063022,2024,3,Casola di Napoli,3723.0,2.5932
063023,2024,148,Casoria,74115.0,12.1384
063024,2024,116,Castellammare di Stabia,63694.0,17.8099
063025,2024,20,Castello di Cisterna,7756.0,3.9214
063026,2024,16,Cercola,17076.0,4.229
063027,2024,25,Cicciano,12334.0,7.3311
063028,2024,3,Cimitile,6970.0,2.7406
063029,2024,4,Comiziano,1692.0,2.4494
063030,2024,4,Crispano,11705.0,2.2191
063031,2024,42,Forio,17410.0,13.0814
063032,2024,30,Frattamaggiore,28828.0,5.3882
063033,2024,5,Frattaminore,15461.0,2.0417
063034,2024,227,Giugliano in Campania,122364.0,94.6321
063035,2024,60,Gragnano,28293.0,14.6424
063036,2024,11,Grumo Nevano,17274.0,2.8769
063037,2024,30,Ischia,19602.0,8.1402
063038,2024,9,Lacco Ameno,4641.0,2.0768
063039,2024,5,Lettere,6055.0,12.0191
063040,2024,2,Liveri,1516.0,2.7109
063041,2024,51,Marano di Napoli,57700.0,15.6525
063042,2024,18,Mariglianella,7738.0,3.2623
063043,2024,52,Marigliano,29182.0,22.5752
063044,2024,45,Massa Lubrense,14022.0,19.8362
063045,2024,21,Melito di Napoli,36216.0,3.7992
063046,2024,33,Meta,7830.0,2.2511
063047,2024,13,Monte di Procida,11952.0,3.7043
063048,2024,41,Mugnano di Napoli,34388.0,5.2636
063049,2024,2544,Napoli,922094.0,118.9441
063050,2024,73,Nola,33718.0,39.1853
063051,2024,32,Ottaviano,22981.0,20.0227
063052,2024,23,Palma Campania,16618.0,20.6708
063053,2024,75,Piano di Sorrento,12549.0,7.3354
063054,2024,3,Pimonte,5836.0,12.5394
063055,2024,25,Poggiomarino,21955.0,13.2007
063056,2024,12,Pollena Trocchia,12968.0,8.0156
063057,2024,71,Pomigliano d'Arco,39673.0,11.7093
063058,2024,106,Pompei,24233.0,12.4303
063059,2024,78,Portici,52721.0,4.6013
063060,2024,233,Pozzuoli,77090.0,43.4339
063061,2024,3,Procida,10183.0,4.2559
063062,2024,34,Qualiano,24804.0,7.4345
063063,2024,60,Quarto,40819.0,14.159
063064,2024,79,Ercolano,50617.0,19.8936
063065,2024,5,Roccarainola,6601.0,28.3315
063066,2024,10,San Gennaro Vesuviano,12183.0,7.0144
063067,2024,42,San Giorgio a Cremano,43230.0,4.1538
063068,2024,31,San Giuseppe Vesuviano,30147.0,14.1713
063069,2024,3,San Paolo Bel Sito,3367.0,2.948
063070,2024,6,San Sebastiano al Vesuvio,8738.0,2.6395
063071,2024,31,Sant'Agnello,8685.0,4.1482
063072,2024,52,Sant'Anastasia,26411.0,18.7405
063073,2024,19,Sant'Antimo,32446.0,5.9133
063074,2024,40,Sant'Antonio Abate,19247.0,7.9318
063075,2024,19,San Vitaliano,6371.0,5.3696
063076,2024,25,Saviano,15949.0,13.8775
063077,2024,9,Scisciano,6071.0,5.4791
063078,2024,4,Serrara Fontana,3023.0,6.4432
063079,2024,47,Somma Vesuviana,33881.0,30.6664
063080,2024,54,Sorrento,15809.0,9.9556
063081,2024,8,Striano,8660.0,7.6518
063082,2024,23,Terzigno,17482.0,23.4648
063083,2024,67,Torre Annunziata,40674.0,7.508
063084,2024,148,Torre del Greco,81655.0,30.6611
063085,2024,10,Tufino,3401.0,5.207
063086,2024,52,Vico Equense,20322.0,29.3794
063087,2024,20,Villaricca,30710.0,6.8729
063088,2024,3,Visciano,4226.0,10.9036
063089,2024,18,Volla,24905.0,6.2063
063090,2024,21,Santa Maria la Carità,11685.0,3.9788
063091,2024,4,Trecase,8643.0,6.2131
063092,2024,2,Massa di Somma,5019.0,3.0421
064001,2024,1,Aiello del Sabato,3956.0,10.8723
064002,2024,1,Altavilla Irpina,4000.0,14.0831
064003,2024,3,Andretta,1700.0,43.6485
064004,2024,1,Aquilonia,1518.0,56.145
064005,2024,56,Ariano Irpino,21422.0,186.7365
064006,2024,17,Atripalda,10570.0,8.5931
064007,2024,2,Avella,7553.0,29.389
064008,2024,133,Avellino,52819.0,30.55
064010,2024,4,Baiano,4517.0,12.2951
064011,2024,3,Bisaccia,3604.0,102.1573
064012,2024,3,Bonito,2238.0,18.7774
064014,2024,3,Calabritto,2161.0,56.334
064015,2024,1,Calitri,4341.0,101.0517
064017,2024,1,Caposele,3295.0,41.2828
064018,2024,1,Capriglia Irpina,2242.0,7.4879
064019,2024,1,Carife,1306.0,16.7239
064020,2024,1,Casalbore,1626.0,28.0937
064021,2024,5,Cassano Irpino,920.0,13.0746
064022,2024,1,Castel Baronia,1066.0,15.3663
064023,2024,3,Castelfranci,1862.0,11.6888
064024,2024,1,Castelvetere sul Calore,1532.0,17.17
064025,2024,8,Cervinara,8903.0,29.343
064026,2024,8,Cesinali,2602.0,3.7261
064027,2024,1,Chianche,457.0,6.6074
064028,2024,6,Chiusano di San Domenico,2128.0,24.6024
064029,2024,3,Contrada,2961.0,10.3106
064030,2024,5,Conza della Campania,1265.0,51.6343
064031,2024,1,Domicella,1833.0,6.399
064032,2024,7,Flumeri,2626.0,34.5501
064033,2024,2,Fontanarosa,2880.0,16.7042
064034,2024,4,Forino,5162.0,20.3896
064035,2024,11,Frigento,3484.0,38.0394
064036,2024,4,Gesualdo,3303.0,27.3349
064038,2024,30,Grottaminarda,7722.0,29.1148
064039,2024,4,Grottolella,1833.0,7.1256
064040,2024,5,Guardia Lombardi,1533.0,55.8729
064041,2024,3,Lacedonia,2107.0,82.0825
064042,2024,2,Lapio,1452.0,15.2465
064043,2024,5,Lauro,3303.0,11.2934
064044,2024,15,Lioni,6009.0,46.5111
064045,2024,1,Luogosano,1094.0,6.0681
064046,2024,8,Manocalzati,3054.0,8.7453
064047,2024,3,Marzano di Nola,1632.0,4.7196
064048,2024,1,Melito Irpino,1807.0,20.684
064049,2024,26,Mercogliano,11653.0,19.9169
064050,2024,20,Mirabella Eclano,6856.0,33.9585
064051,2024,1,Montaguto,357.0,18.3786
064053,2024,1,Montefalcione,3140.0,15.294
064054,2024,15,Monteforte Irpino,11303.0,26.9575
064055,2024,1,Montefredane,2136.0,9.4461
064056,2024,2,Montefusco,1232.0,8.2382
064057,2024,8,Montella,7392.0,82.9536
064058,2024,2,Montemarano,2667.0,34.0089
064059,2024,5,Montemiletto,5065.0,21.6348
064063,2024,2,Morra De Sanctis,1163.0,30.412
064065,2024,3,Mugnano del Cardinale,5132.0,12.2983
064066,2024,4,Nusco,3946.0,53.6004
064067,2024,3,Ospedaletto d'Alpinolo,2113.0,5.6764
064068,2024,2,Pago del Vallo di Lauro,1699.0,4.6255
064069,2024,1,Parolise,634.0,3.2187
064072,2024,5,Pietradefusi,1974.0,9.2415
064074,2024,1,Prata di Principato Ultra,2782.0,10.9911
064075,2024,9,Pratola Serra,3664.0,8.8428
064077,2024,1,Quindici,1888.0,23.9082
064078,2024,8,Roccabascerana,2299.0,12.4554
064079,2024,1,Rocca San Felice,804.0,14.4116
064080,2024,5,Rotondi,3449.0,7.8084
064081,2024,2,Salza Irpina,728.0,4.9594
064082,2024,1,San Mango sul Calore,1094.0,14.5865
064083,2024,5,San Martino Valle Caudina,4753.0,22.9153
064084,2024,3,San Michele di Serino,2436.0,4.4659
064086,2024,3,San Potito Ultra,1479.0,4.5378
064092,2024,13,Sant'Angelo dei Lombardi,3946.0,55.1046
064093,2024,1,Santa Paolina,1201.0,8.4343
064095,2024,2,Santo Stefano del Sole,2071.0,10.7802
064096,2024,2,Savignano Irpino,1048.0,38.4722
064097,2024,1,Scampitella,1087.0,15.1053
064099,2024,8,Serino,6789.0,52.4994
064101,2024,19,Solofra,12124.0,22.2135
064103,2024,6,Sperone,3650.0,4.6968
064104,2024,3,Sturno,2859.0,16.6733
064107,2024,2,Taurasi,2193.0,14.4115
064108,2024,2,Teora,1450.0,23.2061
064109,2024,2,Torella dei Lombardi,1973.0,26.5685
064112,2024,1,Trevico,880.0,11.0025
064114,2024,3,Vallata,2570.0,47.9136
064115,2024,1,Vallesaccarda,1246.0,14.1237
064116,2024,7,Venticano,2336.0,14.1566
064117,2024,1,Villamaina,924.0,9.0366
064118,2024,1,Villanova del Battista,1496.0,19.9992
064119,2024,5,Volturara Irpina,3062.0,32.4183
064121,2024,33,Montoro,19305.0,40.1409
065001,2024,2,Acerno,2533.0,72.4968
065002,2024,61,Agropoli,21214.0,32.7665
065003,2024,7,Albanella,6287.0,40.2302
065005,2024,13,Altavilla Silentina,6907.0,52.4817
065006,2024,14,Amalfi,4921.0,5.7001
065007,2024,52,Angri,33889.0,13.7655
065008,2024,3,Aquara,1358.0,32.7339
065009,2024,15,Ascea,5757.0,37.4528
065010,2024,10,Atena Lucana,2392.0,26.0072
065011,2024,1,Atrani,808.0,0.1206
065012,2024,3,Auletta,2165.0,35.6828
065013,2024,43,Baronissi,16912.0,17.9298
065014,2024,148,Battipaglia,49805.0,56.8494
065016,2024,2,Bracigliano,5327.0,14.4087
065017,2024,9,Buccino,4697.0,65.9179
065019,2024,1,Caggiano,2577.0,35.4297
065021,2024,5,Camerota,6859.0,70.5768
065022,2024,31,Campagna,16423.0,136.3035
065025,2024,136,Capaccio Paestum,22276.0,113.0263
065026,2024,2,Casalbuono,1077.0,34.8232
065028,2024,17,Casal Velino,5341.0,31.7096
065029,2024,5,Caselle in Pittari,1855.0,45.5545
065031,2024,10,Castellabate,8624.0,37.4332
065032,2024,11,Castelnuovo Cilento,2799.0,18.0593
065033,2024,1,Castelnuovo di Conza,596.0,14.0638
065034,2024,21,Castel San Giorgio,13606.0,13.5851
065035,2024,1,Castel San Lorenzo,2263.0,14.2937
065037,2024,74,Cava de' Tirreni,51257.0,36.5311
065038,2024,2,Celle di Bulgheria,1774.0,31.6166
065039,2024,5,Centola,4969.0,47.7508
065040,2024,1,Ceraso,2242.0,46.4579
065041,2024,6,Cetara,1993.0,4.9681
065042,2024,1,Cicerale,1174.0,41.3734
065043,2024,6,Colliano,3436.0,55.158
065044,2024,4,Conca dei Marini,671.0,1.1281
065046,2024,6,Contursi Terme,3244.0,28.9342
065047,2024,3,Corbara,2490.0,6.7318
065049,2024,1,Cuccaro Vetere,555.0,17.6631
065050,2024,165,Eboli,37908.0,137.5727
065052,2024,26,Fisciano,13756.0,31.6874
065053,2024,4,Furore,719.0,1.8817
065054,2024,1,Futani,1094.0,14.8506
065055,2024,11,Giffoni Sei Casali,4931.0,35.075
065056,2024,17,Giffoni Valle Piana,11560.0,88.6125
065058,2024,2,Giungano,1296.0,11.7006
065059,2024,6,Ispani,1000.0,8.343
065060,2024,4,Laureana Cilento,1182.0,13.7442
065061,2024,1,Laurino,1339.0,70.4538
065064,2024,1,Lustra,1001.0,15.2415
065066,2024,41,Maiori,5420.0,16.6714
065067,2024,60,Mercato San Severino,21740.0,30.3331
065068,2024,6,Minori,2606.0,2.6624
065069,2024,2,Moio della Civitella,1816.0,17.1887
065070,2024,1,Montano Antilia,1762.0,33.4423
065071,2024,3,Montecorice,2533.0,22.251
065072,2024,28,Montecorvino Pugliano,10937.0,28.8816
065073,2024,13,Montecorvino Rovella,12279.0,42.1614
065074,2024,1,Monteforte Cilento,538.0,22.1659
065075,2024,1,Monte San Giacomo,1438.0,51.6911
065076,2024,14,Montesano sulla Marcellana,6295.0,110.2217
065078,2024,102,Nocera Inferiore,44377.0,20.9447
065079,2024,47,Nocera Superiore,23917.0,14.6625
065080,2024,1,Novi Velia,2267.0,34.7132
065081,2024,4,Ogliastro Cilento,2267.0,13.2426
065082,2024,11,Olevano sul Tusciano,6483.0,26.7239
065083,2024,2,Oliveto Citra,3655.0,31.6214
065084,2024,1,Omignano,1637.0,10.1008
065085,2024,3,Orria,991.0,26.5503
065087,2024,19,Padula,4972.0,67.1141
065088,2024,60,Pagani,34474.0,11.9763
065090,2024,17,Pellezzano,10959.0,14.0374
065091,2024,6,Perdifumo,1710.0,23.8138
065094,2024,1,Petina,1011.0,35.4697
065095,2024,1,Piaggine,1183.0,62.7654
065096,2024,4,Pisciotta,2453.0,31.238
065097,2024,16,Polla,5177.0,48.0811
065098,2024,6,Pollica,2204.0,28.1653
065099,2024,89,Pontecagnano Faiano,25797.0,37.1891
065100,2024,7,Positano,3782.0,8.6531
065101,2024,5,Postiglione,2002.0,48.2433
065102,2024,1,Praiano,1994.0,2.6706
065103,2024,7,Prignano Cilento,1049.0,12.0409
065104,2024,11,Ravello,2403.0,7.935
065106,2024,11,Roccadaspide,6910.0,64.1579
065107,2024,1,Roccagloriosa,1595.0,40.5575
065108,2024,18,Roccapiemonte,8731.0,5.3133
065109,2024,1,Rofrano,1312.0,63.5882
065112,2024,2,Rutino,779.0,9.6883
065114,2024,48,Sala Consilina,11900.0,59.6928
065115,2024,1,Salento,1834.0,23.7851
065116,2024,543,Salerno,129206.0,59.8517
065118,2024,16,San Cipriano Picentino,6532.0,17.3872
065120,2024,4,San Gregorio Magno,4004.0,50.0525
065121,2024,7,San Mango Piemonte,2637.0,6.0237
065122,2024,17,San Marzano sul Sarno,10357.0,5.1894
065123,2024,1,San Mauro Cilento,862.0,15.2807
065124,2024,1,San Mauro la Bruca,548.0,19.0544
065125,2024,7,San Pietro al Tanagro,1663.0,15.5134
065126,2024,1,San Rufo,1619.0,31.9585
065127,2024,7,Santa Marina,3141.0,28.3605
065129,2024,4,Sant'Arsenio,2713.0,20.1435
065130,2024,26,Sant'Egidio del Monte Albino,8806.0,7.2451
065132,2024,18,San Valentino Torio,10893.0,9.1563
065133,2024,4,Sanza,2368.0,128.7442
065134,2024,11,Sapri,6418.0,14.2001
065135,2024,53,Sarno,30590.0,40.0006
065136,2024,12,Sassano,4641.0,47.7559
065137,2024,110,Scafati,48612.0,19.8723
065140,2024,9,Serre,3749.0,67.033
065142,2024,7,Siano,9464.0,8.5692
065143,2024,15,Sicignano degli Alburni,3137.0,81.1133
065146,2024,7,Teggiano,7221.0,61.8655
065147,2024,2,Torchiara,1805.0,8.4617
065149,2024,1,Torre Orsaia,1987.0,21.0329
065151,2024,5,Tramonti,4022.0,24.826
065152,2024,2,Trentinara,1548.0,23.4361
065154,2024,22,Vallo della Lucania,8089.0,25.3214
065155,2024,3,Valva,1535.0,26.785
065156,2024,14,Vibonati,3182.0,20.5428
065157,2024,44,Vietri sul Mare,7306.0,9.5175
065158,2024,33,Bellizzi,13366.0,8.022
066002,2024,2,Aielli,1437.0,37.5166
066003,2024,4,Alfedena,917.0,39.95
066004,2024,6,Anversa degli Abruzzi,318.0,32.4329
066005,2024,2,Ateleta,1092.0,41.9252
066006,2024,104,Avezzano,41283.0,104.0845
066007,2024,2,Balsorano,3297.0,58.842
066008,2024,1,Barete,623.0,24.5883
066009,2024,11,Barisciano,1678.0,78.4864
066010,2024,3,Barrea,720.0,87.1069
066012,2024,3,Bugnara,1058.0,25.121
066013,2024,1,Cagnano Amiterno,1190.0,61.3144
066014,2024,1,Calascio,128.0,39.4433
066015,2024,1,Campo di Giove,780.0,28.904
066017,2024,3,Canistro,936.0,15.903
066018,2024,2,Cansano,221.0,37.6995
066019,2024,2,Capestrano,858.0,43.6574
066020,2024,5,Capistrello,4889.0,60.9626
066024,2024,1,Carapelle Calvisio,83.0,14.7863
066025,2024,29,Carsoli,5130.0,95.7935
066028,2024,16,Castel di Sangro,6533.0,84.4298
066031,2024,2,Castelvecchio Subequo,850.0,19.2942
066032,2024,18,Celano,10431.0,82.7991
066033,2024,2,Cerchio,1570.0,20.1647
066035,2024,1,Civitella Alfedena,285.0,29.4906
066036,2024,3,Civitella Roveto,3068.0,45.4518
066037,2024,1,Cocullo,217.0,31.6044
066038,2024,2,Collarmele,843.0,23.9435
066039,2024,1,Collelongo,1120.0,54.0194
066040,2024,1,Collepietro,217.0,15.2092
066042,2024,1,Fagnano Alto,381.0,24.6437
066043,2024,1,Fontecchio,293.0,16.8595
066046,2024,3,Gioia dei Marsi,1738.0,58.4035
066047,2024,1,Goriano Sicoli,525.0,20.2376
066048,2024,2,Introdacqua,1981.0,37.1068
066049,2024,206,L'Aquila,69349.0,473.9064
066051,2024,13,Luco dei Marsi,6047.0,44.8647
066052,2024,4,Lucoli,873.0,103.4425
066053,2024,5,Magliano de' Marsi,3530.0,70.9185
066054,2024,2,Massa d'Albe,1385.0,68.5331
066056,2024,3,Montereale,2262.0,104.4084
066058,2024,2,Navelli,518.0,42.0036
066059,2024,1,Ocre,1125.0,23.6036
066060,2024,1,Ofena,454.0,36.8978
066061,2024,5,Opi,375.0,49.9042
066062,2024,7,Oricola,1256.0,18.3576
066063,2024,3,Ortona dei Marsi,437.0,57.1661
066064,2024,5,Ortucchio,1766.0,38.9993
066065,2024,2,Ovindoli,1171.0,61.3767
066066,2024,5,Pacentro,1101.0,72.5874
066069,2024,6,Pescina,3851.0,48.7943
066070,2024,4,Pescocostanzo,1106.0,55.0623
066071,2024,7,Pettorano sul Gizio,1343.0,62.8484
066072,2024,4,Pizzoli,4259.0,56.4355
066073,2024,2,Poggio Picenze,1055.0,11.4565
066074,2024,1,Prata d'Ansidonia,441.0,19.6544
066075,2024,8,Pratola Peligna,7187.0,28.6736
066076,2024,2,Prezza,920.0,21.5962
066077,2024,5,Raiano,2658.0,28.9925
066078,2024,3,Rivisondoli,673.0,32.0009
066079,2024,1,Roccacasale,611.0,17.3068
066081,2024,1,Rocca di Cambio,486.0,27.6186
066083,2024,4,Rocca Pia,181.0,44.961
066084,2024,9,Roccaraso,1548.0,49.91
066085,2024,2,San Benedetto dei Marsi,3761.0,16.7609
066086,2024,1,San Benedetto in Perillis,97.0,19.0984
066087,2024,1,San Demetrio ne' Vestini,1880.0,16.4918
066089,2024,7,Sante Marie,1111.0,40.8133
066091,2024,1,Santo Stefano di Sessanio,116.0,33.6988
066093,2024,2,Scanno,1717.0,134.6765
066095,2024,6,Scoppito,3802.0,53.0036
066096,2024,11,Scurcola Marsicana,2702.0,30.3815
066097,2024,1,Secinaro,329.0,33.341
066098,2024,62,Sulmona,22643.0,57.9278
066099,2024,9,Tagliacozzo,6443.0,87.4574
066100,2024,1,Tione degli Abruzzi,275.0,39.6548
066101,2024,7,Tornimparte,2865.0,65.9607
066102,2024,8,Trasacco,5978.0,51.443
066103,2024,2,Villalago,509.0,33.1994
066107,2024,2,Villetta Barrea,601.0,20.5246
067001,2024,52,Alba Adriatica,12631.0,9.5964
067002,2024,3,Ancarano,1886.0,13.9192
067004,2024,20,Atri,10179.0,92.1814
067005,2024,6,Basciano,2345.0,18.8534
067006,2024,11,Bellante,6852.0,50.044
067007,2024,1,Bisenti,1707.0,30.8746
067008,2024,8,Campli,6714.0,73.4239
067009,2024,3,Canzano,1768.0,16.7371
067010,2024,2,Castel Castagna,463.0,18.159
067011,2024,18,Castellalto,7426.0,34.1757
067014,2024,2,Castilenti,1379.0,23.7942
067015,2024,2,Cellino Attanasio,2320.0,43.9394
067016,2024,1,Cermignano,1493.0,26.3628
067017,2024,6,Civitella del Tronto,4649.0,77.7369
067018,2024,6,Colledara,2106.0,18.0131
067019,2024,11,Colonnella,3649.0,21.6331
067020,2024,5,Controguerra,2272.0,22.8145
067021,2024,13,Corropoli,5145.0,22.1135
067024,2024,1,Fano Adriano,261.0,35.7722
067025,2024,102,Giulianova,23464.0,28.0024
067026,2024,9,Isola del Gran Sasso d'Italia,4465.0,84.045
067027,2024,1,Montefino,965.0,18.5937
067028,2024,6,Montorio al Vomano,7657.0,53.5649
067029,2024,3,Morro d'Oro,3583.0,28.7269
067030,2024,30,Mosciano Sant'Angelo,9101.0,48.4475
067031,2024,8,Nereto,5296.0,7.0112
067032,2024,14,Notaresco,6433.0,38.1502
067033,2024,4,Penna Sant'Andrea,1668.0,11.0982
067035,2024,47,Pineto,14582.0,38.1092
067036,2024,1,Rocca Santa Maria,483.0,61.7982
067037,2024,59,Roseto degli Abruzzi,25429.0,53.2664
067038,2024,26,Sant'Egidio alla Vibrata,9834.0,18.3618
067039,2024,22,Sant'Omero,5185.0,34.2024
067040,2024,48,Silvi,15251.0,20.6259
067041,2024,143,Teramo,52476.0,152.8396
067042,2024,1,Torano Nuovo,1523.0,10.2171
067043,2024,2,Torricella Sicura,2497.0,54.3803
067044,2024,44,Tortoreto,11810.0,22.9731
067046,2024,1,Valle Castellana,878.0,131.7532
067047,2024,73,Martinsicuro,16198.0,14.6579
068001,2024,1,Abbateggio,365.0,15.4014
068002,2024,6,Alanno,3424.0,32.5275
068003,2024,3,Bolognano,1041.0,16.9583
068005,2024,3,Bussi sul Tirino,2317.0,25.9116
068006,2024,9,Cappelle sul Tavo,3956.0,5.4127
068007,2024,1,Caramanico Terme,1823.0,84.9893
068010,2024,2,Catignano,1242.0,17.0253
068011,2024,34,Cepagatti,10920.0,30.8178
068012,2024,59,Città Sant'Angelo,14799.0,62.0216
068013,2024,3,Civitaquana,1190.0,21.8798
068015,2024,10,Collecorvino,5990.0,31.9847
068018,2024,4,Elice,1644.0,14.3097
068019,2024,3,Farindola,1363.0,45.4721
068020,2024,1,Lettomanoppello,2767.0,15.0704
068021,2024,20,Loreto Aprutino,7164.0,59.4993
068022,2024,16,Manoppello,6784.0,39.2626
068024,2024,198,Montesilvano,53344.0,23.5815
068025,2024,3,Moscufo,3088.0,20.2564
068026,2024,2,Nocciano,1750.0,13.7621
068027,2024,22,Penne,11470.0,91.1943
068028,2024,534,Pescara,118766.0,34.3332
068030,2024,11,Pianella,8494.0,47.0484
068031,2024,1,Picciano,1287.0,7.558
068033,2024,7,Popoli,4784.0,35.0393
068034,2024,1,Roccamorice,908.0,25.0563
068035,2024,12,Rosciano,3977.0,27.7943
068039,2024,4,Scafa,3542.0,10.3407
068040,2024,1,Serramonacesca,537.0,23.8874
068041,2024,70,Spoltore,18996.0,37.0138
068042,2024,8,Tocco da Casauria,2459.0,29.6676
068043,2024,1,Torre de' Passeri,2905.0,5.9177
068044,2024,1,Turrivalignani,791.0,6.1122
068046,2024,1,Villa Celiera,571.0,13.1818
069001,2024,4,Altino,3080.0,15.3302
069002,2024,1,Archi,2030.0,28.5443
069003,2024,1,Ari,1071.0,11.3915
069005,2024,28,Atessa,10443.0,110.9761
069006,2024,1,Bomba,755.0,17.2605
069008,2024,2,Bucchianico,5002.0,38.0774
069010,2024,3,Canosa Sannita,1270.0,13.9124
069013,2024,1,Casacanditella,1174.0,12.5381
069015,2024,11,Casalbordino,5808.0,46.0149
069017,2024,7,Casoli,5305.0,67.035
069018,2024,4,Castel Frentano,4268.0,21.8861
069022,2024,146,Chieti,49139.0,59.5668
069027,2024,3,Crecchio,2648.0,19.2341
069028,2024,5,Cupello,4752.0,48.3922
069029,2024,1,Dogliola,323.0,11.8476
069030,2024,4,Fara Filiorum Petri,1936.0,14.9639
069032,2024,1,Filetto,884.0,13.5328
069033,2024,20,Fossacesia,6215.0,30.1407
069035,2024,84,Francavilla al Mare,25677.0,23.1125
069036,2024,1,Fresagrandinaria,908.0,25.1486
069037,2024,1,Frisa,1634.0,11.4882
069041,2024,2,Gissi,2545.0,36.6462
069042,2024,1,Giuliano Teatino,1151.0,9.8874
069043,2024,8,Guardiagrele,8615.0,56.5009
069046,2024,98,Lanciano,34410.0,66.9494
069047,2024,1,Lentella,651.0,12.6165
069049,2024,1,Liscia,668.0,8.1795
069050,2024,17,Miglianico,4640.0,22.7343
069055,2024,2,Monteodorisio,2342.0,25.2122
069056,2024,8,Mozzagrogna,2412.0,14.1032
069057,2024,4,Orsogna,3639.0,25.446
069058,2024,74,Ortona,22287.0,70.8737
069059,2024,6,Paglieta,4157.0,33.7797
069062,2024,1,Palombaro,975.0,17.193
069068,2024,4,Pollutri,2073.0,26.168
069069,2024,1,Pretoro,866.0,26.1259
069071,2024,1,Rapino,1230.0,20.2985
069072,2024,4,Ripa Teatina,4002.0,20.1629
069073,2024,2,Roccamontepiano,1573.0,18.2198
069074,2024,7,Rocca San Giovanni,2301.0,21.6995
069076,2024,1,Roccaspinalveti,1208.0,33.0066
069079,2024,1,San Buono,891.0,25.2693
069081,2024,31,San Giovanni Teatino,14174.0,17.7311
069082,2024,1,San Martino sulla Marrucina,865.0,7.408
069083,2024,56,San Salvo,19445.0,19.6996
069084,2024,8,Santa Maria Imbaro,2054.0,5.7079
069085,2024,2,Sant'Eusanio del Sangro,2308.0,23.8273
069086,2024,13,San Vito Chietino,5189.0,17.0004
069087,2024,5,Scerni,3022.0,41.2545
069090,2024,6,Tollo,3948.0,14.9591
069091,2024,5,Torino di Sangro,2971.0,32.1175
069094,2024,4,Torrevecchia Teatina,4165.0,14.6762
069096,2024,7,Treglio,1687.0,4.8695
069097,2024,1,Tufillo,370.0,21.4377
069098,2024,1,Vacri,1550.0,12.2727
069099,2024,123,Vasto,40553.0,71.3449
069101,2024,1,Villamagna,2180.0,12.7324
069102,2024,1,Villa Santa Maria,1147.0,16.2298
070002,2024,1,Baranello,2510.0,24.9947
070003,2024,13,Bojano,7569.0,52.6298
070005,2024,2,Busso,1163.0,23.8102
070006,2024,107,Campobasso,47535.0,56.1117
070007,2024,1,Campochiaro,599.0,35.701
070008,2024,2,Campodipietra,2444.0,19.7217
070010,2024,14,Campomarino,7629.0,76.676
070017,2024,1,Cercemaggiore,3577.0,56.9107
070022,2024,1,Duronia,395.0,22.4681
070023,2024,3,Ferrazzano,3181.0,16.7727
070025,2024,3,Gambatesa,1297.0,43.6825
070026,2024,1,Gildone,759.0,29.7548
070027,2024,2,Guardialfiera,970.0,43.5261
070029,2024,9,Guglionesi,4957.0,100.9461
070031,2024,4,Larino,6452.0,88.7652
070034,2024,1,Lupara,440.0,25.8724
070037,2024,1,Matrice,1063.0,20.4211
070038,2024,1,Mirabello Sannitico,2067.0,21.4272
070040,2024,1,Monacilioni,477.0,27.214
070041,2024,2,Montagano,1018.0,26.6236
070045,2024,1,Montemitro,314.0,16.2928
070046,2024,11,Montenero di Bisaccia,6186.0,93.3125
070047,2024,1,Montorio nei Frentani,383.0,31.6629
070048,2024,1,Morrone del Sannio,540.0,45.84
070049,2024,1,Oratino,1657.0,17.8849
070050,2024,1,Palata,1595.0,43.8179
070051,2024,11,Petacciato,3514.0,35.4006
070052,2024,2,Petrella Tifernina,1062.0,26.5154
070053,2024,1,Pietracatella,1256.0,50.2809
070055,2024,1,Portocannone,2331.0,13.1136
070057,2024,3,Riccia,4962.0,70.0393
070059,2024,3,Ripalimosani,3017.0,33.827
070060,2024,1,Roccavivara,653.0,21.0439
070065,2024,1,San Giacomo degli Schiavoni,1375.0,11.0822
070067,2024,1,San Giuliano del Sannio,949.0,24.0508
070068,2024,1,San Giuliano di Puglia,992.0,42.0477
070069,2024,6,San Martino in Pensilis,4601.0,100.652
070070,2024,2,San Massimo,811.0,27.3299
070071,2024,5,San Polo Matese,477.0,15.2841
070075,2024,3,Sepino,1791.0,61.3707
070078,2024,93,Termoli,32560.0,55.6345
070080,2024,1,Toro,1271.0,24.0582
070081,2024,2,Trivento,4499.0,73.6983
070083,2024,1,Ururi,2514.0,31.6494
070084,2024,9,Vinchiaturo,3260.0,35.4776
071001,2024,1,Accadia,2212.0,30.7359
071004,2024,20,Apricena,12681.0,172.5024
071005,2024,6,Ascoli Satriano,5986.0,336.6715
071006,2024,3,Biccari,2634.0,106.6444
071007,2024,3,Bovino,3044.0,84.9297
071008,2024,6,Cagnano Varano,6711.0,166.8365
071009,2024,6,Candela,2574.0,96.8096
071010,2024,11,Carapelle,6703.0,25.0017
071012,2024,3,Carpino,3867.0,80.0494
071015,2024,6,Castelluccio dei Sauri,2009.0,51.4736
071017,2024,2,Castelnuovo della Daunia,1308.0,61.4861
071020,2024,177,Cerignola,57223.0,593.9196
071021,2024,4,Chieuti,1557.0,61.5173
071022,2024,1,Deliceto,3588.0,75.8521
071024,2024,515,Foggia,147467.0,509.2545
071025,2024,7,Ischitella,4236.0,85.4608
071026,2024,1,Isole Tremiti,451.0,3.178
071027,2024,15,Lesina,6200.0,160.1534
071028,2024,66,Lucera,31765.0,339.787
071029,2024,131,Manfredonia,54643.0,354.5377
071031,2024,1,Mattinata,6016.0,73.4796
071033,2024,13,Monte Sant'Angelo,11654.0,245.1273
071034,2024,1,Motta Montecorvino,668.0,19.9412
071035,2024,4,Orsara di Puglia,2550.0,83.0056
071036,2024,27,Orta Nova,16964.0,105.2381
071038,2024,1,Peschici,4295.0,49.3895
071039,2024,5,Pietramontecorvino,2554.0,71.6453
071040,2024,5,Poggio Imperiale,2573.0,52.8824
071041,2024,1,Rignano Garganico,1905.0,89.3968
071042,2024,5,Rocchetta Sant'Antonio,1736.0,72.4654
071043,2024,5,Rodi Garganico,3401.0,13.4471
071046,2024,32,San Giovanni Rotondo,26344.0,261.8788
071047,2024,10,San Marco in Lamis,12901.0,234.1973
071049,2024,18,San Nicandro Garganico,14132.0,173.3574
071050,2024,2,San Paolo di Civitate,5597.0,91.1604
071051,2024,164,San Severo,50284.0,336.3046
071053,2024,2,Serracapriola,3759.0,143.3541
071054,2024,14,Stornara,5712.0,33.8629
071055,2024,3,Stornarella,5220.0,33.8122
071056,2024,24,Torremaggiore,16690.0,210.0084
071058,2024,7,Troia,6804.0,168.245
071059,2024,13,Vico del Gargano,7350.0,111.0822
071060,2024,32,Vieste,13461.0,169.1885
071062,2024,3,Volturino,1572.0,58.3471
071063,2024,2,Ordona,2909.0,39.5651
071064,2024,6,Zapponeta,3320.0,41.7458
072001,2024,28,Acquaviva delle Fonti,20184.0,132.0242
072002,2024,32,Adelfia,16547.0,29.8139
072003,2024,16,Alberobello,10373.0,40.8232
072004,2024,176,Altamura,69911.0,431.37
072006,2024,1777,Bari,317205.0,117.4097
072010,2024,16,Bitetto,11767.0,33.9452
072011,2024,137,Bitonto,53457.0,174.3365
072012,2024,32,Bitritto,11197.0,17.9815
072014,2024,49,Capurso,15357.0,15.1052
072015,2024,53,Casamassima,19537.0,78.4318
072016,2024,26,Cassano delle Murge,14805.0,90.1974
072017,2024,62,Castellana Grotte,19323.0,69.1282
072018,2024,8,Cellamare,5766.0,5.9108
072019,2024,82,Conversano,25801.0,128.4204
072020,2024,98,Corato,47316.0,169.3426
072021,2024,51,Gioia del Colle,26963.0,208.9351
072022,2024,64,Giovinazzo,19537.0,44.2824
072023,2024,62,Gravina in Puglia,42895.0,384.7214
072024,2024,18,Grumo Appula,12298.0,81.3018
072025,2024,42,Locorotondo,14066.0,48.1791
072027,2024,109,Modugno,37002.0,32.2364
072028,2024,51,Mola di Bari,24678.0,50.9399
072029,2024,179,Molfetta,57891.0,58.9733
072030,2024,193,Monopoli,48007.0,157.8253
072031,2024,36,Noci,18541.0,150.5967
072032,2024,70,Noicattaro,26042.0,40.7925
072033,2024,39,Palo del Colle,20774.0,79.7126
072034,2024,2,Poggiorsini,1339.0,43.4436
072035,2024,46,Polignano a Mare,17653.0,63.0865
072036,2024,74,Putignano,26143.0,100.1539
072037,2024,41,Rutigliano,18374.0,53.8522
072038,2024,53,Ruvo di Puglia,24611.0,223.8254
072039,2024,11,Sammichele di Bari,6118.0,34.2339
072040,2024,23,Sannicandro di Bari,9651.0,56.7931
072041,2024,34,Santeramo in Colle,25827.0,144.8521
072043,2024,28,Terlizzi,26245.0,69.2294
072044,2024,15,Toritto,8096.0,75.3502
072046,2024,66,Triggiano,26321.0,20.1386
072047,2024,44,Turi,12919.0,71.3998
072048,2024,26,Valenzano,17460.0,15.9786
073001,2024,17,Avetrana,6317.0,74.1707
073002,2024,7,Carosino,6677.0,10.9347
073003,2024,37,Castellaneta,16488.0,242.3148
073004,2024,12,Crispiano,13271.0,112.3004
073005,2024,3,Faggiano,3418.0,21.0642
073006,2024,3,Fragagnano,5066.0,22.4128
073007,2024,34,Ginosa,21926.0,188.503
073008,2024,85,Grottaglie,30993.0,102.1219
073009,2024,43,Laterza,14944.0,161.1716
073010,2024,20,Leporano,8069.0,15.3135
073011,2024,23,Lizzano,9626.0,47.1769
073012,2024,105,Manduria,30147.0,180.4069
073013,2024,113,Martina Franca,47380.0,298.7194
073014,2024,10,Maruggio,5238.0,49.0687
073015,2024,64,Massafra,32168.0,127.9935
073016,2024,2,Monteiasi,5394.0,9.746
073017,2024,2,Montemesola,3621.0,16.4326
073018,2024,1,Monteparano,2303.0,3.8486
073019,2024,19,Mottola,15545.0,213.9603
073020,2024,3,Palagianello,7679.0,43.8616
073021,2024,39,Palagiano,15776.0,69.9641
073022,2024,22,Pulsano,11201.0,18.269
073024,2024,27,San Giorgio Ionico,14414.0,23.5598
073025,2024,18,San Marzano di San Giuseppe,8950.0,19.1944
073026,2024,59,Sava,15463.0,44.5686
073027,2024,868,Taranto,190717.0,249.8582
073028,2024,16,Torricella,4175.0,26.9252
073029,2024,25,Statte,13191.0,67.32
074001,2024,351,Brindisi,83690.0,333.0135
074002,2024,55,Carovigno,16761.0,106.6192
074003,2024,47,Ceglie Messapica,18991.0,132.0201
074004,2024,10,Cellino San Marco,6227.0,37.8384
074005,2024,19,Cisternino,11252.0,54.1688
074006,2024,23,Erchie,8276.0,44.6284
074007,2024,98,Fasano,38890.0,131.7854
074008,2024,109,Francavilla Fontana,35324.0,177.9378
074009,2024,31,Latiano,13767.0,55.382
074010,2024,59,Mesagne,25964.0,124.0505
074011,2024,29,Oria,14630.0,83.6667
074012,2024,89,Ostuni,30276.0,225.5577
074013,2024,13,San Donaci,6276.0,34.0443
074014,2024,7,San Michele Salentino,6170.0,26.5343
074015,2024,6,San Pancrazio Salentino,9429.0,56.6779
074016,2024,20,San Pietro Vernotico,13114.0,46.9393
074017,2024,32,San Vito dei Normanni,18439.0,67.079
074018,2024,18,Torchiarolo,5205.0,32.479
074019,2024,24,Torre Santa Susanna,10206.0,55.7645
074020,2024,22,Villa Castelli,9059.0,35.1455
075002,2024,18,Alessano,6116.0,28.6923
075003,2024,5,Alezio,5580.0,16.7894
075004,2024,4,Alliste,6470.0,23.5298
075005,2024,4,Andrano,4632.0,15.7116
075006,2024,15,Aradeo,8922.0,8.5803
075007,2024,7,Arnesano,3959.0,13.5612
075009,2024,2,Botrugno,2670.0,9.7498
075010,2024,4,Calimera,6794.0,11.1807
075011,2024,39,Campi Salentina,9910.0,45.8786
075012,2024,1,Cannole,1631.0,20.3484
075013,2024,2,Caprarica di Lecce,2337.0,10.7074
075014,2024,18,Carmiano,11733.0,24.2405
075015,2024,6,Carpignano Salentino,3677.0,48.9866
075016,2024,31,Casarano,19404.0,38.7274
075017,2024,1,Castri di Lecce,2779.0,12.9451
075018,2024,7,Castrignano de' Greci,3736.0,9.6246
075019,2024,5,Castrignano del Capo,5133.0,20.7689
075020,2024,29,Cavallino,12766.0,22.6543
075021,2024,7,Collepasso,5725.0,12.7891
075022,2024,44,Copertino,23227.0,58.5317
075023,2024,17,Corigliano d'Otranto,5678.0,28.4134
075024,2024,3,Corsano,5250.0,9.1202
075025,2024,9,Cursi,3901.0,8.3571
075026,2024,14,Cutrofiano,8723.0,56.8074
075027,2024,2,Diso,2867.0,11.4238
075028,2024,10,Gagliano del Capo,4906.0,16.5981
075029,2024,61,Galatina,25944.0,82.6466
075030,2024,26,Galatone,15015.0,47.0682
075031,2024,80,Gallipoli,19679.0,41.2188
075032,2024,3,Giuggianello,1148.0,10.2665
075033,2024,5,Giurdignano,1929.0,14.0433
075034,2024,8,Guagnano,5488.0,38.0291
075035,2024,509,Lecce,95037.0,238.8158
075036,2024,31,Lequile,8708.0,36.8041
075037,2024,21,Leverano,13748.0,49.503
075038,2024,13,Lizzanello,11889.0,25.4162
075039,2024,31,Maglie,13752.0,22.6639
075040,2024,18,Martano,8693.0,22.2478
075041,2024,1,Martignano,1616.0,6.4921
075042,2024,18,Matino,11037.0,26.6286
075043,2024,30,Melendugno,9944.0,92.3099
075044,2024,9,Melissano,6772.0,12.5488
075045,2024,9,Melpignano,2134.0,11.1026
075046,2024,8,Miggiano,3329.0,7.799
075047,2024,6,Minervino di Lecce,3505.0,18.1285
075048,2024,24,Monteroni di Lecce,13452.0,16.7428
075049,2024,7,Montesano Salentino,2612.0,8.5283
075050,2024,1,Morciano di Leuca,3071.0,13.5676
075051,2024,11,Muro Leccese,4799.0,16.7671
075052,2024,135,Nardò,30775.0,193.2643
075053,2024,5,Neviano,4986.0,16.3019
075054,2024,5,Nociglia,2188.0,11.1267
075055,2024,5,Novoli,7655.0,18.0457
075056,2024,8,Ortelle,2246.0,10.2252
075057,2024,12,Otranto,5707.0,77.1936
075058,2024,3,Palmariggi,1399.0,8.9724
075059,2024,14,Parabita,8694.0,21.0919
075060,2024,2,Patù,1640.0,8.6891
075061,2024,13,Poggiardo,5845.0,19.9594
075063,2024,18,Racale,10634.0,24.2878
075064,2024,9,Ruffano,9411.0,39.7265
075065,2024,7,Salice Salentino,7889.0,59.8721
075066,2024,15,Salve,4483.0,33.0704
075067,2024,2,Sanarica,1443.0,13.0223
075068,2024,17,San Cesario di Lecce,7880.0,8.0889
075069,2024,5,San Donato di Lecce,5498.0,21.5772
075070,2024,9,Sannicola,5687.0,27.639
075071,2024,1,San Pietro in Lama,3443.0,8.1977
075072,2024,8,Santa Cesarea Terme,2877.0,26.8239
075073,2024,11,Scorrano,6689.0,35.3303
075074,2024,5,Seclì,1825.0,8.7759
075075,2024,1,Sogliano Cavour,3923.0,5.3306
075076,2024,12,Soleto,5254.0,30.4551
075077,2024,11,Specchia,4560.0,25.0953
075078,2024,2,Spongano,3491.0,12.4246
075079,2024,28,Squinzano,13477.0,31.3741
075080,2024,5,Sternatia,2171.0,16.7645
075081,2024,4,Supersano,4162.0,36.4054
075082,2024,9,Surano,1569.0,8.9883
075083,2024,38,Surbo,14725.0,20.7829
075084,2024,17,Taurisano,11328.0,23.6797
075085,2024,31,Taviano,11531.0,22.1311
075086,2024,6,Tiggiano,2778.0,7.7107
075087,2024,25,Trepuzzi,14100.0,23.9139
075088,2024,34,Tricase,17129.0,43.3296
075089,2024,2,Tuglie,5091.0,8.5014
075090,2024,40,Ugento,12006.0,100.396
075091,2024,6,Uggiano la Chiesa,4354.0,14.458
075092,2024,30,Veglie,13458.0,62.3085
075093,2024,10,Vernole,6784.0,61.2746
075094,2024,4,Zollino,1884.0,9.9545
075095,2024,2,San Cassiano,1966.0,8.7747
075096,2024,2,Castro,2331.0,4.5637
075097,2024,41,Porto Cesareo,6232.0,35.1153
075098,2024,8,Presicce-Acquarica,9436.0,43.0595
076002,2024,4,Acerenza,2204.0,77.6422
076004,2024,1,Anzi,1573.0,77.0954
076005,2024,4,Armento,577.0,58.9765
076006,2024,4,Atella,3744.0,88.4769
076007,2024,7,Avigliano,10796.0,85.4804
076009,2024,2,Banzi,1230.0,83.0544
076010,2024,4,Baragiano,2536.0,29.603
076011,2024,2,Barile,2664.0,24.1247
076013,2024,2,Brienza,3873.0,82.9325
076014,2024,1,Brindisi Montagna,840.0,59.8776
076021,2024,1,Castelgrande,841.0,34.8983
076023,2024,1,Castelluccio Superiore,739.0,32.9788
076028,2024,1,Chiaromonte,1778.0,70.0175
076032,2024,5,Filiano,2800.0,71.8087
076033,2024,3,Forenza,1901.0,116.3055
076034,2024,5,Francavilla in Sinni,3987.0,46.8176
076036,2024,6,Genzano di Lucania,5377.0,208.9252
076037,2024,5,Grumento Nova,1598.0,66.6494
076039,2024,11,Lagonegro,5192.0,113.067
076040,2024,3,Latronico,4173.0,76.6582
076041,2024,1,Laurenzana,1642.0,95.7074
076042,2024,27,Lauria,12166.0,176.6271
076043,2024,11,Lavello,13139.0,134.6546
076044,2024,15,Maratea,4837.0,67.8354
076045,2024,4,Marsico Nuovo,3910.0,100.9652
076046,2024,9,Marsicovetere,5536.0,38.0116
076048,2024,34,Melfi,17196.0,206.206
076050,2024,2,Moliterno,3663.0,98.5528
076051,2024,2,Montemilone,1438.0,114.133
076054,2024,3,Nemoli,1402.0,19.4925
076056,2024,6,Oppido Lucano,3627.0,54.8779
076057,2024,3,Palazzo San Gervasio,4540.0,62.9102
076058,2024,2,Pescopagano,1727.0,69.8342
076059,2024,10,Picerno,5687.0,78.5089
076060,2024,5,Pietragalla,3930.0,66.0977
076062,2024,7,Pignola,6830.0,56.235
076063,2024,194,Potenza,65420.0,175.4318
076064,2024,10,Rapolla,4146.0,29.8734
076065,2024,1,Rapone,908.0,29.506
076066,2024,24,Rionero in Vulture,12652.0,53.5181
076067,2024,7,Ripacandida,1594.0,33.4848
076068,2024,6,Rivello,2591.0,69.5848
076069,2024,1,Roccanova,1345.0,61.7351
076070,2024,2,Rotonda,3282.0,42.9226
076072,2024,1,Ruvo del Monte,993.0,32.621
076074,2024,1,San Chirico Raparo,955.0,84.0711
076076,2024,7,San Fele,2654.0,97.6989
076078,2024,2,San Severino Lucano,1419.0,61.1583
076079,2024,1,Sant'Angelo Le Fratte,1331.0,23.1067
076080,2024,9,Sant'Arcangelo,6062.0,89.0963
076083,2024,3,Satriano di Lucania,2254.0,32.9008
076084,2024,1,Savoia di Lucania,1018.0,32.8373
076085,2024,5,Senise,6656.0,97.3049
076089,2024,23,Tito,7162.0,71.2665
076090,2024,6,Tolve,3047.0,128.6832
076091,2024,4,Tramutola,2946.0,36.6436
076092,2024,9,Trecchina,2159.0,38.1885
076093,2024,2,Trivigno,603.0,25.9965
076094,2024,2,Vaglio Basilicata,1903.0,43.3628
076095,2024,14,Venosa,11093.0,170.3885
076096,2024,6,Vietri di Potenza,2694.0,52.241
076097,2024,2,Viggianello,2790.0,120.827
076098,2024,6,Viggiano,3269.0,89.6975
076100,2024,1,Paterno,3100.0,40.7355
077002,2024,3,Aliano,891.0,98.4081
077003,2024,21,Bernalda,12050.0,126.1966
077004,2024,1,Calciano,678.0,49.6912
077007,2024,1,Craco,651.0,77.0417
077008,2024,6,Ferrandina,8137.0,218.1083
077009,2024,1,Garaguso,1001.0,38.6109
077011,2024,1,Grassano,4865.0,41.6299
077012,2024,4,Grottole,2088.0,117.1502
077013,2024,8,Irsina,4459.0,263.453
077014,2024,184,Matera,59794.0,392.081
077015,2024,5,Miglionico,2395.0,88.8385
077016,2024,11,Montalbano Jonico,6874.0,135.9956
077017,2024,13,Montescaglioso,9224.0,175.7987
077018,2024,1,Nova Siri,6663.0,52.7498
077020,2024,42,Pisticci,16889.0,233.6684
077021,2024,57,Policoro,17762.0,67.6564
077022,2024,6,Pomarico,3884.0,129.6666
077023,2024,2,Rotondella,2489.0,76.7161
077024,2024,2,Salandra,2595.0,77.4371
077026,2024,1,San Mauro Forte,1310.0,87.0579
077027,2024,2,Stigliano,3768.0,211.1428
077028,2024,1,Tricarico,4890.0,178.1606
077029,2024,7,Tursi,4849.0,159.93
077031,2024,24,Scanzano Jonico,7635.0,72.178
078003,2024,14,Acri,19380.0,200.6273
078006,2024,1,Albidona,1203.0,64.669
078007,2024,1,Alessandria del Carretto,375.0,41.112
078008,2024,4,Altilia,671.0,10.5604
078009,2024,8,Altomonte,4116.0,65.7159
078010,2024,19,Amantea,13770.0,29.456
078011,2024,5,Amendolara,2753.0,60.9084
078012,2024,3,Aprigliano,2461.0,122.4229
078013,2024,3,Belmonte Calabro,1772.0,23.9782
078014,2024,8,Belsito,900.0,11.5532
078015,2024,17,Belvedere Marittimo,9045.0,37.085
078017,2024,18,Bisignano,9593.0,86.1967
078019,2024,5,Bonifati,2611.0,33.8466
078020,2024,1,Buonvicino,2072.0,30.5945
078021,2024,1,Calopezzati,1310.0,22.574
078025,2024,6,Cariati,7496.0,28.8228
078026,2024,1,Carolei,3138.0,15.4296
078029,2024,29,Cassano all'Ionio,16645.0,159.0676
078030,2024,2,Castiglione Cosentino,2656.0,14.0869
078031,2024,6,Castrolibero,9398.0,11.5571
078033,2024,45,Castrovillari,21088.0,130.6354
078034,2024,1,Celico,2545.0,99.7468
078035,2024,1,Cellara,485.0,5.8584
078036,2024,2,Cerchiara di Calabria,2218.0,81.9632
078040,2024,5,Cetraro,9478.0,66.1416
078041,2024,1,Civita,859.0,27.6187
078042,2024,1,Cleto,1187.0,18.984
078043,2024,2,Colosimi,1163.0,25.5793
078045,2024,159,Cosenza,64070.0,37.8605
078047,2024,6,Crosia,9621.0,21.1022
078048,2024,8,Diamante,5049.0,12.2068
078049,2024,1,Dipignano,4196.0,23.3725
078050,2024,2,Domanico,929.0,23.6617
078051,2024,4,Fagnano Castello,3472.0,29.6743
078052,2024,2,Falconara Albanese,1416.0,19.2708
078055,2024,4,Fiumefreddo Bruzio,2769.0,32.06
078056,2024,7,Francavilla Marittima,2814.0,33.0161
078057,2024,3,Frascineto,1932.0,29.1137
078058,2024,10,Fuscaldo,7905.0,60.7961
078059,2024,1,Grimaldi,1536.0,24.7085
078060,2024,6,Grisolia,2199.0,51.7482
078061,2024,7,Guardia Piemontese,1728.0,21.4629
078062,2024,1,Lago,2318.0,49.9546
078063,2024,5,Laino Borgo,1769.0,57.0811
078064,2024,1,Laino Castello,787.0,37.3359
078066,2024,4,Lattarico,3799.0,43.9328
078067,2024,9,Longobardi,2259.0,18.2379
078068,2024,2,Longobucco,2774.0,212.2541
078069,2024,1,Lungro,2264.0,35.65
078070,2024,11,Luzzi,8754.0,77.6003
078072,2024,1,Malito,748.0,16.9158
078073,2024,3,Malvito,1693.0,38.2373
078074,2024,2,Mandatoriccio,2498.0,37.3158
078075,2024,1,Mangone,1901.0,12.273
078076,2024,1,Marano Marchesato,3356.0,5.0425
078078,2024,4,Marzi,965.0,15.811
078079,2024,1,Mendicino,9267.0,35.6846
078080,2024,2,Mongrassano,1489.0,35.1555
078081,2024,23,Montalto Uffugo,20011.0,76.6698
078082,2024,2,Montegiordano,1639.0,35.8744
078083,2024,10,Morano Calabro,4021.0,116.2522
078084,2024,8,Mormanno,2684.0,78.8798
078085,2024,1,Mottafollone,1111.0,31.5829
078087,2024,1,Oriolo,1921.0,85.6014
078088,2024,2,Orsomarso,1153.0,90.4127
078089,2024,1,Paludi,971.0,41.7394
078091,2024,31,Paola,14928.0,42.8807
078093,2024,1,Parenti,2047.0,37.6176
078094,2024,2,Paterno Calabro,1322.0,24.2016
078099,2024,2,Pietrapaola,1019.0,52.8163
078101,2024,24,Praia a Mare,6423.0,23.5918
078102,2024,127,Rende,35725.0,55.2809
078103,2024,3,Rocca Imperiale,3253.0,55.029
078104,2024,5,Roggiano Gravina,6813.0,44.8772
078105,2024,3,Rogliano,5425.0,41.6841
078106,2024,4,Rose,4188.0,47.4913
078107,2024,1,Roseto Capo Spulico,1870.0,30.66
078110,2024,3,Rovito,3053.0,10.6823
078114,2024,4,San Demetrio Corone,3130.0,61.8737
078116,2024,3,San Fili,2503.0,20.9596
078117,2024,3,Sangineto,1236.0,27.5092
078119,2024,6,San Giovanni in Fiore,16222.0,282.5284
078121,2024,1,San Lorenzo del Vallo,3131.0,22.9284
078122,2024,11,San Lucido,5939.0,27.1183
078123,2024,12,San Marco Argentano,7063.0,80.4949
078125,2024,10,San Nicola Arcella,1917.0,11.6934
078127,2024,5,San Pietro in Guarano,3461.0,48.3442
078132,2024,4,Santa Maria del Cedro,4865.0,18.4204
078133,2024,3,Santa Sofia d'Epiro,2251.0,39.2169
078134,2024,4,Santo Stefano di Rogliano,1676.0,19.5644
078135,2024,1,San Vincenzo La Costa,2023.0,18.4163
078136,2024,9,Saracena,3480.0,109.1501
078137,2024,1,Scala Coeli,866.0,67.4966
078138,2024,33,Scalea,11017.0,22.5554
078142,2024,6,Spezzano Albanese,6678.0,32.2636
078143,2024,4,Spezzano della Sila,4292.0,80.2874
078145,2024,7,Tarsia,1883.0,48.2778
078146,2024,3,Terranova da Sibari,4673.0,43.4561
078148,2024,3,Torano Castello,4373.0,30.2216
078149,2024,8,Tortora,5868.0,58.215
078150,2024,8,Trebisacce,8647.0,26.7168
078152,2024,4,Vaccarizzo Albanese,1047.0,8.5337
078154,2024,6,Villapiana,5419.0,39.733
078155,2024,5,Zumpano,2621.0,8.0838
078156,2024,3,Casali del Manco,9612.0,168.9546
078157,2024,127,Corigliano-Rossano,74129.0,346.5524
079003,2024,1,Amaroni,1678.0,9.8829
079005,2024,1,Andali,674.0,17.8675
079008,2024,3,Badolato,2827.0,37.0665
079009,2024,1,Belcastro,1227.0,53.2162
079011,2024,7,Borgia,7275.0,42.3744
079012,2024,8,Botricello,4995.0,15.4779
079018,2024,2,Cardinale,1828.0,30.119
079020,2024,2,Carlopoli,1406.0,16.4125
079023,2024,201,Catanzaro,86183.0,112.7223
079027,2024,1,Cerva,1130.0,21.3688
079029,2024,8,Chiaravalle Centrale,5203.0,23.8247
079034,2024,1,Cortale,1902.0,30.0099
079036,2024,11,Cropani,4649.0,44.8062
079039,2024,14,Curinga,6549.0,52.5252
079042,2024,11,Davoli,5406.0,25.0251
079043,2024,5,Decollatura,2915.0,50.8301
079047,2024,9,Falerna,3748.0,24.0411
079048,2024,9,Feroleto Antico,1982.0,22.3812
079058,2024,1,Gimigliano,3057.0,33.5464
079059,2024,5,Girifalco,5589.0,43.0791
079060,2024,9,Gizzeria,4971.0,37.1937
079061,2024,2,Guardavalle,4205.0,60.2658
079063,2024,6,Isca sullo Ionio,1487.0,23.5552
079069,2024,7,Maida,4409.0,58.3341
079071,2024,1,Marcedusa,403.0,15.6834
079072,2024,7,Marcellinara,2192.0,20.9053
079074,2024,2,Martirano Lombardo,993.0,19.8432
079080,2024,6,Montauro,1732.0,11.7399
079081,2024,12,Montepaone,5500.0,16.8499
079083,2024,1,Motta Santa Lucia,800.0,26.2959
079087,2024,4,Nocera Terinese,4741.0,46.5793
079092,2024,3,Pentone,1941.0,12.3828
079094,2024,2,Petrizzi,1005.0,21.8991
079095,2024,1,Petronà,2448.0,46.1278
079096,2024,4,Pianopoli,2533.0,24.65
079099,2024,2,Platania,1923.0,26.8396
079110,2024,8,San Mango d'Aquino,1451.0,6.8918
079114,2024,4,San Pietro a Maida,3820.0,16.453
079116,2024,1,San Sostene,1417.0,32.4844
079117,2024,3,Santa Caterina dello Ionio,1971.0,40.6942
079118,2024,1,Sant'Andrea Apostolo dello Ionio,1758.0,21.4332
079123,2024,5,Satriano,3318.0,21.1558
079126,2024,1,Sellia,505.0,12.809
079127,2024,12,Sellia Marina,7543.0,41.455
079129,2024,2,Serrastretta,2962.0,41.6486
079130,2024,3,Sersale,4318.0,53.2973
079133,2024,9,Simeri Crichi,4673.0,46.7436
079137,2024,20,Soverato,8712.0,7.7924
079138,2024,2,Soveria Mannelli,2897.0,20.4957
079142,2024,10,Squillace,3540.0,34.326
079143,2024,3,Stalettì,2303.0,12.1084
079147,2024,1,Tiriolo,3650.0,29.2624
079160,2024,162,Lamezia Terme,67569.0,162.4255
080001,2024,3,Africo,2791.0,53.8961
080004,2024,1,Antonimina,1200.0,22.9063
080005,2024,17,Ardore,4822.0,32.7748
080007,2024,4,Bagnara Calabra,9534.0,24.8528
080008,2024,3,Benestare,2469.0,18.7159
080009,2024,10,Bianco,4158.0,29.9844
080010,2024,1,Bivongi,1216.0,25.3448
080012,2024,21,Bovalino,8689.0,18.0561
080013,2024,7,Bova Marina,4156.0,29.4995
080014,2024,5,Brancaleone,3314.0,36.1371
080018,2024,2,Campo Calabro,4473.0,8.0092
080019,2024,4,Candidoni,418.0,26.9521
080023,2024,1,Careri,2145.0,38.1623
080024,2024,2,Casignana,726.0,24.5414
080025,2024,16,Caulonia,6749.0,101.7562
080027,2024,7,Cinquefrondi,6244.0,29.9509
080028,2024,16,Cittanova,9855.0,61.9827
080029,2024,13,Condofuri,4712.0,60.2945
080031,2024,1,Delianuova,3141.0,21.38
080032,2024,3,Feroleto della Chiesa,1517.0,7.5555
080033,2024,1,Ferruzzano,771.0,19.1061
080034,2024,1,Fiumara,871.0,6.5876
080036,2024,4,Gerace,2426.0,28.9874
080038,2024,25,Gioia Tauro,19133.0,39.8668
080039,2024,9,Gioiosa Ionica,6799.0,36.0708
080040,2024,2,Grotteria,2876.0,37.9745
080041,2024,1,Laganadi,378.0,8.1905
080042,2024,3,Laureana di Borrello,4716.0,35.6906
080043,2024,31,Locri,11925.0,25.7538
080044,2024,8,Mammola,2537.0,81.0708
080045,2024,13,Marina di Gioiosa Ionica,6282.0,16.1551
080049,2024,7,Melicucco,4851.0,6.5328
080050,2024,16,Melito di Porto Salvo,10650.0,35.4083
080051,2024,1,Molochio,2279.0,37.4469
080052,2024,4,Monasterace,3407.0,15.7333
080053,2024,4,Montebello Jonico,5736.0,56.4508
080054,2024,6,Motta San Giovanni,5699.0,46.4757
080055,2024,6,Oppido Mamertina,4897.0,58.8739
080056,2024,1,Palizzi,2097.0,52.6163
080057,2024,39,Palmi,17842.0,32.121
080060,2024,2,Platì,3736.0,50.8735
080061,2024,4,Polistena,9988.0,11.7699
080063,2024,393,Reggio di Calabria,173026.0,239.0361
080064,2024,2,Riace,1856.0,16.2369
080065,2024,7,Rizziconi,7623.0,40.2229
080067,2024,13,Roccella Ionica,6209.0,37.8198
080068,2024,1,Roghudi,952.0,46.9207
080069,2024,22,Rosarno,14561.0,39.5572
080071,2024,2,San Giorgio Morgeto,2965.0,35.4002
080072,2024,1,San Giovanni di Gerace,420.0,13.5662
080073,2024,6,San Lorenzo,2331.0,64.5201
080074,2024,4,San Luca,3499.0,105.3446
080077,2024,2,San Roberto,1563.0,34.6363
080081,2024,1,Sant'Eufemia d'Aspromonte,3792.0,32.8795
080082,2024,1,Sant'Ilario dello Ionio,1345.0,13.9996
080083,2024,1,Santo Stefano in Aspromonte,1163.0,17.7968
080084,2024,1,Scido,866.0,17.5297
080085,2024,8,Scilla,4629.0,44.1308
080086,2024,9,Seminara,2510.0,33.854
080087,2024,1,Serrata,801.0,22.0617
080088,2024,46,Siderno,17493.0,31.8595
080091,2024,3,Stignano,1221.0,17.765
080092,2024,2,Stilo,2423.0,78.1081
080093,2024,20,Taurianova,14884.0,48.5444
080094,2024,2,Terranova Sappo Minulio,476.0,9.1204
080095,2024,2,Varapodio,2018.0,29.124
080096,2024,46,Villa San Giovanni,12931.0,12.1747
080097,2024,2,San Ferdinando,4626.0,14.198
081001,2024,112,Alcamo,44741.0,130.8932
081002,2024,6,Buseto Palizzolo,2799.0,72.8093
081003,2024,7,Calatafimi-Segesta,6276.0,154.8616
081004,2024,18,Campobello di Mazara,11411.0,65.8321
081005,2024,33,Castellammare del Golfo,14529.0,127.3202
081006,2024,59,Castelvetrano,29855.0,209.7569
081007,2024,9,Custonaci,5307.0,69.9007
081008,2024,33,Erice,26490.0,47.3374
081009,2024,6,Favignana,4270.0,38.3149
081010,2024,2,Gibellina,3836.0,46.5738
081011,2024,179,Marsala,80661.0,243.2581
081012,2024,92,Mazara del Vallo,50334.0,274.7416
081013,2024,23,Paceco,10903.0,58.0074
081014,2024,9,Pantelleria,7366.0,84.5311
081015,2024,8,Partanna,10021.0,82.7263
081016,2024,1,Poggioreale,1394.0,37.4571
081018,2024,12,Salemi,10114.0,182.421
081019,2024,7,Santa Ninfa,4842.0,60.9436
081020,2024,12,San Vito Lo Capo,4772.0,60.1187
081021,2024,170,Trapani,65378.0,273.1336
081022,2024,12,Valderice,11587.0,52.9625
081023,2024,1,Vita,1819.0,9.1029
081024,2024,18,Petrosino,7976.0,45.2764
081025,2024,10,,,
082001,2024,1,Alia,3379.0,45.9748
082002,2024,2,Alimena,1808.0,59.6975
082003,2024,2,Aliminusa,1107.0,13.6806
082004,2024,10,Altavilla Milicia,8307.0,23.7839
082005,2024,18,Altofonte,9849.0,35.4356
082006,2024,108,Bagheria,53025.0,29.8358
082007,2024,2,Balestrate,6160.0,6.4298
082008,2024,1,Baucina,1842.0,24.471
082009,2024,5,Belmonte Mezzagno,10905.0,29.2934
082010,2024,1,Bisacquino,4203.0,64.9696
082011,2024,15,Bolognetta,4042.0,27.6253
082013,2024,1,Borgetto,7069.0,26.0237
082014,2024,4,Caccamo,7827.0,188.2312
082015,2024,2,Caltavuturo,3663.0,97.9459
082017,2024,17,Campofelice di Roccella,7511.0,14.506
082018,2024,1,Campofiorito,1181.0,21.6994
082019,2024,2,Camporeale,3029.0,38.7206
082020,2024,18,Capaci,11283.0,6.1204
082021,2024,88,Carini,38405.0,76.594
082022,2024,1,Castelbuono,8256.0,60.7859
082023,2024,10,Casteldaccia,11586.0,33.9185
082024,2024,5,Castellana Sicula,3101.0,73.1964
082025,2024,4,Castronovo di Sicilia,2880.0,201.04
082026,2024,1,Cefalà Diana,995.0,9.0592
082027,2024,36,Cefalù,13877.0,66.2409
082028,2024,3,Cerda,4979.0,43.8343
082029,2024,1,Chiusa Sclafani,2611.0,57.5503
082030,2024,1,Ciminna,3485.0,56.4206
082031,2024,38,Cinisi,11827.0,33.1617
082034,2024,14,Corleone,10580.0,229.4546
082035,2024,20,Ficarazzi,12768.0,3.5295
082036,2024,2,Gangi,6285.0,127.4634
082037,2024,2,Geraci Siculo,1768.0,113.3465
082043,2024,37,Isola delle Femmine,7026.0,3.5663
082044,2024,7,Lascari,3656.0,10.3266
082045,2024,6,Lercara Friddi,6340.0,37.4931
082046,2024,3,Marineo,6287.0,33.2219
082048,2024,53,Misilmeri,28589.0,69.4886
082049,2024,50,Monreale,38226.0,530.1798
082050,2024,3,Montelepre,5844.0,9.8912
082053,2024,1987,Palermo,637885.0,160.5878
082054,2024,56,Partinico,30621.0,108.0579
082055,2024,4,Petralia Soprana,3046.0,56.1025
082056,2024,5,Petralia Sottana,2505.0,178.344
082057,2024,2,Piana degli Albanesi,5658.0,64.9165
082058,2024,9,Polizzi Generosa,3016.0,134.6583
082059,2024,2,Pollina,2827.0,49.9291
082060,2024,2,Prizzi,4342.0,95.0363
082061,2024,1,Roccamena,1388.0,33.717
082062,2024,2,Roccapalumba,2298.0,31.5663
082063,2024,4,San Cipirello,5050.0,20.8522
082064,2024,4,San Giuseppe Jato,8208.0,29.7814
082067,2024,10,Santa Flavia,10879.0,14.5987
082068,2024,1,Sciara,2551.0,31.1931
082070,2024,70,Termini Imerese,25173.0,76.6885
082071,2024,19,Terrasini,12483.0,19.8463
082072,2024,18,Torretta,4173.0,25.5421
082073,2024,14,Trabia,10279.0,22.0772
082074,2024,3,Trappeto,2987.0,4.1885
082076,2024,1,Valledolmo,3287.0,25.7793
082077,2024,1,Ventimiglia di Sicilia,1825.0,26.9001
082078,2024,4,Vicari,2484.0,85.9462
082079,2024,29,Villabate,19568.0,3.7977
082080,2024,4,Villafrati,3142.0,25.6441
082081,2024,3,Scillato,627.0,31.6956
082082,2024,1,Blufi,919.0,21.9813
083001,2024,2,Alcara li Fusi,1763.0,62.9346
083003,2024,10,Alì Terme,2378.0,6.2744
083005,2024,88,Barcellona Pozzo di Gotto,39945.0,59.1418
083007,2024,14,Brolo,5742.0,7.6646
083008,2024,1,Capizzi,2918.0,70.1664
083009,2024,42,Capo d'Orlando,13034.0,14.4275
083010,2024,6,Capri Leone,4293.0,6.7645
083011,2024,5,Caronia,3097.0,227.2587
083017,2024,1,Cesarò,2212.0,216.9304
083019,2024,6,Falcone,2703.0,9.3367
083024,2024,4,Forza d'Agrò,883.0,11.189
083025,2024,4,Francavilla di Sicilia,3636.0,82.7262
083027,2024,2,Furci Siculo,3205.0,17.9132
083028,2024,7,Furnari,3753.0,13.5543
083029,2024,3,Gaggi,3039.0,7.6505
083032,2024,28,Giardini-Naxos,9006.0,5.2904
083033,2024,8,Gioiosa Marea,6757.0,26.4823
083034,2024,2,Graniti,1425.0,10.0474
083035,2024,1,Gualtieri Sicaminò,1615.0,14.3838
083036,2024,1,Itala,1472.0,10.9835
083038,2024,8,Letojanni,2757.0,6.7241
083039,2024,3,Librizzi,1586.0,23.3863
083041,2024,14,Lipari,12266.0,89.7135
083042,2024,1,Longi,1348.0,42.1099
083046,2024,2,Mazzarrà Sant'Andrea,1405.0,6.6942
083047,2024,3,Merì,2330.0,1.8503
083048,2024,768,Messina,222329.0,213.7621
083049,2024,97,Milazzo,30421.0,24.7022
083051,2024,1,Mirto,913.0,9.2692
083052,2024,1,Mistretta,4434.0,127.4678
083054,2024,3,Monforte San Giorgio,2564.0,32.2599
083057,2024,1,Montalbano Elicona,2001.0,67.8008
083059,2024,3,Motta d'Affermo,670.0,14.5764
083060,2024,3,Naso,3523.0,36.7367
083061,2024,8,Nizza di Sicilia,3518.0,13.4154
083063,2024,2,Oliveri,2036.0,10.4348
083064,2024,13,Pace del Mela,6056.0,12.1757
083066,2024,28,Patti,12788.0,50.0766
083067,2024,1,Pettineo,1240.0,30.6164
083068,2024,4,Piraino,3798.0,16.9687
083070,2024,2,Reitano,733.0,14.1173
083072,2024,6,Roccalumera,3953.0,8.906
083075,2024,1,Rodì Milici,1957.0,36.5448
083076,2024,10,Rometta,6420.0,32.1231
083077,2024,28,San Filippo del Mela,6764.0,10.0502
083078,2024,1,San Fratello,3350.0,67.6292
083080,2024,7,San Pier Niceto,2583.0,36.6798
083081,2024,1,San Piero Patti,2651.0,41.8183
083082,2024,1,San Salvatore di Fitalia,1178.0,14.9963
083083,2024,1,Santa Domenica Vittoria,871.0,20.1634
083084,2024,21,Sant'Agata di Militello,11989.0,33.9764
083085,2024,11,Sant'Alessio Siculo,1488.0,6.1676
083086,2024,2,Santa Lucia del Mela,4453.0,85.674
083088,2024,1,Sant'Angelo di Brolo,2826.0,30.3859
083089,2024,21,Santa Teresa di Riva,9271.0,8.1175
083090,2024,1,San Teodoro,1260.0,13.974
083091,2024,2,Santo Stefano di Camastra,4416.0,21.9173
083092,2024,3,Saponara,3707.0,26.2623
083093,2024,2,Savoca,1660.0,9.0755
083094,2024,1,Scaletta Zanclea,1915.0,4.7618
083095,2024,2,Sinagra,2515.0,24.027
083096,2024,7,Spadafora,4701.0,10.5246
083097,2024,50,Taormina,10492.0,13.1331
083098,2024,18,Torregrotta,7239.0,4.126
083099,2024,3,Tortorici,5908.0,70.5008
083101,2024,3,Tusa,2663.0,41.0737
083102,2024,1,Ucria,940.0,26.2643
083103,2024,4,Valdina,1276.0,2.6016
083104,2024,5,Venetico,3896.0,4.517
083105,2024,18,Villafranca Tirrena,8196.0,14.2458
083106,2024,13,Terme Vigliatore,7165.0,13.228
083107,2024,9,Acquedolci,5466.0,12.9304
083108,2024,9,Torrenova,4440.0,12.9268
084001,2024,160,Agrigento,55872.0,245.3165
084002,2024,1,Alessandria della Rocca,2567.0,62.2395
084003,2024,5,Aragona,8892.0,74.7015
084004,2024,1,Bivona,3298.0,88.5732
084009,2024,1,Cammarata,5930.0,192.453
084010,2024,14,Campobello di Licata,9260.0,81.3276
084011,2024,38,Canicattì,34446.0,91.8595
084013,2024,1,Castrofilippo,2646.0,18.0752
084015,2024,2,Cianciana,3177.0,38.0815
084017,2024,22,Favara,31821.0,81.875
084018,2024,1,Grotte,5303.0,23.976
084019,2024,2,Joppolo Giancaxio,1102.0,19.1421
084020,2024,10,Lampedusa e Linosa,6337.0,25.2217
084021,2024,60,Licata,34671.0,179.9535
084022,2024,1,Lucca Sicula,1730.0,18.632
084023,2024,22,Menfi,11812.0,113.578
084024,2024,4,Montallegro,2385.0,27.4124
084025,2024,1,Montevago,2734.0,32.9092
084026,2024,1,Naro,7110.0,207.4873
084027,2024,28,Palma di Montechiaro,21437.0,77.0626
084028,2024,36,Porto Empedocle,15622.0,25.2257
084029,2024,8,Racalmuto,7603.0,68.1009
084030,2024,5,Raffadali,12260.0,22.2987
084031,2024,5,Ravanusa,10574.0,49.5006
084032,2024,6,Realmonte,4379.0,20.3693
084033,2024,29,Ribera,18058.0,118.521
084034,2024,9,Sambuca di Sicilia,5485.0,96.3715
084037,2024,2,Santa Elisabetta,2166.0,16.1674
084038,2024,2,Santa Margherita di Belice,6104.0,67.2752
084039,2024,2,Sant'Angelo Muxaro,1184.0,64.5212
084041,2024,69,Sciacca,39250.0,191.6678
084042,2024,1,Siculiana,4177.0,40.9909
085003,2024,7,Butera,4234.0,298.5222
085004,2024,163,Caltanissetta,59864.0,421.2465
085006,2024,4,Delia,3958.0,12.3988
085007,2024,293,Gela,72491.0,279.2195
085009,2024,1,Mazzarino,11181.0,295.5893
085010,2024,1,Milena,2777.0,24.6266
085012,2024,6,Mussomeli,10059.0,164.4247
085013,2024,28,Niscemi,25180.0,96.8171
085014,2024,6,Resuttano,1809.0,38.2733
085015,2024,1,Riesi,10697.0,66.9953
085016,2024,14,San Cataldo,21255.0,72.7746
085017,2024,8,Santa Caterina Villarmosa,4847.0,75.8139
085018,2024,4,Serradifalco,5679.0,41.9382
085019,2024,3,Sommatino,6487.0,34.7565
085021,2024,3,Vallelunga Pratameno,3198.0,39.3738
085022,2024,2,Villalba,1480.0,41.8177
086001,2024,17,Agira,7756.0,164.0807
086002,2024,1,Aidone,4389.0,210.7759
086003,2024,9,Assoro,4892.0,112.1499
086004,2024,6,Barrafranca,12063.0,53.712
086005,2024,4,Calascibetta,4169.0,89.1179
086006,2024,4,Catenanuova,4519.0,11.2247
086007,2024,6,Centuripe,5172.0,174.1946
086008,2024,2,Cerami,1859.0,95.0465
086009,2024,70,Enna,26037.0,358.7437
086010,2024,1,Gagliano Castelferrato,3368.0,56.2367
086011,2024,8,Leonforte,12583.0,84.3917
086012,2024,11,Nicosia,12947.0,218.5057
086013,2024,1,Nissoria,2849.0,61.8245
086014,2024,35,Piazza Armerina,20749.0,304.5376
086015,2024,4,Pietraperzia,6459.0,118.1099
086016,2024,3,Regalbuto,6830.0,170.2924
086018,2024,4,Troina,8699.0,168.2777
086019,2024,4,Valguarnera Caropepe,7163.0,9.4134
086020,2024,5,Villarosa,4496.0,54.892
087001,2024,5,Aci Bonaccorsi,3495.0,1.7242
087002,2024,55,Aci Castello,17987.0,8.7058
087003,2024,34,Aci Catena,28160.0,8.5219
087004,2024,200,Acireale,50627.0,40.4413
087005,2024,52,Aci Sant'Antonio,17867.0,14.3333
087006,2024,28,Adrano,33926.0,83.2208
087007,2024,140,Belpasso,27546.0,166.3264
087008,2024,44,Biancavilla,22987.0,70.2753
087009,2024,20,Bronte,18327.0,250.8569
087010,2024,17,Calatabiano,5133.0,26.4172
087011,2024,88,Caltagirone,36241.0,383.3735
087012,2024,4,Camporotondo Etneo,5149.0,6.554
087014,2024,3,Castiglione di Sicilia,2969.0,118.9022
087015,2024,1459,Catania,300356.0,182.796
087016,2024,25,Fiumefreddo di Sicilia,9086.0,12.1599
087017,2024,106,Giarre,26485.0,27.3544
087018,2024,6,Grammichele,12561.0,32.0655
087019,2024,46,Gravina di Catania,25031.0,5.1302
087020,2024,3,Licodia Eubea,2794.0,112.4453
087021,2024,8,Linguaglossa,5098.0,60.2466
087022,2024,6,Maletto,3613.0,40.9571
087023,2024,62,Mascali,14092.0,37.8462
087024,2024,75,Mascalucia,31628.0,16.3066
087025,2024,1,Militello in Val di Catania,6792.0,62.4748
087026,2024,1,Milo,1038.0,16.6713
087027,2024,11,Mineo,4991.0,245.2684
087028,2024,3,Mirabella Imbaccari,4282.0,15.3009
087029,2024,141,Misterbianco,48943.0,37.6868
087030,2024,33,Motta Sant'Anastasia,11987.0,35.6999
087031,2024,12,Nicolosi,7529.0,42.6505
087032,2024,27,Palagonia,15805.0,57.7851
087033,2024,112,Paternò,45621.0,144.6802
087034,2024,28,Pedara,14714.0,19.2394
087035,2024,11,Piedimonte Etneo,3927.0,26.5431
087037,2024,9,Ramacca,10377.0,306.4331
087038,2024,10,Randazzo,10324.0,205.6137
087039,2024,35,Riposto,13969.0,13.2139
087040,2024,1,San Cono,2431.0,6.6313
087041,2024,71,San Giovanni la Punta,23336.0,10.8496
087042,2024,33,San Gregorio di Catania,11464.0,5.649
087043,2024,2,San Michele di Ganzaria,2965.0,25.8122
087044,2024,13,San Pietro Clarenza,8123.0,6.2721
087045,2024,34,Sant'Agata li Battiati,9318.0,3.118
087046,2024,1,Sant'Alfio,1522.0,25.8595
087047,2024,7,Santa Maria di Licodia,7395.0,26.2767
087048,2024,22,Santa Venerina,8303.0,19.0259
087049,2024,18,Scordia,16296.0,24.3092
087050,2024,18,Trecastagni,11073.0,19.1562
087051,2024,50,Tremestieri Etneo,19892.0,6.4902
087052,2024,10,Valverde,7775.0,5.5218
087053,2024,19,Viagrande,8715.0,10.0944
087054,2024,5,Vizzini,5772.0,126.7508
087055,2024,11,Zafferana Etnea,9282.0,76.8653
087057,2024,3,Maniace,3739.0,37.7004
087058,2024,1,Ragalna,4083.0,39.528
088001,2024,9,Acate,10620.0,102.4684
088002,2024,16,Chiaramonte Gulfi,7926.0,127.374
088003,2024,64,Comiso,29978.0,65.4008
088004,2024,2,Giarratana,2830.0,43.6296
088005,2024,36,Ispica,16127.0,113.753
088006,2024,116,Modica,53370.0,292.3698
088007,2024,2,Monterosso Almo,2829.0,56.55
088008,2024,38,Pozzallo,18940.0,15.3764
088009,2024,185,Ragusa,72579.0,444.7079
088010,2024,35,Santa Croce Camerina,10838.0,41.085
088011,2024,53,Scicli,26822.0,138.7215
088012,2024,191,Vittoria,62051.0,182.4725
089001,2024,96,Augusta,34857.0,111.1579
089002,2024,103,Avola,30503.0,74.5914
089004,2024,3,Buscemi,978.0,52.0509
089005,2024,5,Canicattini Bagni,6639.0,15.0628
089006,2024,21,Carlentini,17152.0,158.9089
089008,2024,3,Ferla,2349.0,24.8976
089009,2024,37,Floridia,21561.0,26.4772
089010,2024,8,Francofonte,11908.0,74.2007
089011,2024,30,Lentini,22106.0,216.7816
089012,2024,29,Melilli,13257.0,136.4172
089013,2024,66,Noto,23638.0,554.9841
089014,2024,46,Pachino,21521.0,50.9828
089015,2024,2,Palazzolo Acreide,8247.0,87.5343
089016,2024,27,Rosolini,20644.0,76.4685
089017,2024,444,Siracusa,117053.0,207.8248
089018,2024,5,Solarino,7556.0,13.0204
089019,2024,4,Sortino,8337.0,93.3295
089020,2024,1,Portopalo di Capo Passero,3790.0,15.0908
089021,2024,33,Priolo Gargallo,11468.0,56.9645
090002,2024,3,Alà dei Sardi,1787.0,197.9892
090003,2024,193,Alghero,42325.0,225.4113
090004,2024,1,Anela,592.0,36.8902
090005,2024,1,Ardara,757.0,38.1886
090006,2024,65,Arzachena,13337.0,230.8505
090008,2024,4,Benetutti,1736.0,94.446
090009,2024,5,Berchidda,2636.0,201.8768
090011,2024,5,Bonnanaro,952.0,21.8441
090012,2024,4,Bono,3369.0,74.5393
090013,2024,5,Bonorva,3233.0,149.744
090014,2024,2,Bortigiadas,737.0,75.8973
090016,2024,6,Bottidda,660.0,33.7144
090017,2024,1,Buddusò,3666.0,176.8381
090018,2024,1,Bultei,854.0,96.8314
090020,2024,1,Burgos,859.0,18.077
090021,2024,5,Calangianus,3854.0,126.8371
090022,2024,3,Cargeghe,605.0,12.0464
090023,2024,11,Castelsardo,5687.0,43.3436
090025,2024,2,Chiaramonti,1529.0,98.6116
090026,2024,13,Codrongianos,1276.0,30.3907
090030,2024,1,Giave,500.0,47.0662
090032,2024,1,Ittireddu,482.0,23.6867
090033,2024,6,Ittiri,8188.0,111.4578
090034,2024,1,Laerru,872.0,19.8495
090035,2024,9,La Maddalena,10722.0,51.6732
090036,2024,2,Luogosanto,1821.0,135.0697
090037,2024,4,Luras,2466.0,87.5852
090041,2024,5,Monti,2336.0,123.822
090042,2024,2,Mores,1777.0,94.8547
090043,2024,4,Muros,831.0,11.2256
090044,2024,1,Nughedu San Nicolò,768.0,67.8938
090045,2024,1,Nule,1291.0,51.9467
090046,2024,3,Nulvi,2662.0,67.375
090047,2024,291,Olbia,59948.0,383.6361
090048,2024,9,Olmedo,4125.0,33.4655
090049,2024,6,Oschiri,3074.0,215.6111
090050,2024,1,Osilo,2879.0,98.031
090051,2024,5,Ossi,5529.0,30.0898
090052,2024,11,Ozieri,10023.0,252.1279
090053,2024,1,Padria,625.0,48.3942
090054,2024,7,Palau,4077.0,44.4411
090055,2024,6,Pattada,2928.0,164.8777
090056,2024,3,Perfugas,2261.0,60.8803
090057,2024,3,Ploaghe,4383.0,96.2684
090058,2024,40,Porto Torres,21377.0,104.5108
090059,2024,3,Pozzomaggiore,2442.0,78.7714
090060,2024,1,Putifigari,707.0,53.1002
090062,2024,5,Aglientu,1179.0,148.1899
090063,2024,3,Santa Teresa Gallura,4951.0,102.2847
090064,2024,520,Sassari,122506.0,547.0333
090067,2024,3,Sennori,7001.0,31.3396
090068,2024,5,Siligo,818.0,43.4487
090069,2024,22,Sorso,14339.0,67.0106
090070,2024,26,Tempio Pausania,13443.0,210.8176
090071,2024,2,Thiesi,2826.0,63.2444
090073,2024,2,Torralba,914.0,36.5029
090074,2024,6,Trinità d'Agultu e Vignola,2216.0,134.0008
090075,2024,1,Tula,1469.0,66.1853
090076,2024,3,Uri,2864.0,56.8063
090077,2024,1,Usini,4254.0,30.7367
090078,2024,5,Villanova Monteleone,2177.0,202.6815
090079,2024,4,Valledoria,4216.0,25.9539
090080,2024,6,Telti,2224.0,83.2468
090081,2024,3,Badesi,1819.0,31.3026
090082,2024,3,Viddalba,1623.0,50.4089
090083,2024,5,Golfo Aranci,2406.0,37.4285
090084,2024,15,Loiri Porto San Paolo,3551.0,118.5196
090085,2024,3,Sant'Antonio di Gallura,1448.0,81.6928
090086,2024,2,Tergu,602.0,36.8773
090087,2024,2,Santa Maria Coghinas,1296.0,22.9701
090089,2024,6,Stintino,1543.0,59.043
090090,2024,2,Padru,2024.0,157.996
090091,2024,15,Budoni,5221.0,54.2785
090092,2024,17,San Teodoro,4923.0,107.5989
091001,2024,1,Aritzo,1215.0,75.5753
091002,2024,4,Arzana,2285.0,162.486
091005,2024,6,Bari Sardo,3848.0,37.4258
091006,2024,5,Baunei,3469.0,211.8973
091007,2024,3,Belvì,579.0,18.1022
091008,2024,4,Birori,508.0,17.3275
091009,2024,2,Bitti,2661.0,215.3679
091010,2024,4,Bolotana,2456.0,108.4346
091011,2024,2,Borore,1989.0,42.6755
091016,2024,1,Desulo,2166.0,74.4978
091017,2024,7,Dorgali,8288.0,226.5328
091018,2024,2,Dualchi,590.0,23.4099
091024,2024,3,Fonni,3752.0,112.2661
091025,2024,1,Gadoni,725.0,43.4345
091027,2024,5,Galtellì,2380.0,56.53
091028,2024,5,Gavoi,2527.0,38.0587
091031,2024,3,Girasole,1278.0,13.1613
091032,2024,1,Ilbono,2014.0,31.132
091033,2024,2,Irgoli,2239.0,75.2988
091035,2024,2,Jerzu,3069.0,102.4051
091037,2024,5,Lanusei,5154.0,53.1687
091038,2024,1,Lei,474.0,19.1146
091039,2024,2,Loceri,1265.0,19.3735
091040,2024,2,Loculi,504.0,38.1494
091041,2024,2,Lodè,1638.0,123.4437
091042,2024,3,Lotzorai,2100.0,16.8669
091043,2024,7,Lula,1277.0,148.7146
091044,2024,16,Macomer,9567.0,122.7633
091046,2024,4,Mamoiada,2413.0,48.8294
091047,2024,1,Meana Sardo,1624.0,73.8037
091050,2024,4,Noragugume,294.0,26.7317
091051,2024,79,Nuoro,34660.0,192.059
091055,2024,10,Oliena,6722.0,165.7374
091056,2024,1,Ollolai,1202.0,27.2372
091057,2024,1,Olzai,792.0,69.8209
091060,2024,7,Oniferi,898.0,35.6734
091061,2024,8,Orani,2742.0,130.4318
091062,2024,4,Orgosolo,3991.0,222.5957
091063,2024,6,Orosei,6798.0,90.9957
091064,2024,4,Orotelli,1916.0,61.1765
091066,2024,1,Ortueri,1066.0,38.8335
091067,2024,6,Orune,2185.0,128.4462
091070,2024,6,Ottana,2224.0,45.0708
091071,2024,2,Ovodda,1538.0,40.8474
091072,2024,1,Perdasdefogu,1757.0,77.7449
091073,2024,16,Posada,3006.0,32.7669
091077,2024,3,Sarule,1596.0,52.7148
091083,2024,2,Silanus,2022.0,47.9345
091084,2024,3,Sindia,1626.0,58.5657
091085,2024,27,Siniscola,11136.0,196.4124
091086,2024,2,Sorgono,1552.0,56.0512
091088,2024,6,Talana,971.0,118.6731
091090,2024,1,Teti,617.0,43.8006
091093,2024,1,Tonara,1851.0,52.0143
091094,2024,1,Torpè,2712.0,91.5027
091095,2024,40,Tortolì,10969.0,40.285
091099,2024,6,Urzulei,1154.0,129.6349
091100,2024,2,Ussassai,492.0,47.323
091101,2024,12,Villagrande Strisaili,2997.0,210.351
091104,2024,2,Lodine,309.0,7.7001
092003,2024,39,Assemini,26291.0,118.1723
092009,2024,520,Cagliari,149572.0,84.5839
092011,2024,28,Capoterra,23089.0,68.4888
092015,2024,19,Decimomannu,8222.0,27.7167
092037,2024,10,Maracalagonis,7888.0,101.3687
092050,2024,8,Pula,7064.0,138.9157
092051,2024,169,Quartu Sant'Elena,68640.0,96.4102
092066,2024,12,Sarroch,5097.0,67.8293
092068,2024,62,Selargius,28655.0,26.6857
092074,2024,39,Sestu,20772.0,48.2851
092075,2024,12,Settimo San Pietro,6776.0,23.294
092080,2024,17,Sinnai,17301.0,223.908
092090,2024,9,Uta,8585.0,134.7065
092099,2024,2,Villa San Pietro,2148.0,39.887
092105,2024,26,Quartucciu,12864.0,27.9315
092108,2024,25,Elmas,9349.0,14.0545
092109,2024,32,Monserrato,19175.0,6.4217
093002,2024,2,Arba,1296.0,15.3112
093004,2024,24,Aviano,8854.0,113.3483
093005,2024,32,Azzano Decimo,15702.0,51.3378
093006,2024,4,Barcis,234.0,103.4107
093007,2024,13,Brugnera,9258.0,29.1193
093008,2024,2,Budoia,2505.0,37.3582
093009,2024,10,Caneva,6361.0,41.7946
093010,2024,17,Casarsa della Delizia,8257.0,20.466
093011,2024,1,Castelnovo del Friuli,826.0,22.4812
093012,2024,3,Cavasso Nuovo,1480.0,10.5962
093013,2024,12,Chions,5126.0,33.4461
093016,2024,1,Clauzetto,384.0,28.3078
093017,2024,42,Cordenons,18067.0,56.3393
093018,2024,3,Cordovado,2684.0,12.0182
093020,2024,2,Fanna,1490.0,10.2629
093021,2024,24,Fiume Veneto,11786.0,35.7555
093022,2024,30,Fontanafredda,12697.0,46.4018
093025,2024,20,Maniago,11622.0,69.4596
093026,2024,3,Meduno,1539.0,31.5906
093027,2024,13,Montereale Valcellina,4323.0,67.8802
093028,2024,11,Morsano al Tagliamento,2682.0,32.5331
093029,2024,14,Pasiano di Pordenone,7758.0,45.5945
093030,2024,5,Pinzano al Tagliamento,1484.0,21.9508
093031,2024,6,Polcenigo,3140.0,49.6887
093032,2024,52,Porcia,15067.0,29.5333
093033,2024,191,Pordenone,51403.0,38.2114
093034,2024,12,Prata di Pordenone,8483.0,22.9602
093035,2024,3,Pravisdomini,3401.0,16.2091
093036,2024,10,Roveredo in Piano,5942.0,15.8565
093037,2024,38,Sacile,20058.0,32.7407
093038,2024,13,San Giorgio della Richinvelda,4717.0,48.1525
093039,2024,2,San Martino al Tagliamento,1426.0,17.979
093040,2024,14,San Quirino,4220.0,51.7586
093041,2024,16,San Vito al Tagliamento,15077.0,60.8809
093042,2024,8,Sequals,2182.0,27.7045
093043,2024,10,Sesto al Reghena,6346.0,40.6729
093044,2024,23,Spilimbergo,11942.0,71.8756
093045,2024,1,Tramonti di Sopra,286.0,125.1433
093049,2024,3,Vito d'Asio,717.0,53.7144
093050,2024,6,Vivaro,1304.0,37.6768
093051,2024,14,Zoppola,8374.0,45.5349
093053,2024,4,Valvasone Arzene,3890.0,29.675
094002,2024,6,Agnone,4796.0,96.8489
094005,2024,1,Cantalupo nel Sannio,733.0,15.638
094007,2024,1,Carovilli,1279.0,41.5624
094008,2024,1,Carpinone,1044.0,32.4292
094010,2024,6,Castelpetroso,1577.0,22.7064
094012,2024,2,Castel San Vincenzo,474.0,21.9784
094014,2024,2,Cerro al Volturno,1170.0,23.7896
094016,2024,1,Civitanova del Sannio,919.0,50.4723
094017,2024,6,Colli a Volturno,1291.0,25.2497
094019,2024,1,Filignano,584.0,30.8761
094020,2024,1,Forlì del Sannio,646.0,32.5616
094021,2024,1,Fornelli,1826.0,23.1728
094023,2024,46,Isernia,20971.0,69.1501
094024,2024,1,Longano,659.0,27.3726
094025,2024,3,Macchia d'Isernia,1057.0,17.7115
094026,2024,2,Macchiagodena,1656.0,34.3511
094027,2024,3,Miranda,963.0,22.1461
094028,2024,6,Montaquila,2316.0,25.449
094029,2024,1,Montenero Val Cocchiara,505.0,22.0189
094030,2024,3,Monteroduni,2056.0,37.2123
094031,2024,4,Pesche,1578.0,12.9625
094033,2024,2,Pescopennataro,244.0,18.832
094034,2024,1,Pettoranello del Molise,429.0,15.584
094037,2024,1,Poggio Sannita,597.0,25.7364
094038,2024,10,Pozzilli,2186.0,34.6597
094040,2024,1,Roccamandolfi,871.0,53.6623
094042,2024,1,Rocchetta a Volturno,1081.0,23.3409
094044,2024,1,Sant'Agapito,1366.0,15.9289
094045,2024,1,Santa Maria del Molise,676.0,17.1965
094046,2024,1,Sant'Angelo del Pesco,344.0,15.5895
094047,2024,2,Sant'Elena Sannita,275.0,14.076
094049,2024,2,Sessano del Molise,662.0,25.3179
094050,2024,4,Sesto Campano,2134.0,35.3166
094052,2024,29,Venafro,11048.0,46.4518
095001,2024,2,Abbasanta,2572.0,39.8469
095002,2024,1,Aidomaggiore,411.0,41.2051
095005,2024,1,Allai,353.0,27.3604
095006,2024,6,Arborea,3769.0,94.7921
095008,2024,1,Assolo,355.0,16.3723
095011,2024,1,Baratili San Pietro,1219.0,6.0966
095013,2024,2,Bauladu,654.0,24.2197
095018,2024,19,Cabras,8843.0,102.2534
095019,2024,3,Cuglieri,2493.0,120.597
095021,2024,4,Ghilarza,4285.0,55.4597
095023,2024,1,Gonnosnò,722.0,15.4582
095024,2024,1,Gonnostramatza,821.0,17.6423
095025,2024,15,Marrubiu,4614.0,61.2346
095026,2024,1,Masullas,1014.0,18.6808
095027,2024,3,Milis,1459.0,18.6691
095029,2024,7,Mogoro,3974.0,48.9861
095030,2024,1,Morgongiori,669.0,45.1972
095031,2024,2,Narbolia,1709.0,40.5004
095033,2024,2,Norbello,1161.0,26.1807
095035,2024,3,Nurachi,1709.0,15.9653
095037,2024,1,Ollastra,1139.0,21.4698
095038,2024,102,Oristano,30723.0,84.5723
095040,2024,1,Pau,282.0,13.816
095041,2024,8,Paulilatino,2110.0,103.8471
095043,2024,5,Riola Sardo,2036.0,48.1091
095044,2024,1,Ruinas,622.0,30.4581
095046,2024,2,San Nicolò d'Arcidano,2521.0,28.3569
095047,2024,8,Santa Giusta,4673.0,69.2151
095049,2024,3,Santu Lussurgiu,2247.0,99.7954
095050,2024,5,San Vero Milis,2407.0,72.4749
095052,2024,2,Sedilo,2018.0,68.4524
095053,2024,1,Seneghe,1698.0,57.8527
095056,2024,2,Siamaggiore,892.0,13.1726
095057,2024,2,Siamanna,779.0,28.3563
095059,2024,7,Simaxis,2126.0,27.8199
095061,2024,1,Siris,226.0,6.0044
095062,2024,2,Solarussa,2302.0,31.8589
095063,2024,1,Sorradile,348.0,26.3402
095065,2024,11,Terralba,9830.0,49.9709
095066,2024,2,Tramatza,943.0,16.7998
095069,2024,5,Uras,2724.0,39.2388
095074,2024,1,Zeddiani,1142.0,11.8094
095077,2024,1,Curcuris,314.0,7.1807
095079,2024,9,Bosa,7533.0,128.0155
095080,2024,3,Flussio,437.0,6.8744
095082,2024,3,Laconi,1691.0,124.7513
095083,2024,2,Magomadas,586.0,9.0198
095087,2024,2,Suni,1005.0,47.4624
096002,2024,5,Andorno Micca,3027.0,11.8868
096004,2024,180,Biella,42943.0,46.6883
096005,2024,1,Bioglio,894.0,18.8452
096007,2024,3,Brusnengo,1958.0,10.4533
096010,2024,2,Camburzano,1112.0,3.8025
096012,2024,10,Candelo,7356.0,15.121
096014,2024,1,Casapinta,393.0,2.8608
096015,2024,3,Castelletto Cervo,795.0,14.9021
096016,2024,5,Cavaglià,3537.0,25.6248
096018,2024,7,Cerrione,2802.0,27.9876
096020,2024,29,Cossato,14070.0,27.7338
096021,2024,2,Crevacuore,1412.0,8.6006
096026,2024,14,Gaglianico,3710.0,4.4984
096028,2024,2,Graglia,1485.0,20.1389
096031,2024,2,Massazza,528.0,11.6095
096032,2024,4,Masserano,1932.0,27.0732
096035,2024,8,Mongrando,3715.0,16.5025
096037,2024,3,Mottalciata,1319.0,18.3909
096038,2024,3,Muzzano,579.0,6.0973
096040,2024,2,Occhieppo Inferiore,3777.0,4.0645
096041,2024,4,Occhieppo Superiore,2627.0,5.1503
096042,2024,1,Pettinengo,1466.0,15.2975
096044,2024,1,Piedicavallo,178.0,17.7505
096046,2024,2,Pollone,2050.0,16.2169
096047,2024,6,Ponderano,3733.0,7.0519
096053,2024,3,Ronco Biellese,1430.0,3.8493
096054,2024,1,Roppolo,858.0,8.6512
096056,2024,1,Sagliano Micca,1543.0,14.6112
096058,2024,6,Salussola,1871.0,38.5152
096059,2024,9,Sandigliano,2595.0,10.2224
096063,2024,1,Sordevolo,1322.0,13.7379
096064,2024,2,Sostegno,750.0,18.067
096068,2024,3,Tollegno,2385.0,3.3143
096071,2024,7,Valdengo,2385.0,7.6768
096074,2024,1,Valle San Nicolao,906.0,13.2572
096076,2024,2,Verrone,1222.0,8.5859
096077,2024,32,Vigliano Biellese,7618.0,8.3978
096079,2024,2,Villanova Biellese,191.0,7.8731
096080,2024,1,Viverone,1374.0,12.261
096082,2024,6,Zubiena,1119.0,12.4736
096085,2024,3,Lessona,2642.0,12.7749
096086,2024,2,Campiglia Cervo,506.0,28.2053
096087,2024,4,Quaregna Cerreto,2038.0,8.416
096088,2024,7,Valdilana,10342.0,61.1382
097001,2024,31,Abbadia Lariana,3191.0,16.6724
097002,2024,3,Airuno,2794.0,4.2859
097003,2024,5,Annone di Brianza,2297.0,5.9795
097004,2024,13,Ballabio,4149.0,15.0377
097005,2024,5,Barzago,2373.0,3.5617
097006,2024,8,Barzanò,5010.0,3.6195
097008,2024,4,Bellano,3418.0,22.0271
097009,2024,3,Bosisio Parini,3309.0,5.824
097010,2024,7,Brivio,4466.0,7.9534
097011,2024,1,Bulciago,2895.0,3.1176
097012,2024,5,Calco,5369.0,4.5889
097013,2024,29,Calolziocorte,13592.0,9.1002
097016,2024,23,Casatenovo,13128.0,12.664
097017,2024,7,Cassago Brianza,4388.0,3.5476
097019,2024,5,Castello di Brianza,2601.0,3.5941
097020,2024,11,Cernusco Lombardone,3788.0,3.7419
097021,2024,5,Cesana Brianza,2379.0,3.6953
097022,2024,15,Civate,3739.0,9.2704
097023,2024,12,Colico,7970.0,35.0639
097026,2024,12,Costa Masnaga,4761.0,5.6179
097029,2024,2,Cremeno,1649.0,13.1833
097030,2024,4,Dervio,2596.0,11.6954
097031,2024,12,Dolzago,2531.0,2.2583
097033,2024,2,Ello,1209.0,2.4193
097035,2024,1,Esino Lario,764.0,18.0526
097036,2024,13,Galbiate,8443.0,15.6446
097037,2024,7,Garbagnate Monastero,2516.0,3.4965
097038,2024,8,Garlate,2671.0,3.3023
097039,2024,4,Imbersago,2486.0,3.1445
097040,2024,1,Introbio,1931.0,26.0331
097042,2024,234,Lecco,47454.0,45.1348
097043,2024,4,Lierna,2122.0,11.2384
097044,2024,7,Lomagna,5065.0,3.9135
097045,2024,19,Malgrate,4256.0,1.8954
097046,2024,24,Mandello del Lario,10082.0,43.3309
097048,2024,37,Merate,14702.0,11.0634
097049,2024,13,Missaglia,8683.0,11.5189
097050,2024,2,Moggio,467.0,13.4294
097051,2024,15,Molteno,3548.0,3.1193
097053,2024,4,Montevecchia,2673.0,5.7993
097054,2024,11,Monticello Brianza,4141.0,4.6072
097056,2024,8,Nibionno,3660.0,3.5135
097057,2024,22,Oggiono,9128.0,7.9575
097058,2024,6,Olgiate Molgora,6406.0,7.091
097059,2024,9,Olginate,6983.0,8.0004
097060,2024,5,Oliveto Lario,1219.0,15.6963
097061,2024,22,Osnago,4771.0,4.4936
097062,2024,2,Paderno d'Adda,3834.0,3.563
097064,2024,1,Parlasco,132.0,2.9972
097065,2024,2,Pasturo,1929.0,21.7839
097067,2024,1,Perledo,878.0,13.6837
097068,2024,13,Pescate,2182.0,2.1001
097069,2024,1,Premana,2175.0,33.6353
097071,2024,20,Robbiate,6248.0,4.7003
097072,2024,1,Rogeno,3071.0,4.8248
097074,2024,3,Santa Maria Hoè,2127.0,2.8344
097075,2024,6,Sirone,2330.0,3.2057
097076,2024,4,Sirtori,2796.0,4.2907
097078,2024,5,Suello,1755.0,2.629
097079,2024,1,Taceno,539.0,3.7516
097082,2024,2,Valgreghentino,3406.0,6.2463
097083,2024,14,Valmadrera,11210.0,12.5992
097084,2024,6,Varenna,741.0,12.5679
097086,2024,7,Vercurago,2766.0,2.1157
097091,2024,5,Verderio,5520.0,6.4653
097092,2024,3,La Valletta Brianza,4646.0,8.7846
098003,2024,1,Boffalora d'Adda,1734.0,8.1303
098004,2024,16,Borghetto Lodigiano,4311.0,23.6411
098005,2024,4,Borgo San Giovanni,2416.0,7.5038
098006,2024,3,Brembio,2665.0,17.0835
098008,2024,1,Casaletto Lodigiano,2942.0,9.7506
098009,2024,4,Casalmaiocco,3176.0,4.7138
098010,2024,33,Casalpusterlengo,15213.0,25.6122
098011,2024,1,Caselle Landi,1503.0,26.0043
098012,2024,2,Caselle Lurani,3006.0,7.6782
098014,2024,1,Castiglione d'Adda,4502.0,12.9782
098017,2024,5,Cavenago d'Adda,2116.0,16.098
098018,2024,2,Cervignano d'Adda,2164.0,4.0688
098019,2024,25,Codogno,15548.0,20.8695
098020,2024,1,Comazzo,2262.0,12.8023
098021,2024,9,Cornegliano Laudense,2864.0,5.6998
098022,2024,1,Corno Giovine,1120.0,9.9361
098024,2024,1,Corte Palasio,1534.0,15.6782
098025,2024,2,Crespiatica,2219.0,7.0319
098026,2024,3,Fombio,2265.0,7.3971
098028,2024,4,Graffignana,2549.0,10.9213
098029,2024,10,Guardamiglio,2635.0,10.4374
098030,2024,4,Livraga,2455.0,12.3711
098031,2024,168,Lodi,44815.0,41.3786
098032,2024,14,Lodi Vecchio,7589.0,16.4503
098033,2024,1,Maccastorna,65.0,5.7452
098034,2024,3,Mairago,1363.0,11.2472
098035,2024,3,Maleo,3008.0,19.8334
098036,2024,3,Marudo,1760.0,4.2024
098037,2024,5,Massalengo,4385.0,8.4767
098038,2024,1,Meleti,441.0,7.3856
098039,2024,1,Merlino,1712.0,10.7302
098040,2024,7,Montanaso Lombardo,2241.0,9.5212
098041,2024,5,Mulazzano,5814.0,15.579
098043,2024,2,Ospedaletto Lodigiano,2004.0,8.4968
098044,2024,4,Ossago Lodigiano,1421.0,11.525
098045,2024,9,Pieve Fissiraga,1711.0,12.2653
098046,2024,5,Salerano sul Lambro,2609.0,4.3749
098047,2024,1,San Fiorano,1826.0,8.9657
098048,2024,10,San Martino in Strada,3733.0,13.1484
098049,2024,11,San Rocco al Porto,3354.0,30.562
098050,2024,10,Sant'Angelo Lodigiano,13225.0,20.0529
098052,2024,2,Secugnago,1931.0,6.7459
098053,2024,4,Senna Lodigiana,1784.0,27.0154
098054,2024,22,Somaglia,3867.0,20.819
098055,2024,5,Sordio,3448.0,2.8206
098056,2024,14,Tavazzano con Villavesco,5919.0,16.0684
098057,2024,1,Terranova dei Passerini,919.0,11.2567
098058,2024,1,Turano Lodigiano,1539.0,16.3773
098060,2024,6,Villanova del Sillaro,1867.0,13.4986
098061,2024,21,Zelo Buon Persico,7415.0,18.8824
098062,2024,1,Castelgerundo,1491.0,19.8696
099001,2024,67,Bellaria-Igea Marina,19458.0,18.1698
099002,2024,87,Cattolica,16723.0,6.1953
099003,2024,41,Coriano,10503.0,46.7666
099004,2024,1,Gemmano,1124.0,18.8499
099005,2024,77,Misano Adriatico,13780.0,22.345
099008,2024,4,Montefiore Conca,2227.0,22.3216
099011,2024,15,Morciano di Romagna,7176.0,5.44
099013,2024,228,Riccione,34942.0,17.5208
099014,2024,854,Rimini,150240.0,135.7915
099015,2024,6,Saludecio,3009.0,34.2646
099016,2024,19,San Clemente,5624.0,20.6958
099017,2024,34,San Giovanni in Marignano,9441.0,21.3734
099018,2024,88,Santarcangelo di Romagna,22288.0,45.0587
099020,2024,26,Verucchio,10047.0,27.3019
099023,2024,17,Novafeltria,7064.0,41.8381
099024,2024,6,Pennabilli,2653.0,69.8034
099025,2024,3,San Leo,2860.0,53.136
099026,2024,2,Sant'Agata Feltria,2034.0,79.7408
099027,2024,4,Talamello,1065.0,10.5887
099028,2024,11,Poggio Torriana,5186.0,34.7351
099029,2024,5,Montescudo-Monte Colombo,6842.0,32.3479
099030,2024,1,,,
099031,2024,2,,,
100001,2024,5,Cantagallo,3102.0,95.6224
100002,2024,35,Carmignano,15098.0,38.4275
100003,2024,64,Montemurlo,19477.0,30.7758
100004,2024,29,Poggio a Caiano,10169.0,5.9995
100005,2024,833,Prato,201410.0,97.3521
100006,2024,21,Vaiano,9975.0,34.1088
100007,2024,11,Vernio,6038.0,63.3768
101001,2024,1,Belvedere di Spinello,1974.0,30.3109
101002,2024,4,Caccuri,1572.0,61.3762
101004,2024,1,Casabona,2403.0,67.6721
101007,2024,3,Cirò,2560.0,71.0449
101008,2024,29,Cirò Marina,13833.0,41.6808
101009,2024,3,Cotronei,5253.0,79.2012
101010,2024,199,Crotone,60123.0,181.9947
101011,2024,3,Crucoli,2798.0,50.425
101012,2024,14,Cutro,9465.0,133.6858
101013,2024,19,Isola di Capo Rizzuto,16962.0,126.6438
101014,2024,4,Melissa,3249.0,51.6315
101015,2024,3,Mesoraca,6025.0,94.7896
101017,2024,7,Petilia Policastro,8700.0,98.3481
101018,2024,2,Roccabernarda,3185.0,64.888
101019,2024,5,Rocca di Neto,5345.0,44.9243
101021,2024,1,San Nicola dell'Alto,725.0,7.8517
101022,2024,1,Santa Severina,1935.0,52.3117
101024,2024,6,Scandale,2851.0,54.2595
101025,2024,15,Strongoli,6146.0,85.5577
101027,2024,1,Verzino,1641.0,45.6322
102003,2024,5,Briatico,3855.0,27.9223
102004,2024,1,Brognaturo,630.0,25.689
102005,2024,1,Capistrano,984.0,21.1225
102006,2024,1,Cessaniti,3015.0,17.9691
102007,2024,3,Dasà,1109.0,6.4627
102009,2024,3,Drapia,2019.0,21.5938
102011,2024,1,Filadelfia,4960.0,31.5038
102012,2024,3,Filandari,1758.0,18.8395
102013,2024,1,Filogaso,1317.0,23.8975
102014,2024,6,Francavilla Angitola,1827.0,28.6319
102016,2024,5,Gerocarne,1967.0,45.2254
102017,2024,10,Jonadi,4406.0,8.8113
102018,2024,2,Joppolo,1685.0,21.6692
102020,2024,2,Maierato,2055.0,39.9325
102021,2024,3,Mileto,6401.0,35.6532
102022,2024,1,Mongiana,672.0,18.4089
102025,2024,1,Nicotera,5911.0,28.2468
102026,2024,1,Parghelia,1245.0,7.9491
102027,2024,32,Pizzo,8882.0,22.8879
102030,2024,8,Ricadi,4805.0,22.5378
102031,2024,5,Rombiolo,4382.0,22.8427
102032,2024,3,San Calogero,3954.0,25.3367
102033,2024,3,San Costantino Calabro,2084.0,6.7892
102034,2024,1,San Gregorio d'Ippona,2535.0,12.5345
102036,2024,4,Sant'Onofrio,2889.0,18.6586
102037,2024,10,Serra San Bruno,6352.0,40.5725
102038,2024,1,Simbario,921.0,20.8328
102040,2024,2,Soriano Calabro,2291.0,15.4369
102041,2024,1,Spadola,797.0,9.6462
102042,2024,1,Spilinga,1370.0,17.4235
102043,2024,3,Stefanaconi,2349.0,23.1798
102044,2024,21,Tropea,6022.0,3.6604
102046,2024,2,Vazzano,982.0,20.2027
102047,2024,69,Vibo Valentia,31753.0,46.5709
102050,2024,3,Zungri,1854.0,23.4549
103003,2024,2,Arizzano,1961.0,1.5995
103004,2024,1,Arola,238.0,6.6126
103005,2024,1,Aurano,105.0,21.1563
103006,2024,2,Baceno,886.0,77.2735
103007,2024,1,Bannio Anzino,471.0,39.4656
103008,2024,14,Baveno,4820.0,17.1002
103010,2024,1,Belgirate,493.0,7.1292
103011,2024,2,Beura-Cardezza,1430.0,28.5514
103012,2024,1,Bognanco,186.0,57.9948
103013,2024,5,Brovello-Carpugnino,751.0,8.2233
103014,2024,1,Calasca-Castiglione,567.0,57.0676
103015,2024,1,Cambiasca,1569.0,3.9645
103016,2024,6,Cannero Riviera,897.0,14.4193
103017,2024,8,Cannobio,5029.0,52.5335
103018,2024,1,Caprezzo,171.0,7.2565
103019,2024,6,Casale Corte Cerro,3404.0,12.5227
103022,2024,1,Cesara,591.0,11.6545
103024,2024,3,Craveggia,759.0,36.2167
103025,2024,7,Crevoladossola,4517.0,39.8738
103026,2024,3,Crodo,1406.0,53.5753
103028,2024,37,Domodossola,17783.0,36.8911
103029,2024,1,Druogno,1057.0,29.6091
103031,2024,1,Formazza,445.0,130.6467
103033,2024,8,Ghiffa,2308.0,14.6546
103034,2024,5,Gignese,1081.0,14.5784
103035,2024,7,Gravellona Toce,7621.0,14.2127
103041,2024,1,Malesco,1358.0,43.1763
103042,2024,5,Masera,1448.0,20.3537
103044,2024,8,Mergozzo,2136.0,26.9947
103046,2024,1,Montecrestese,1249.0,86.1483
103049,2024,6,Oggebbio,865.0,21.439
103050,2024,26,Omegna,14618.0,30.3719
103051,2024,10,Ornavasso,3358.0,25.9194
103052,2024,2,Pallanzeno,1110.0,4.3658
103053,2024,1,Piedimulera,1474.0,7.5656
103054,2024,2,Pieve Vergonte,2472.0,41.672
103055,2024,1,Premeno,767.0,7.8796
103056,2024,3,Premia,541.0,88.9024
103057,2024,4,Premosello-Chiovenda,1856.0,34.1628
103060,2024,1,Re,692.0,27.1522
103061,2024,5,San Bernardino Verbano,1267.0,26.6756
103062,2024,3,Santa Maria Maggiore,1284.0,53.7054
103064,2024,11,Stresa,4694.0,35.3592
103067,2024,1,Trasquera,174.0,39.6013
103068,2024,3,Trontano,1633.0,56.7344
103070,2024,1,Vanzone con San Carlo,384.0,15.7344
103071,2024,2,Varzo,1946.0,93.7665
103072,2024,125,Verbania,29954.0,37.4934
103074,2024,1,Vignone,1209.0,3.3806
103075,2024,9,Villadossola,6276.0,18.7332
103077,2024,4,Vogogna,1720.0,15.6245
103079,2024,1,Valle Cannobina,477.0,55.1741
108001,2024,66,Agrate Brianza,15482.0,11.2176
108002,2024,1,Aicurzio,2077.0,2.4676
108003,2024,3,Albiate,6482.0,2.8631
108004,2024,56,Arcore,17848.0,9.2455
108005,2024,11,Barlassina,6912.0,2.756
108006,2024,17,Bellusco,7366.0,6.5372
108007,2024,17,Bernareggio,11321.0,5.9338
108008,2024,20,Besana in Brianza,15498.0,15.7578
108009,2024,29,Biassono,12188.0,4.8948
108010,2024,33,Bovisio-Masciago,16833.0,4.9323
108011,2024,15,Briosco,6051.0,6.6128
108012,2024,93,Brugherio,34811.0,10.4121
108013,2024,5,Burago di Molgora,4283.0,3.4317
108014,2024,2,Camparada,2166.0,1.6337
108015,2024,61,Carate Brianza,17824.0,9.9166
108016,2024,10,Carnate,7516.0,3.4702
108017,2024,14,Cavenago di Brianza,7389.0,4.3932
108018,2024,7,Ceriano Laghetto,6613.0,7.078
108019,2024,122,Cesano Maderno,38983.0,11.5157
108020,2024,11,Cogliate,8444.0,6.9549
108021,2024,38,Concorezzo,15770.0,8.5081
108022,2024,3,Correzzana,3035.0,2.506
108023,2024,145,Desio,41646.0,14.754
108024,2024,113,Giussano,25923.0,10.2805
108025,2024,10,Lazzate,7763.0,5.3139
108026,2024,8,Lesmo,8465.0,5.1171
108027,2024,69,Limbiate,34707.0,12.286
108028,2024,183,Lissone,46147.0,9.2958
108029,2024,22,Macherio,7412.0,3.1826
108030,2024,77,Meda,23324.0,8.3083
108031,2024,5,Mezzago,4420.0,4.3185
108032,2024,5,Misinto,5588.0,5.1093
108033,2024,573,Monza,122522.0,33.0867
108034,2024,43,Muggiò,23603.0,5.4764
108035,2024,66,Nova Milanese,23083.0,5.8456
108036,2024,4,Ornago,5193.0,5.8844
108037,2024,7,Renate,4056.0,2.8878
108038,2024,8,Ronco Briantino,3532.0,2.9685
108039,2024,174,Seregno,44843.0,13.0449
108040,2024,28,Seveso,23728.0,7.4024
108041,2024,4,Sovico,8307.0,3.263
108042,2024,3,Sulbiate,4405.0,5.2018
108043,2024,12,Triuggio,8649.0,8.3378
108044,2024,24,Usmate Velate,10425.0,9.7508
108045,2024,58,Varedo,13611.0,4.848
108046,2024,23,Vedano al Lambro,7490.0,1.9793
108047,2024,14,Veduggio con Colzano,4250.0,3.5554
108048,2024,37,Verano Brianza,9164.0,3.5184
108049,2024,41,Villasanta,13946.0,4.8648
108050,2024,106,Vimercate,25941.0,20.7181
108051,2024,9,Busnago,6752.0,5.7763
108052,2024,18,Caponago,5105.0,5.0384
108053,2024,14,Cornate d'Adda,10674.0,13.8153
108054,2024,53,Lentate sul Seveso,15785.0,13.9782
108055,2024,2,Roncello,4762.0,3.1611
109001,2024,10,Altidona,3538.0,12.9725
109002,2024,8,Amandola,3355.0,69.494
109003,2024,2,Belmonte Piceno,600.0,10.5319
109004,2024,4,Campofilone,1896.0,12.2112
109005,2024,1,Falerone,3138.0,24.6124
109006,2024,141,Fermo,36168.0,124.532
109007,2024,1,Francavilla d'Ete,946.0,10.2041
109008,2024,5,Grottazzolina,3259.0,9.2618
109009,2024,1,Lapedona,1160.0,14.9249
109010,2024,1,Magliano di Tenna,1424.0,7.9294
109011,2024,1,Massa Fermana,898.0,7.7274
109013,2024,1,Montappone,1608.0,10.4054
109014,2024,2,Montefalcone Appennino,383.0,15.992
109016,2024,3,Monte Giberto,759.0,12.5337
109017,2024,23,Montegiorgio,6479.0,47.4458
109018,2024,18,Montegranaro,12613.0,31.4183
109020,2024,1,Montelparo,722.0,21.6262
109022,2024,3,Monterubbiano,2086.0,32.2351
109023,2024,9,Monte San Pietrangeli,2315.0,18.4509
109024,2024,21,Monte Urano,7971.0,16.7156
109025,2024,3,Monte Vidon Combatte,398.0,11.167
109026,2024,4,Monte Vidon Corrado,678.0,5.949
109027,2024,1,Montottone,895.0,16.3789
109028,2024,2,Moresco,546.0,6.3504
109030,2024,7,Pedaso,2808.0,3.847
109031,2024,3,Petritoli,2193.0,24.0023
109032,2024,3,Ponzano di Fermo,1646.0,14.2677
109033,2024,51,Porto San Giorgio,15715.0,8.7932
109034,2024,119,Porto Sant'Elpidio,25958.0,18.1256
109035,2024,6,Rapagnano,1945.0,12.6456
109036,2024,3,Santa Vittoria in Matenano,1246.0,26.179
109037,2024,48,Sant'Elpidio a Mare,16773.0,50.5172
109038,2024,6,Servigliano,2201.0,18.4918
109040,2024,2,Torre San Patrizio,1919.0,11.9329
110001,2024,216,Andria,97489.0,402.8821
110002,2024,302,Barletta,92787.0,149.3513
110003,2024,177,Bisceglie,53934.0,69.2439
110004,2024,44,Canosa di Puglia,28422.0,150.9317
110005,2024,25,Margherita di Savoia,11371.0,35.6977
110006,2024,9,Minervino Murge,8390.0,257.4065
110007,2024,24,San Ferdinando di Puglia,13734.0,41.2298
110008,2024,15,Spinazzola,6115.0,184.0052
110009,2024,165,Trani,54848.0,103.4118
110010,2024,46,Trinitapoli,14001.0,148.7657
111001,2024,3,Arbus,5961.0,269.1174
111003,2024,2,Ballao,740.0,46.6242
111004,2024,1,Barrali,1109.0,11.2269
111005,2024,2,Barumini,1200.0,26.3994
111006,2024,4,Buggerru,1040.0,48.3317
111007,2024,3,Burcei,2663.0,94.8516
111008,2024,3,Calasetta,2803.0,31.0599
111009,2024,64,Carbonia,26672.0,145.5415
111010,2024,3,Carloforte,5960.0,51.101
111011,2024,6,Castiadas,1652.0,103.8877
111013,2024,6,Decimoputzu,4202.0,44.7736
111014,2024,7,Dolianova,9473.0,84.3042
111015,2024,1,Domus de Maria,1619.0,97.136
111016,2024,4,Domusnovas,5895.0,80.592
111017,2024,3,Donori,1965.0,35.3087
111018,2024,2,Escalaplano,2084.0,94.0356
111020,2024,1,Esterzili,575.0,100.7428
111021,2024,2,Fluminimaggiore,2685.0,108.182
111022,2024,2,Furtei,1542.0,26.1114
111025,2024,1,Gergei,1147.0,36.1778
111027,2024,2,Gesturi,1175.0,46.8295
111028,2024,2,Giba,1909.0,30.4364
111029,2024,1,Goni,465.0,18.5982
111030,2024,8,Gonnesa,4751.0,48.0554
111031,2024,6,Gonnosfanadiga,6254.0,125.1869
111033,2024,4,Guasila,2531.0,43.5101
111034,2024,17,Guspini,11161.0,174.6654
111035,2024,51,Iglesias,25493.0,208.2299
111036,2024,2,Isili,2551.0,67.8361
111037,2024,3,Las Plassas,219.0,11.0416
111038,2024,3,Lunamatrona,1634.0,20.5853
111039,2024,3,Mandas,2053.0,45.0144
111040,2024,2,Masainas,1239.0,23.6861
111041,2024,14,Monastir,4495.0,31.7868
111042,2024,8,Muravera,5160.0,93.5065
111043,2024,2,Musei,1495.0,20.2739
111046,2024,1,Nurallao,1172.0,34.7617
111047,2024,8,Nuraminis,2364.0,45.1794
111048,2024,2,Nurri,2050.0,73.6723
111049,2024,3,Nuxis,1443.0,61.5918
111050,2024,1,Orroli,2056.0,75.5932
111051,2024,5,Ortacesus,874.0,23.6259
111052,2024,2,Pabillonis,2549.0,37.4236
111054,2024,2,Perdaxius,1318.0,29.4953
111057,2024,2,Portoscuso,4895.0,38.0899
111058,2024,1,Sadali,899.0,49.6103
111059,2024,3,Samassi,4911.0,42.0434
111060,2024,4,Samatzai,1556.0,31.1592
111062,2024,6,San Gavino Monreale,8189.0,87.3983
111063,2024,14,San Giovanni Suergiu,5707.0,72.3709
111064,2024,1,San Nicolò Gerrei,734.0,63.5145
111065,2024,13,San Sperate,8330.0,26.2413
111066,2024,4,San Vito,3434.0,231.6382
111067,2024,14,Sanluri,8175.0,84.2252
111068,2024,3,Santadi,3199.0,116.4841
111069,2024,1,Sant'Andrea Frius,1694.0,36.1629
111070,2024,6,Sant'Anna Arresi,2644.0,36.6787
111071,2024,12,Sant'Antioco,10767.0,87.8946
111072,2024,5,Sardara,3856.0,56.2294
111073,2024,1,Segariu,1108.0,16.6918
111074,2024,1,Selegas,1297.0,20.3934
111075,2024,4,Senorbì,4713.0,34.2889
111076,2024,3,Serdiana,2659.0,55.706
111077,2024,10,Serramanna,8693.0,83.8383
111078,2024,6,Serrenti,4614.0,42.7842
111081,2024,3,Seui,1218.0,148.2049
111084,2024,12,Siliqua,3623.0,189.8443
111085,2024,1,Silius,1097.0,38.3587
111087,2024,3,Soleminis,1819.0,12.7937
111088,2024,3,Suelli,1081.0,19.1982
111089,2024,1,Teulada,3364.0,246.1839
111090,2024,3,Tratalias,993.0,31.0024
111091,2024,1,Tuili,968.0,24.5857
111093,2024,3,Ussana,4017.0,32.8211
111094,2024,1,Ussaramanna,506.0,9.7603
111095,2024,1,Vallermosa,1830.0,61.7509
111096,2024,13,Villacidro,13412.0,183.475
111097,2024,1,Villamar,2499.0,38.5293
111098,2024,4,Villamassargia,3427.0,91.3876
111099,2024,2,Villanova Tulo,1017.0,40.4494
111102,2024,1,Villaperuccio,1015.0,36.4283
111103,2024,4,Villaputzu,4497.0,181.3074
111104,2024,1,Villasalto,999.0,130.3596
111105,2024,11,Villasimius,3688.0,57.9708
111106,2024,12,Villasor,6636.0,86.7935
111107,2024,3,Villaspeciosa,2549.0,27.1937
