area_id,year,total_accidents,city_name,population,area_km2,accidents_per_100k,accidents_per_km2
001001,2024,2,Agliè,2545.0,13.1462,78.58546168958742,0.15213521778156425
001002,2024,5,Airasca,3633.0,15.7393,137.62730525736308,0.31767613553334645
001003,2024,1,Ala di Stura,459.0,46.3315,217.86492374727672,0.02158358783980661
001004,2024,4,Albiano d'Ivrea,1638.0,11.7314,244.2002442002442,0.3409652726869768
001006,2024,2,Almese,6355.0,17.8756,31.471282454760033,0.11188435632929805
001008,2024,20,Alpignano,16484.0,11.9193,121.32977432661976,1.6779508863775559
001009,2024,2,Andezeno,2013.0,7.486,99.35419771485346,0.2671653753673524
001010,2024,1,Andrate,488.0,9.3085,204.91803278688525,0.10742869420422194
001012,2024,1,Arignano,1080.0,8.1668,92.5925925925926,0.12244698045746191
001013,2024,34,Avigliana,12351.0,23.2172,275.28135373653953,1.464431542132557
001014,2024,2,Azeglio,1235.0,9.9605,161.94331983805668,0.20079313287485567
001015,2024,2,Bairo,787.0,7.0859,254.12960609911056,0.28225066681720035
001016,2024,7,Balangero,3064.0,13.0063,228.45953002610966,0.5382007181135297
001017,2024,1,Baldissero Canavese,533.0,4.5064,187.6172607879925,0.22190662169359132
001018,2024,3,Baldissero Torinese,3671.0,15.4054,81.72160174339417,0.19473691043400365
001020,2024,1,Banchette,3112.0,2.0289,32.13367609254499,0.49287791414066734
001022,2024,7,Bardonecchia,3078.0,132.203,227.42040285899932,0.05294887408001331
001024,2024,33,Beinasco,17532.0,6.7343,188.22724161533196,4.900286592518896
001025,2024,1,Bibiana,3392.0,18.5979,29.481132075471695,0.05376951161152604
001027,2024,4,Bollengo,2097.0,14.2234,190.74868860276584,0.2812267109130025
001028,2024,14,Borgaro Torinese,11773.0,11.1039,118.91616410430646,1.2608182710579166
001030,2024,6,Borgofranco d'Ivrea,3590.0,13.4189,167.13091922005572,0.44713053976108325
001031,2024,1,Borgomasino,772.0,12.3712,129.5336787564767,0.08083290222452147
001032,2024,3,Borgone Susa,2187.0,4.9617,137.1742112482853,0.6046314771146986
001033,2024,3,Bosconero,3074.0,10.919,97.59271307742355,0.27475043502152213
001034,2024,5,Brandizzo,8798.0,6.2914,56.831097976812906,0.7947356709158534
001035,2024,6,Bricherasio,4564.0,22.7585,131.46362839614375,0.26363776171540304
001038,2024,8,Bruino,8475.0,5.5701,94.39528023598821,1.436239923879284
001039,2024,2,Brusasco,1482.0,14.3592,134.9527665317139,0.13928352554459858
001040,2024,2,Bruzolo,1487.0,12.5598,134.49899125756556,0.15923820443000686
001041,2024,4,Buriasco,1329.0,14.6868,300.97817908201654,0.27235340577933925
001043,2024,2,Busano,1622.0,5.0591,123.30456226880395,0.3953272321163843
001044,2024,9,Bussoleno,5703.0,37.0661,157.81167806417673,0.24280946741092266
001045,2024,3,Buttigliera Alta,6292.0,8.0973,47.679593134138585,0.3704938683264792
001046,2024,4,Cafasse,3334.0,10.2312,119.97600479904018,0.39096098209398705
001047,2024,8,Caluso,7344.0,39.4925,108.93246187363836,0.2025701082484016
001048,2024,5,Cambiano,5915.0,14.1314,84.53085376162299,0.3538219850828651
001050,2024,2,Candia Canavese,1219.0,9.1318,164.06890894175555,0.21901487110974835
001051,2024,6,Candiolo,5627.0,11.8499,106.62875422072153,0.5063333867796352
001054,2024,2,Cantoira,588.0,23.0319,340.1360544217687,0.0868360838662898
001055,2024,3,Caprie,2057.0,16.4078,145.84346135148274,0.1828398688428674
001057,2024,4,Carema,739.0,10.2579,541.2719891745603,0.3899433607268544
001058,2024,9,Carignano,9051.0,50.679,99.43652635067949,0.17758835020422659
001059,2024,71,Carmagnola,28399.0,95.7148,250.00880312687065,0.7417870590546081
001060,2024,1,Casalborgone,1862.0,20.125,53.70569280343716,0.049689440993788817
001061,2024,2,Cascinette d'Ivrea,1532.0,2.1726,130.54830287206266,0.9205560158335634
001062,2024,11,Caselette,3005.0,14.3136,366.0565723793677,0.7684998882181981
001063,2024,30,Caselle Torinese,13749.0,23.5513,218.1976871045167,1.273815033565026
001064,2024,8,Castagneto Po,1755.0,11.4732,455.84045584045583,0.6972771327964299
001065,2024,1,Castagnole Piemonte,2165.0,17.2796,46.18937644341801,0.057871709993286884
001066,2024,16,Castellamonte,9667.0,38.7063,165.51153408503157,0.4133693998134671
001067,2024,1,Castelnuovo Nigra,416.0,28.3756,240.3846153846154,0.03524154555322179
001068,2024,3,Castiglione Torinese,6446.0,14.1345,46.54049022649705,0.21224663058473947
001069,2024,4,Cavagnolo,2237.0,12.3285,178.8109074653554,0.32445147422638604
001070,2024,10,Cavour,5385.0,48.9591,185.70102135561746,0.20425212064764262
001072,2024,2,Ceres,1032.0,28.0516,193.7984496124031,0.07129718090946684
001073,2024,1,Ceresole Reale,167.0,99.8147,598.8023952095808,0.01001856439983289
001074,2024,5,Cesana Torinese,913.0,121.7001,547.6451259583789,0.041084600587838464
001075,2024,1,Chialamberto,353.0,35.4478,283.28611898017,0.02821049543272079
001076,2024,5,Chianocco,1569.0,18.6134,318.6743148502231,0.2686236797146142
001077,2024,1,Chiaverano,2021.0,12.0221,49.480455220188034,0.08318014323620665
001078,2024,65,Chieri,36001.0,54.1975,180.55054026277048,1.1993173116841183
001080,2024,4,Chiomonte,860.0,26.7549,465.1162790697674,0.14950532425836016
001081,2024,5,Chiusa di San Michele,1565.0,5.9165,319.4888178913738,0.8450942280064228
001082,2024,67,Chivasso,26497.0,51.2378,252.85881420538175,1.307628352505377
001086,2024,42,Ciriè,18261.0,17.7329,229.99835715459176,2.3684789289963852
001089,2024,3,Coazze,3171.0,56.5727,94.6073793755913,0.05302911121441968
001090,2024,138,Collegno,48747.0,18.0993,283.0943442673395,7.624604266463344
001093,2024,7,Condove,4427.0,71.1131,158.1206234470296,0.09843474690317255
001094,2024,3,Corio,3082.0,41.4914,97.3393900064893,0.07230414013506413
001096,2024,1,Cuceglio,937.0,6.8709,106.72358591248667,0.14554134101791613
001097,2024,8,Cumiana,7787.0,60.7335,102.73532811095416,0.1317230194209127
001098,2024,11,Cuorgnè,9413.0,19.3134,116.85966216934027,0.5695527457620098
001099,2024,10,Druento,8822.0,27.5395,113.35298118340512,0.3631147987436228
001100,2024,2,Exilles,244.0,46.5474,819.672131147541,0.0429669541155897
001101,2024,2,Favria,5122.0,14.8499,39.04724716907458,0.1346810416231759
001102,2024,2,Feletto,2178.0,7.8931,91.82736455463728,0.25338586867010426
001103,2024,2,Fenestrelle,483.0,49.4091,414.0786749482402,0.04047837341704261
001104,2024,6,Fiano,2640.0,12.0415,227.27272727272725,0.49827679275837733
001105,2024,1,Fiorano Canavese,751.0,4.3457,133.15579227696406,0.2301125250247371
001106,2024,7,Foglizzo,2255.0,15.6427,310.42128603104214,0.4474930798391582
001107,2024,1,Forno Canavese,3271.0,16.5003,30.57169061449098,0.06060495869772065
001109,2024,7,Front,1627.0,10.9482,430.2397049784881,0.6393745090517162
001110,2024,2,Frossasco,2841.0,20.1488,70.39774727208729,0.0992614944810609
001111,2024,4,Garzigliana,544.0,7.4018,735.2941176470588,0.5404090896808884
001112,2024,14,Gassino Torinese,9389.0,20.5108,149.11066141229097,0.6825672328724379
001113,2024,9,Germagnano,1117.0,14.4442,805.7296329453895,0.6230874676340676
001114,2024,4,Giaglione,594.0,33.3833,673.4006734006733,0.11982038923653444
001115,2024,15,Giaveno,16168.0,71.7376,92.77585353785254,0.2090953697921313
001116,2024,4,Givoletto,4003.0,12.8199,99.92505620784412,0.3120149143129041
001117,2024,2,Gravere,665.0,18.987,300.75187969924815,0.10533522936746195
001118,2024,1,Groscavallo,194.0,92.0935,515.4639175257732,0.010858529646500567
001119,2024,2,Grosso,973.0,4.3296,205.54984583761563,0.4619364375461936
001120,2024,61,Grugliasco,37201.0,13.1321,163.974086718099,4.645106266324503
001125,2024,54,Ivrea,22839.0,30.1075,236.43767240246945,1.7935730299759196
001126,2024,2,La Cassa,1766.0,12.0353,113.25028312570782,0.16617782689255772
001127,2024,14,La Loggia,8783.0,12.7929,159.39883866560402,1.0943570261629498
001128,2024,10,Lanzo Torinese,4878.0,10.2876,205.0020500205002,0.9720440141529609
001129,2024,1,Lauriano,1422.0,14.29,70.32348804500704,0.06997900629811057
001130,2024,35,Leini,16309.0,31.9191,214.60543258323625,1.0965221450479494
001132,2024,3,Lessolo,1795.0,7.9366,167.13091922005572,0.37799561525086306
001134,2024,1,Locana,1382.0,132.5173,72.3589001447178,0.007546184535905878
001135,2024,4,Lombardore,1669.0,12.7158,239.6644697423607,0.31456927601881124
001136,2024,1,Lombriasco,1066.0,7.2096,93.80863039399625,0.1387039502885042
001139,2024,6,Luserna San Giovanni,7096.0,17.7414,84.55467869222096,0.33819202543204036
001141,2024,2,Lusigliè,547.0,5.2585,365.6307129798903,0.3803365978891319
001142,2024,1,Macello,1151.0,14.1404,86.88097306689835,0.07071935730248084
001144,2024,2,Marentino,1306.0,11.2593,153.1393568147014,0.17763093620384926
001146,2024,11,Mathi,3795.0,7.0706,289.8550724637681,1.5557378440302096
001150,2024,2,Mercenasco,1283.0,12.6383,155.8846453624318,0.1582491316078903
001154,2024,1,Mompantero,639.0,30.3332,156.49452269170578,0.03296717787770496
001155,2024,1,Monastero di Lanzo,331.0,17.6554,302.11480362537765,0.05663989487635511
001156,2024,175,Moncalieri,56319.0,47.5288,310.7299490402884,3.681978084866439
001159,2024,2,Montalenghe,985.0,6.4681,203.04568527918784,0.3092098143195065
001160,2024,5,Montalto Dora,3349.0,7.3567,149.29829799940282,0.6796525616105047
001161,2024,4,Montanaro,5119.0,20.9036,78.14026176987693,0.19135459920779196
001162,2024,4,Monteu da Po,842.0,7.3896,475.05938242280286,0.5413012882970661
001163,2024,1,Moriondo Torinese,852.0,6.4895,117.37089201877934,0.15409507666230066
001164,2024,120,Nichelino,46512.0,20.5627,257.99793601651186,5.83580949972523
001166,2024,8,Nole,6770.0,11.353,118.16838995568685,0.7046595613494231
001168,2024,5,,7849.0,24.6422,63.70238246910434,0.20290396149694429
001171,2024,72,Orbassano,23061.0,22.2078,312.21542864576554,3.2421041255775
001173,2024,1,Osasco,1173.0,5.4885,85.25149190110827,0.1821991436640248
001175,2024,6,Oulx,3264.0,99.7857,183.8235294117647,0.06012885613870524
001176,2024,3,Ozegna,1187.0,5.4058,252.7379949452401,0.5549594879573791
001177,2024,1,Palazzo Canavese,842.0,5.0819,118.76484560570071,0.1967767960802062
001178,2024,1,Pancalieri,2005.0,15.8878,49.87531172069825,0.06294137640201916
001179,2024,1,Parella,419.0,2.6886,238.66348448687353,0.37194078702670536
001180,2024,1,Pavarolo,1124.0,4.4056,88.9679715302491,0.22698383875068096
001181,2024,4,Pavone Canavese,3680.0,11.54,108.69565217391305,0.3466204506065858
001183,2024,4,Pecetto Torinese,3992.0,9.173,100.2004008016032,0.43606235691703915
001184,2024,2,Perosa Argentina,3133.0,26.0906,63.83657835939994,0.07665596038419968
001185,2024,1,Perosa Canavese,521.0,4.708,191.93857965451056,0.21240441801189464
001186,2024,1,Perrero,600.0,63.183,166.66666666666669,0.015827042084104903
001188,2024,3,Pessinetto,629.0,5.3498,476.94753577106513,0.5607686268645556
001189,2024,39,Pianezza,15446.0,16.4634,252.49255470672017,2.368890994569773
001190,2024,4,Pinasca,2843.0,34.7183,140.6964474147028,0.11521301446211364
001191,2024,82,Pinerolo,35480.0,50.3376,231.1161217587373,1.6290009853469374
001192,2024,6,Pino Torinese,8281.0,21.8196,72.45501750996257,0.27498212616179946
001193,2024,3,Piobesi Torinese,3823.0,19.6488,78.47240387130526,0.15268107976059606
001194,2024,29,Piossasco,18102.0,40.1459,160.2032924538725,0.7223651730313682
001195,2024,3,Piscina,3335.0,9.9034,89.95502248875562,0.30292626774643056
001196,2024,1,Piverone,1333.0,11.0343,75.01875468867217,0.09062650100142283
001197,2024,19,Poirino,10202.0,75.6186,186.2379925504803,0.2512609331566572
001199,2024,3,Pont Canavese,3116.0,19.0609,96.27727856225931,0.157390259641465
001200,2024,1,Porte,1076.0,4.4476,92.93680297397769,0.22484036334202714
001201,2024,1,Pragelato,762.0,89.2017,131.23359580052494,0.01121054867788394
001203,2024,1,Pralormo,1891.0,29.8455,52.882072977260705,0.03350588865993198
001205,2024,2,Prarostino,1250.0,10.5052,160.0,0.19038190610364392
001208,2024,3,Quagliuzzo,327.0,2.038,917.4311926605506,1.4720314033366046
001209,2024,1,Quassolo,338.0,3.9559,295.85798816568047,0.2527869764149751
001210,2024,1,Quincinetto,997.0,17.7879,100.30090270812437,0.05621799088144188
001211,2024,1,Reano,1763.0,6.6658,56.72149744753262,0.15001950253532959
001213,2024,2,Rivalba,1124.0,10.8334,177.9359430604982,0.1846142485277014
001214,2024,54,Rivalta di Torino,20127.0,25.1076,268.2963183782978,2.1507432012617693
001215,2024,10,Riva presso Chieri,4734.0,35.8318,211.23785382340515,0.27908170954291994
001216,2024,1,Rivara,2527.0,12.5838,39.57261574990107,0.07946725154563804
001217,2024,29,Rivarolo Canavese,12302.0,32.2459,235.7340269874817,0.8993391407899919
001218,2024,2,Rivarossa,1542.0,10.8733,129.70168612191958,0.1839367993157551
001219,2024,166,Rivoli,47807.0,29.4998,347.22948522182946,5.627156794283351
001220,2024,12,Robassomero,3042.0,8.5756,394.47731755424064,1.3993189980875975
001222,2024,1,Roletto,1962.0,9.7039,50.96839959225281,0.10305135048794814
001223,2024,3,Romano Canavese,2606.0,11.2106,115.11895625479663,0.26760387490410864
001225,2024,7,Rondissone,1867.0,10.6877,374.9330476700589,0.6549585037005156
001228,2024,4,Rosta,5044.0,9.065,79.30214115781126,0.441257584114727
001229,2024,2,Rubiana,2352.0,26.9371,85.03401360544217,0.07424704218345701
001231,2024,3,Salassa,1809.0,4.9519,165.8374792703151,0.6058280659948706
001232,2024,4,Salbertrand,609.0,38.3198,656.8144499178982,0.10438467841690197
001235,2024,2,Samone,1501.0,2.433,133.24450366422386,0.8220304151253597
001236,2024,6,San Benigno Canavese,5955.0,22.2318,100.75566750629723,0.2698836801338623
001237,2024,6,San Carlo Canavese,3980.0,20.9068,150.7537688442211,0.28698796563797424
001239,2024,1,San Didero,512.0,3.3037,195.3125,0.3026909222992402
001240,2024,2,San Francesco al Campo,4839.0,14.9796,41.33085348212441,0.13351491361585088
001241,2024,2,Sangano,3683.0,6.6513,54.30355688297583,0.30069309758994484
001242,2024,1,San Germano Chisone,1707.0,15.8616,58.58230814294083,0.06304534221011752
001243,2024,3,San Gillio,3173.0,8.8866,94.54774661203908,0.3375869286341233
001244,2024,4,San Giorgio Canavese,2520.0,20.4049,158.73015873015873,0.19603134541213138
001245,2024,6,San Giorio di Susa,978.0,19.7366,613.4969325153374,0.30400372911241047
001246,2024,3,San Giusto Canavese,3247.0,9.6132,92.39297813366184,0.31207090250905
001247,2024,1,San Martino Canavese,811.0,9.7933,123.30456226880395,0.10211062665291576
001248,2024,20,San Maurizio Canavese,10144.0,17.3442,197.16088328075708,1.1531232342800475
001249,2024,24,San Mauro Torinese,18589.0,12.5517,129.1086126203669,1.912091589187122
001252,2024,2,San Raffaele Cimena,3098.0,11.152,64.55777921239509,0.1793400286944046
001253,2024,7,San Sebastiano da Po,1855.0,16.5766,377.35849056603774,0.4222820119928092
001254,2024,6,San Secondo di Pinerolo,3615.0,12.5719,165.97510373443984,0.47725483021659415
001255,2024,12,Sant'Ambrogio di Torino,4597.0,8.3683,261.03980857080705,1.4339830073013635
001256,2024,2,Sant'Antonino di Susa,4060.0,9.7945,49.26108374384236,0.20419623257950892
001257,2024,10,Santena,10556.0,16.1983,94.732853353543,0.6173487341264207
001258,2024,1,Sauze di Cesana,250.0,78.2772,400.0,0.012775112037732572
001259,2024,1,Sauze d'Oulx,1081.0,17.3112,92.50693802035153,0.05776607052081889
001260,2024,3,Scalenghe,3226.0,31.6768,92.99442033477992,0.09470653601373877
001261,2024,6,Scarmagno,806.0,8.0308,744.4168734491315,0.7471235742391792
001262,2024,1,Sciolze,1432.0,11.3557,69.83240223463687,0.08806150215310372
001263,2024,2,Sestriere,922.0,25.9158,216.91973969631238,0.07717299871121092
001265,2024,122,Settimo Torinese,46348.0,31.4505,263.22602917062227,3.879111619847061
001266,2024,2,Settimo Vittone,1513.0,23.2604,132.18770654329145,0.08598304414369486
001267,2024,1,Sparone,933.0,29.6785,107.18113612004286,0.033694425257341176
001269,2024,9,Strambino,6092.0,22.4686,147.73473407747866,0.40055900234104486
001270,2024,21,Susa,5992.0,10.9879,350.46728971962614,1.9111932216347074
001271,2024,1,Tavagnasco,774.0,8.6751,129.19896640826875,0.11527244642713051
001272,2024,2968,Torino,858205.0,130.0645,345.8381156017502,22.81944727423701
001273,2024,6,Torrazza Piemonte,2974.0,9.8238,201.74848688634836,0.6107616197398156
001274,2024,3,Torre Canavese,616.0,5.4545,487.012987012987,0.550004583371528
001275,2024,5,Torre Pellice,4554.0,21.0981,109.79358805445763,0.23698816481104934
001276,2024,1,Trana,3788.0,16.4059,26.399155227032733,0.06095368129758197
001279,2024,2,Traves,506.0,10.4544,395.2569169960474,0.19130700948882767
001280,2024,4,Trofarello,10611.0,12.3475,37.6967298086891,0.32395221704798544
001281,2024,3,Usseaux,180.0,37.9669,1666.6666666666667,0.07901619568624249
001284,2024,2,Val della Torre,3965.0,36.5253,50.441361916771754,0.05475656599672008
001286,2024,2,Vallo Torinese,788.0,6.0792,253.80710659898475,0.3289906566653507
001287,2024,2,Valperga,2991.0,11.9094,66.86726847208291,0.1679345726904798
001289,2024,3,Varisella,845.0,22.5579,355.0295857988165,0.13299110289521632
001291,2024,2,Venaus,877.0,19.1435,228.05017103762827,0.1044741034815995
001292,2024,71,Venaria Reale,32682.0,20.4424,217.24496664830795,3.4731734042969515
001293,2024,8,Verolengo,4766.0,29.4882,167.85564414603442,0.27129495866143066
001294,2024,3,Verrua Savoia,1340.0,31.9431,223.8805970149254,0.09391699615879485
001295,2024,4,Vestignè,765.0,12.0691,522.875816993464,0.3314248784084977
001299,2024,6,Vigone,5070.0,41.1543,118.34319526627219,0.14579278471508444
001300,2024,2,Villafranca Piemonte,4489.0,50.7854,44.55335263978615,0.039381397015677735
001301,2024,1,Villanova Canavese,1194.0,4.0306,83.75209380234506,0.24810201955043915
001302,2024,3,Villarbasse,3467.0,10.4088,86.53014133256418,0.28821766197832605
001303,2024,6,Villar Dora,2785.0,5.7067,215.43985637342908,1.0513957278286927
001304,2024,5,Villareggia,996.0,11.4091,502.00803212851406,0.43824666275166313
001305,2024,2,Villar Focchiardo,1948.0,25.6868,102.6694045174538,0.07786100253826868
001306,2024,1,Villar Pellice,1045.0,60.2927,95.69377990430623,0.016585755821185648
001307,2024,3,Villar Perosa,3888.0,11.4228,77.1604938271605,0.26263262947788635
001308,2024,6,Villastellone,4504.0,19.8767,133.21492007104797,0.30186097289791564
001309,2024,11,Vinovo,15070.0,17.6941,72.99270072992701,0.6216761519376516
001310,2024,1,Virle Piemonte,1151.0,14.0573,86.88097306689835,0.07113741614677072
001311,2024,3,Vische,1189.0,17.0748,252.3128679562658,0.1756975191510296
001313,2024,3,Viù,1021.0,84.1119,293.8295788442703,0.035666772478091684
001314,2024,29,Volpiano,15167.0,32.4629,191.20458891013385,0.8933274599619875
001315,2024,8,Volvera,8495.0,20.9827,94.17304296645085,0.3812664719030439
001316,2024,7,Mappano,7354.0,9.7589,95.18629317378297,0.7172939573107624
001317,2024,1,Val di Chy,1236.0,13.831,80.90614886731392,0.07230135203528307
001318,2024,1,Valchiusa,987.0,49.6245,101.31712259371835,0.020151336537395845
002003,2024,1,Albano Vercellese,309.0,13.7804,323.62459546925567,0.07256683405416388
002004,2024,14,Alice Castello,2506.0,24.565,558.659217877095,0.5699165479340524
002006,2024,2,Arborio,844.0,23.3101,236.96682464454977,0.0857997177189287
002007,2024,3,Asigliano Vercellese,1389.0,26.3156,215.98272138228944,0.1140008208059098
002008,2024,2,Balmuccia,117.0,9.7885,1709.4017094017095,0.2043213975583593
002009,2024,2,Balocco,220.0,16.8079,909.090909090909,0.1189916646338924
002011,2024,6,Bianzè,1848.0,41.8058,324.6753246753247,0.14352075549325694
002015,2024,4,Borgo d'Ale,2260.0,39.5707,176.99115044247787,0.10108489362078507
002016,2024,28,Borgosesia,12250.0,41.0901,228.57142857142858,0.6814293467282874
002017,2024,11,Borgo Vercelli,2228.0,19.2949,493.7163375224416,0.5700988344070195
002021,2024,2,Buronzo,837.0,25.0776,238.94862604540023,0.07975244840016589
002025,2024,1,Campertogno,214.0,34.1364,467.28971962616816,0.0292942430953469
002030,2024,3,Caresana,1039.0,24.1087,288.73917228103943,0.12443640677431798
002031,2024,3,Caresanablot,1096.0,11.0218,273.7226277372263,0.27218784590538747
002032,2024,5,Carisio,766.0,30.1062,652.7415143603133,0.16607874789910385
002041,2024,1,Cervatto,52.0,9.538,1923.076923076923,0.10484378276368211
002042,2024,6,Cigliano,4283.0,25.3078,140.08872285780996,0.23708105801373489
002043,2024,1,Civiasco,239.0,7.3878,418.41004184100416,0.13535829340263678
002047,2024,1,Costanzana,748.0,20.9676,133.6898395721925,0.047692630534729774
002049,2024,1,Crescentino,7611.0,48.2233,13.138877939823939,0.020736863715257976
002052,2024,1,Crova,394.0,14.0162,253.80710659898475,0.07134601389820351
002054,2024,2,Desana,1061.0,16.4768,188.5014137606032,0.12138279277529616
002059,2024,5,Formigliana,495.0,16.7629,1010.1010101010102,0.2982777443043865
002061,2024,11,Gattinara,7572.0,33.6659,145.27205493924987,0.3267401138837815
002062,2024,4,Ghislarengo,814.0,12.503,491.4004914004914,0.31992321842757737
002065,2024,1,Greggio,340.0,11.8817,294.11764705882354,0.08416304064233232
002066,2024,1,Guardabosone,339.0,6.0875,294.9852507374631,0.16427104722792607
002070,2024,4,Lignana,526.0,22.574,760.4562737642585,0.17719500310091255
002071,2024,7,Livorno Ferraris,4183.0,58.028,167.3440114750179,0.12063141931481354
002079,2024,2,Moncrivello,1380.0,20.1818,144.92753623188406,0.0990991883776472
002090,2024,3,Palazzolo Vercellese,1098.0,13.9396,273.224043715847,0.21521420987689746
002093,2024,2,Pezzana,1266.0,17.3517,157.9778830963665,0.11526248148596391
002097,2024,2,Piode,186.0,13.5976,1075.268817204301,0.14708477966700007
002104,2024,3,Prarolo,719.0,11.5388,417.2461752433936,0.2599923735570423
002107,2024,3,Quarona,3878.0,16.156,77.35946364105209,0.18568952711067097
002108,2024,5,Quinto Vercellese,395.0,10.9022,1265.8227848101264,0.4586230302140852
002116,2024,2,Roasio,2283.0,27.916,87.60402978537013,0.07164350193437455
002118,2024,1,Ronsecco,544.0,24.4754,183.8235294117647,0.040857350645954714
002122,2024,1,Rovasenda,912.0,29.2681,109.64912280701753,0.03416689159870302
002126,2024,2,Salasco,201.0,12.1875,995.0248756218905,0.1641025641025641
002128,2024,1,Saluggia,3792.0,31.5981,26.371308016877634,0.03164747247461082
002131,2024,2,San Germano Vercellese,1474.0,30.6327,135.68521031207598,0.06528970675128212
002133,2024,21,Santhià,8122.0,53.1294,258.55700566362964,0.39526138070446876
002137,2024,8,Serravalle Sesia,4717.0,20.9053,169.5993216027136,0.38267807685132477
002142,2024,3,Stroppiana,1178.0,18.314,254.6689303904924,0.16380910778639293
002148,2024,6,Trino,6771.0,70.6054,88.61320336730172,0.08497933585816382
002150,2024,7,Tronzano Vercellese,3383.0,44.7508,206.9169376293231,0.1564217846384869
002152,2024,9,Valduggia,1882.0,28.4259,478.21466524973437,0.3166126666174158
002156,2024,7,Varallo,6931.0,102.973,100.99552734093204,0.06797898478241869
002158,2024,174,Vercelli,45425.0,79.7743,383.04898183819483,2.1811535795362667
002163,2024,5,Villarboit,398.0,25.5109,1256.281407035176,0.1959946532658589
002164,2024,1,Villata,1517.0,14.5822,65.91957811470006,0.06857675796519043
003001,2024,1,Agrate Conturbia,1551.0,14.5364,64.47453255963894,0.06879282353264907
003002,2024,2,Ameno,884.0,9.9965,226.24434389140274,0.20007002450857803
003006,2024,7,Armeno,2102.0,31.5154,333.01617507136064,0.2221136333348141
003008,2024,33,Arona,13796.0,15.1698,239.19976804870976,2.1753747577423566
003016,2024,9,Bellinzago Novarese,9455.0,39.1786,95.18773135906928,0.22971724359726992
003018,2024,3,Biandrate,1328.0,12.4536,225.9036144578313,0.24089419926768163
003019,2024,1,Boca,1129.0,9.608,88.57395925597875,0.10407993338884262
003023,2024,1,Borgolavezzaro,1967.0,21.0913,50.838840874428065,0.047412914329605094
003024,2024,57,Borgomanero,21383.0,32.2699,266.566898938409,1.766351925478542
003025,2024,11,Borgo Ticino,5159.0,13.3738,213.21961620469082,0.8225037012666557
003026,2024,7,Briga Novarese,2801.0,4.7479,249.91074616208496,1.4743360222414121
003027,2024,5,Briona,1087.0,24.7562,459.9816007359705,0.20196960761344632
003030,2024,8,Caltignaga,2504.0,22.3213,319.4888178913738,0.3584020643958909
003032,2024,20,Cameri,10708.0,39.985,186.77624206200971,0.5001875703388771
003036,2024,5,Carpignano Sesia,2463.0,14.6557,203.00446609825417,0.3411641886774429
003037,2024,3,Casalbeltrame,981.0,16.0407,305.81039755351685,0.18702425704613887
003040,2024,11,Casalino,1526.0,39.4901,720.8387942332897,0.27855082666288516
003041,2024,2,Casalvolone,872.0,17.4849,229.35779816513764,0.11438441169237457
003043,2024,28,Castelletto sopra Ticino,9820.0,14.6411,285.132382892057,1.9124246129047682
003044,2024,1,Cavaglietto,386.0,6.4855,259.0673575129534,0.1541901164135379
003049,2024,5,Cerano,6645.0,32.6332,75.24454477050413,0.15321819496708872
003052,2024,5,Comignago,1222.0,4.4493,409.1653027823241,1.123772278785427
003055,2024,3,Cressa,1619.0,7.1035,185.2995676343422,0.42232702189061727
003058,2024,6,Cureggio,2587.0,8.5068,231.92887514495555,0.7053180984624066
003060,2024,1,Divignano,1400.0,5.0977,71.42857142857143,0.19616689879749694
003062,2024,11,Dormelletto,2561.0,7.2522,429.5197188598204,1.51678111469623
003065,2024,2,Fara Novarese,1977.0,9.2147,101.16337885685383,0.21704450497574526
003066,2024,13,Fontaneto d'Agogna,2579.0,21.1702,504.07134548274524,0.6140707220526966
003068,2024,38,Galliate,15516.0,29.3662,244.90848156741427,1.2940046720379212
003069,2024,1,Garbagna Novarese,1400.0,10.0494,71.42857142857143,0.09950842836388242
003073,2024,3,Ghemme,3373.0,20.6442,88.94159501927068,0.14531926642834306
003076,2024,23,Gozzano,5403.0,12.5821,425.6894317971497,1.8279937371345005
003077,2024,1,Granozzo con Monticello,1336.0,19.5208,74.8502994011976,0.05122740871275767
003079,2024,7,Grignasco,4307.0,14.3337,162.526120269329,0.4883596001032532
003082,2024,9,Invorio,4297.0,17.3717,209.4484524086572,0.5180840102004985
003084,2024,3,Lesa,2165.0,13.5806,138.56812933025404,0.22090334742205792
003088,2024,2,Maggiora,1601.0,10.6587,124.92192379762648,0.1876401437323501
003091,2024,5,Marano Ticino,1586.0,7.7879,315.2585119798235,0.6420215976065435
003093,2024,5,Massino Visconti,1124.0,6.8639,444.8398576512456,0.7284488410378939
003095,2024,8,Meina,2400.0,7.5349,333.33333333333337,1.0617261012090407
003098,2024,2,Miasino,796.0,5.521,251.25628140703517,0.3622532149972831
003100,2024,8,Momo,2412.0,23.5907,331.6749585406302,0.3391166858126296
003103,2024,3,Nebbiuno,1770.0,8.2651,169.4915254237288,0.36297201485765446
003104,2024,2,Nibbiola,800.0,11.3421,250.0,0.1763341885541478
003106,2024,413,Novara,102225.0,103.0492,404.01076057715824,4.007794335133121
003108,2024,33,Oleggio,14148.0,37.7943,233.24851569126378,0.8731475381208278
003109,2024,6,Oleggio Castello,2149.0,5.9351,279.1996277338297,1.0109349463362032
003112,2024,6,Orta San Giulio,1279.0,6.65,469.11649726348713,0.9022556390977443
003114,2024,6,Paruzzaro,2147.0,5.2272,279.4597112249651,1.1478420569329661
003115,2024,3,Pella,891.0,8.1345,336.70033670033666,0.3687995574405311
003116,2024,4,Pettenasco,1312.0,7.0713,304.8780487804878,0.565666850508393
003119,2024,2,Pisano,809.0,2.7659,247.2187886279357,0.723091941140316
003120,2024,2,Pogno,1370.0,9.8653,145.98540145985402,0.20273078365584424
003121,2024,4,Pombia,2131.0,12.2966,187.70530267480055,0.325293170469886
003122,2024,2,Prato Sesia,1844.0,12.126,108.45986984815619,0.16493485073396008
003129,2024,3,Recetto,941.0,8.8526,318.8097768331562,0.33888349185550004
003130,2024,10,Romagnano Sesia,3751.0,17.9764,266.5955745134631,0.5562849068779065
003131,2024,7,Romentino,5595.0,17.6906,125.11170688114387,0.3956903666353883
003133,2024,3,San Maurizio d'Opaglio,3001.0,8.5099,99.96667777407531,0.3525305820279909
003135,2024,13,San Pietro Mosezzo,2019.0,34.8992,643.8831104507182,0.37250137538969375
003139,2024,1,Sizzano,1382.0,10.7543,72.3589001447178,0.09298606138939772
003141,2024,1,Sozzago,1089.0,12.9144,91.82736455463728,0.07743294307130025
003143,2024,11,Suno,2708.0,21.3271,406.2038404726735,0.5157757032132826
003146,2024,1,Tornaco,882.0,13.2408,113.37868480725623,0.07552413751434958
003149,2024,52,Trecate,20395.0,38.2224,254.96445207158618,1.360458788563774
003153,2024,3,Vaprio d'Agogna,962.0,10.0123,311.85031185031187,0.29963145331242574
003154,2024,6,Varallo Pombia,4847.0,13.612,123.78791004745203,0.44078754040552454
003158,2024,2,Vespolate,2006.0,17.7798,99.70089730807577,0.11248720458047896
003159,2024,2,Vicolungo,868.0,13.2939,230.4147465437788,0.15044494091274946
003164,2024,1,Vinzaglio,538.0,15.4636,185.87360594795538,0.06466799451615407
003166,2024,18,Gattico-Veruno,5231.0,26.1601,344.10246606767345,0.6880707642554883
004002,2024,3,Aisone,210.0,36.9173,1428.5714285714284,0.08126271422883038
004003,2024,49,Alba,31250.0,53.5853,156.79999999999998,0.9144298902870751
004005,2024,1,Alto,139.0,7.4616,719.4244604316547,0.1340195132411279
004006,2024,3,Argentera,78.0,76.2591,3846.153846153846,0.03933956734343835
004008,2024,2,Bagnasco,995.0,30.949,201.00502512562815,0.06462244337458399
004009,2024,7,Bagnolo Piemonte,5838.0,63.2505,119.9040767386091,0.11067106188883882
004010,2024,5,Baldissero d'Alba,1049.0,15.3257,476.6444232602479,0.32624937196995896
004011,2024,1,Barbaresco,617.0,7.7637,162.07455429497568,0.1288045648337777
004012,2024,10,Barge,7497.0,81.9923,133.38668800853674,0.12196267210457568
004013,2024,3,Barolo,682.0,5.6892,439.8826979472141,0.5273149124657246
004014,2024,2,Bastia Mondovì,639.0,12.0006,312.98904538341156,0.16665833374997915
004016,2024,1,Beinette,3426.0,17.6865,29.18855808523059,0.056540299098182235
004019,2024,4,Bene Vagienna,3634.0,48.9673,110.0715465052284,0.08168716674188693
004022,2024,6,Bernezzo,4207.0,25.8445,142.61944378416925,0.2321577124726731
004024,2024,1,Borgomale,385.0,8.4778,259.7402597402597,0.11795512986859798
004025,2024,21,Borgo San Dalmazzo,12439.0,22.3397,168.82386043894203,0.9400305286105005
004028,2024,11,Boves,9636.0,50.9483,114.15525114155251,0.21590514305678501
004029,2024,81,Bra,29568.0,59.5298,273.9448051948052,1.3606630628693528
004033,2024,2,Brossasco,1009.0,28.0639,198.21605550049554,0.07126593239000995
004034,2024,16,Busca,10078.0,76.7643,158.76165905933718,0.20843022081879206
004037,2024,5,Canale,5512.0,17.8655,90.711175616836,0.2798690212980325
004040,2024,13,Caraglio,6763.0,41.6759,192.22238651486026,0.3119308761178523
004041,2024,6,Caramagna Piemonte,3032.0,26.3287,197.8891820580475,0.22788819805003663
004042,2024,2,Cardè,1138.0,19.3047,175.7469244288225,0.10360171357234249
004043,2024,5,Carrù,4313.0,25.838,115.92858798979829,0.19351342983203035
004044,2024,1,Cartignano,171.0,6.4192,584.7953216374269,0.1557826520438684
004045,2024,3,Casalgrasso,1403.0,17.8066,213.82751247327158,0.16847685689575775
004046,2024,5,Castagnito,2206.0,7.1148,226.65457842248412,0.7027604430201833
004047,2024,1,Casteldelfino,152.0,33.9513,657.8947368421052,0.029453953162323677
004049,2024,4,Castelletto Stura,1362.0,17.1301,293.6857562408223,0.23350710153472545
004054,2024,1,Castelnuovo di Ceva,100.0,6.2621,1000.0,0.15969083853659316
004055,2024,1,Castiglione Falletto,701.0,4.7202,142.65335235378032,0.21185542985466715
004057,2024,2,Castino,463.0,15.5227,431.9654427645789,0.12884356458605783
004058,2024,3,Cavallerleone,668.0,16.4378,449.1017964071856,0.18250617479224715
004059,2024,14,Cavallermaggiore,5447.0,51.5946,257.0222140627868,0.2713462261554504
004061,2024,10,Centallo,6877.0,42.4848,145.41224371092048,0.23537830000376606
004062,2024,1,Ceresole Alba,2007.0,37.0496,49.82561036372695,0.026990844705475903
004063,2024,1,Cerretto Langhe,410.0,10.1423,243.90243902439025,0.09859696518541158
004064,2024,6,Cervasca,5143.0,18.2419,116.663426015944,0.32891310663911105
004065,2024,6,Cervere,2242.0,18.5961,267.6181980374665,0.3226482972236114
004066,2024,14,Ceva,5592.0,43.1656,250.3576537911302,0.3243323387141613
004067,2024,26,Cherasco,9401.0,81.5351,276.56632273162427,0.31888107085169454
004068,2024,3,Chiusa di Pesio,3577.0,95.0188,83.86916410399776,0.031572699297402196
004071,2024,4,Clavesana,812.0,17.1508,492.61083743842363,0.2332252722905054
004072,2024,3,Corneliano d'Alba,2120.0,10.0878,141.50943396226415,0.2973889252364242
004073,2024,2,Cortemilia,2244.0,24.9874,89.12655971479501,0.08004034033152709
004075,2024,5,Costigliole Saluzzo,3333.0,15.3423,150.01500150015,0.32589637798765503
004078,2024,220,Cuneo,55822.0,119.6691,394.10984916341226,1.8384027288581597
004079,2024,5,Demonte,1895.0,127.3063,263.8522427440633,0.03927535400840336
004080,2024,1,Diano d'Alba,3604.0,17.5432,27.74694783573807,0.05700214328058736
004081,2024,7,Dogliani,4572.0,35.6829,153.1058617672791,0.1961723963018701
004082,2024,7,Dronero,6981.0,58.9574,100.27216731127346,0.11872979473314631
004085,2024,1,Envie,1946.0,24.9305,51.38746145940391,0.04011150999779387
004086,2024,2,Farigliano,1694.0,16.4418,118.06375442739079,0.12164118283886192
004087,2024,3,Faule,467.0,7.03,642.3982869379015,0.4267425320056899
004089,2024,55,Fossano,24333.0,130.1434,226.03049356840506,0.4226107509101498
004090,2024,1,Frabosa Soprana,743.0,47.1437,134.58950201884252,0.021211741971885956
004091,2024,1,Frabosa Sottana,1588.0,37.6433,62.97229219143577,0.026565152364431383
004092,2024,1,Frassino,264.0,17.0106,378.7878787878788,0.05878687406675837
004093,2024,3,Gaiola,566.0,4.9691,530.035335689046,0.6037310579380571
004095,2024,6,Garessio,2902.0,131.281,206.7539627842867,0.045703490984986404
004096,2024,3,Genola,2605.0,13.7224,115.16314779270634,0.21862064944907597
004099,2024,5,Govone,2260.0,18.9108,221.23893805309734,0.26439917930494744
004100,2024,1,Grinzane Cavour,1995.0,3.8082,50.12531328320802,0.2625912504595347
004101,2024,3,Guarene,3516.0,13.4459,85.32423208191126,0.22311634029704222
004104,2024,3,Lagnasco,1460.0,17.7124,205.4794520547945,0.16937286872473523
004105,2024,3,La Morra,2717.0,24.1658,110.41589988958411,0.12414238303718478
004107,2024,1,Lequio Tanaro,746.0,12.2004,134.04825737265415,0.081964525753254
004111,2024,1,Lisio,189.0,8.2287,529.1005291005291,0.1215258789359194
004113,2024,2,Magliano Alfieri,2194.0,9.5,91.15770282588879,0.21052631578947367
004114,2024,7,Magliano Alpi,2170.0,33.2204,322.5806451612903,0.21071389868875753
004116,2024,6,Manta,3782.0,11.7345,158.64621893178213,0.5113127956027099
004117,2024,7,Marene,3271.0,28.9869,214.00183430143687,0.24148839648254902
004118,2024,1,Margarita,1426.0,11.3762,70.12622720897616,0.08790281464812502
004119,2024,1,Marmora,53.0,41.1258,1886.7924528301885,0.024315636413151844
004122,2024,4,Melle,292.0,27.9056,1369.86301369863,0.14334040479330315
004124,2024,1,Mombarcaro,263.0,20.5111,380.22813688212926,0.048754089249235785
004126,2024,1,Monastero di Vasco,1266.0,17.4382,78.98894154818325,0.05734536821460931
004128,2024,1,Monasterolo di Savigliano,1372.0,14.9114,72.8862973760933,0.06706278417854795
004130,2024,44,Mondovì,22233.0,87.0516,197.9040165519723,0.505447343874208
004131,2024,1,Monesiglio,592.0,12.933,168.91891891891893,0.07732158045310446
004132,2024,2,Monforte d'Alba,1963.0,25.2745,101.88487009679062,0.07913114008190072
004136,2024,2,Montanera,726.0,11.6271,275.4820936639118,0.17201193762847142
004141,2024,3,Montezemolo,237.0,6.9363,1265.8227848101264,0.4325072444963453
004142,2024,3,Monticello d'Alba,2343.0,10.2358,128.04097311139563,0.29308896226968095
004143,2024,6,Moretta,4076.0,23.9934,147.20314033366046,0.25006876891145063
004144,2024,4,Morozzo,1990.0,22.1919,201.00502512562815,0.18024594559276133
004146,2024,2,Murello,942.0,17.3282,212.31422505307856,0.11541879710529658
004147,2024,4,Narzole,3469.0,26.1826,115.30700490054771,0.15277321579980596
004148,2024,6,Neive,3350.0,21.3028,179.1044776119403,0.2816531160223069
004151,2024,2,Niella Tanaro,974.0,15.707,205.3388090349076,0.12733176290825746
004155,2024,5,Ormea,1491.0,124.4931,335.345405767941,0.040162868464196005
004157,2024,3,Paesana,2629.0,58.2693,114.11182959300113,0.05148508734445068
004158,2024,2,Pagno,571.0,8.6797,350.2626970227671,0.23042271046234317
004160,2024,4,Paroldo,198.0,12.4249,2020.2020202020203,0.3219341805567852
004163,2024,9,Peveragno,5542.0,67.9186,162.3962468422952,0.13251156531495054
004165,2024,1,Pianfei,2102.0,15.3103,47.57373929590866,0.06531550655441108
004166,2024,5,Piasco,2703.0,10.6214,184.9796522382538,0.4707477357033913
004167,2024,1,Pietraporzio,74.0,55.1856,1351.3513513513515,0.018120669160070744
004168,2024,1,Piobesi d'Alba,1399.0,4.0347,71.4796283059328,0.24784990209928867
004170,2024,5,Pocapaglia,3314.0,17.4774,150.8750754375377,0.28608374243308504
004171,2024,1,Polonghera,1111.0,10.3146,90.00900090009,0.09694995443352142
004174,2024,2,Prazzo,171.0,52.3851,1169.5906432748538,0.03817879511540495
004175,2024,6,Priero,526.0,20.0092,1140.684410646388,0.2998620634508126
004176,2024,4,Priocca,2009.0,9.0306,199.1040318566451,0.44293845370185814
004179,2024,16,Racconigi,9729.0,48.0562,164.45677870284717,0.33294351197140015
004180,2024,14,Revello,4270.0,52.47,327.8688524590164,0.26681913474366303
004183,2024,1,Roaschia,98.0,23.8368,1020.408163265306,0.04195193985769902
004185,2024,2,Robilante,2183.0,25.0038,91.61704076958314,0.0799878418480391
004187,2024,2,Roccabruna,1525.0,24.2989,131.14754098360655,0.08230825263695064
004190,2024,1,Roccaforte Mondovì,2060.0,84.6105,48.543689320388346,0.01181886408897241
004192,2024,5,Roccavione,2655.0,19.1492,188.32391713747646,0.2611075136298122
004194,2024,5,Roddi,1590.0,9.353,314.4654088050315,0.5345878327809259
004195,2024,2,Roddino,415.0,10.5849,481.9277108433735,0.18894840763729465
004197,2024,1,Rossana,809.0,19.9166,123.60939431396785,0.05020937308576765
004198,2024,1,Ruffia,359.0,7.5091,278.5515320334262,0.1331717516080489
004200,2024,1,Sale San Giovanni,161.0,8.0742,621.1180124223602,0.12385127938371604
004203,2024,46,Saluzzo,17471.0,79.9306,263.2934577299525,0.5754992455955542
004204,2024,1,Sambuco,85.0,46.1392,1176.4705882352941,0.021673544404757775
004205,2024,3,Sampeyre,989.0,98.9069,303.3367037411527,0.030331554219169745
004208,2024,5,Sanfrè,2999.0,15.504,166.72224074691565,0.32249742002063986
004209,2024,1,Sanfront,2290.0,39.7088,43.66812227074236,0.025183334676444517
004210,2024,1,San Michele Mondovì,1846.0,18.1119,54.17118093174431,0.05521231897260917
004211,2024,9,Sant'Albano Stura,2347.0,27.4544,383.46825734980825,0.3278163063115566
004212,2024,4,Santa Vittoria d'Alba,2878.0,10.0758,138.9854065323141,0.39699080966275635
004213,2024,3,Santo Stefano Belbo,3863.0,27.1836,77.6598498576236,0.11036065863241072
004214,2024,1,Santo Stefano Roero,1346.0,13.1142,74.29420505200594,0.07625322169861677
004215,2024,68,Savigliano,21431.0,110.7876,317.29737296439737,0.6137871025277197
004216,2024,1,Scagnello,177.0,9.3878,564.9717514124294,0.10652122968107544
004217,2024,5,Scarnafigi,2152.0,30.4979,232.34200743494424,0.16394571429508262
004218,2024,2,Serralunga d'Alba,548.0,8.3908,364.963503649635,0.23835629498975067
004219,2024,2,Serravalle Langhe,300.0,8.8995,666.6666666666667,0.22473172650148884
004222,2024,12,Sommariva del Bosco,6230.0,35.4155,192.6163723916533,0.3388346910251161
004223,2024,3,Sommariva Perno,2660.0,17.0935,112.78195488721805,0.17550530903559833
004225,2024,7,Tarantasca,2171.0,12.2016,322.4320589590051,0.5736952530815631
004228,2024,2,Torre San Giorgio,725.0,5.3901,275.8620689655172,0.37105062985844417
004232,2024,3,Trinità,2223.0,28.3367,134.9527665317139,0.1058697731210762
004233,2024,4,Valdieri,917.0,153.3126,436.2050163576881,0.02609048440897878
004235,2024,1,Valloriate,99.0,16.9559,1010.1010101010102,0.05897652144681202
004237,2024,2,Venasca,1352.0,20.3938,147.92899408284023,0.09806902097696359
004238,2024,4,Verduno,544.0,7.1571,735.2941176470588,0.5588855821491945
004239,2024,1,Vernante,1124.0,62.0563,88.9679715302491,0.01611439934382166
004240,2024,11,Verzuolo,6463.0,26.132,170.19959771004176,0.42093984386958516
004241,2024,4,Vezza d'Alba,2338.0,14.0688,171.0863986313088,0.2843170703969066
004242,2024,4,Vicoforte,3166.0,25.7363,126.34238787113075,0.1554224966292746
004243,2024,7,Vignolo,2614.0,7.9417,267.78882938026015,0.8814233728294949
004244,2024,8,Villafalletto,2878.0,29.7324,277.9708130646282,0.26906674200535446
004245,2024,6,Villanova Mondovì,5715.0,28.2878,104.98687664041995,0.2121055720133768
004247,2024,3,Villar San Costanzo,1543.0,19.4958,194.42644199611146,0.15387929707937095
004248,2024,4,Vinadio,597.0,183.1692,670.0167504187605,0.021837732544554435
004250,2024,1,Vottignasco,490.0,8.09,204.08163265306123,0.12360939431396786
005001,2024,1,Agliano Terme,1563.0,15.4485,63.97952655150352,0.06473120367673237
005003,2024,1,Antignano,964.0,10.8608,103.7344398340249,0.09207424867413082
005004,2024,1,Aramengo,564.0,11.4124,177.3049645390071,0.08762398794293925
005005,2024,302,Asti,74065.0,151.3113,407.7499493687977,1.9958853040057156
005007,2024,4,Baldichieri d'Asti,1088.0,5.066,367.6470588235294,0.7895775759968418
005008,2024,2,Belveglio,312.0,5.2796,641.025641025641,0.3788165770134101
005010,2024,2,Bruno,297.0,8.9008,673.4006734006733,0.22469890346935106
005012,2024,1,Buttigliera d'Asti,2517.0,19.1608,39.729837107667855,0.0521898876873617
005013,2024,2,Calamandrana,1663.0,12.7884,120.26458208057727,0.15639173000531734
005014,2024,3,Calliano,1226.0,17.2931,244.69820554649263,0.17347959590819462
005015,2024,5,Calosso,1171.0,15.7149,426.9854824935952,0.31816938065148365
005017,2024,13,Canelli,10212.0,23.4326,127.30121425773599,0.5547826532267013
005018,2024,1,Cantarana,1003.0,9.7214,99.70089730807577,0.10286584236838317
005021,2024,1,Cassinasco,549.0,11.8391,182.14936247723134,0.08446588000777086
005023,2024,1,Castagnole Monferrato,1157.0,17.3374,86.4304235090752,0.05767877536424147
005025,2024,4,Castell'Alfero,2657.0,20.0881,150.54572826496047,0.19912286378502694
005028,2024,8,Castello di Annone,1801.0,23.1785,444.19766796224326,0.34514744267316694
005030,2024,1,Castelnuovo Calcea,706.0,8.2039,141.643059490085,0.12189324589524493
005031,2024,4,Castelnuovo Don Bosco,3079.0,21.6068,129.91230919129586,0.18512690449303
005037,2024,1,Cessole,366.0,11.7779,273.224043715847,0.08490477929002622
005040,2024,1,Cisterna d'Asti,1221.0,10.7326,81.9000819000819,0.09317406779345173
005041,2024,1,Coazzolo,285.0,4.0489,350.87719298245617,0.2469806614142113
005042,2024,3,Cocconato,1385.0,16.5226,216.60649819494586,0.18156948664253808
005046,2024,2,Cortanze,273.0,4.4766,732.6007326007326,0.4467676361524371
005049,2024,1,Cossombrato,516.0,5.3987,193.7984496124031,0.1852297775390372
005050,2024,11,Costigliole d'Asti,5682.0,36.9432,193.59380499824005,0.2977543905238312
005052,2024,2,Dusino San Michele,1065.0,11.9251,187.79342723004694,0.16771347829368308
005053,2024,3,Ferrere,1529.0,13.927,196.20667102681492,0.21540891792920228
005056,2024,1,Grana,542.0,5.8883,184.50184501845018,0.16982830358507547
005057,2024,1,Grazzano Badoglio,587.0,10.4721,170.35775127768315,0.09549183067388585
005058,2024,1,Incisa Scapaccino,2054.0,20.7037,48.685491723466406,0.048300545313156584
005059,2024,9,Isola d'Asti,1995.0,13.5026,451.1278195488722,0.6665382963281147
005065,2024,2,Mombaruzzo,1008.0,22.3971,198.4126984126984,0.08929727509365053
005066,2024,2,Mombercelli,2113.0,14.2321,94.6521533364884,0.1405273993296843
005068,2024,1,Monastero Bormida,882.0,14.2057,113.37868480725623,0.07039427835305546
005069,2024,9,Moncalvo,2769.0,17.421,325.0270855904659,0.5166178749784742
005070,2024,1,Moncucco Torinese,878.0,14.3291,113.89521640091115,0.0697880536809709
005071,2024,1,Mongardino,857.0,6.855,116.68611435239205,0.14587892049598833
005072,2024,1,Montabone,327.0,8.5373,305.81039755351685,0.11713305143312289
005073,2024,1,Montafia,929.0,14.497,107.64262648008611,0.0689797889218459
005075,2024,2,Montechiaro d'Asti,1216.0,10.1408,164.4736842105263,0.19722309876932786
005076,2024,5,Montegrosso d'Asti,2307.0,15.4192,216.7316861725184,0.3242710387049912
005077,2024,1,Montemagno,1053.0,16.0976,94.9667616334283,0.06212106152469934
005080,2024,12,Nizza Monferrato,10128.0,30.3632,118.48341232227489,0.39521526057859513
005086,2024,1,Piovà Massaia,571.0,11.0244,175.13134851138355,0.0907078843293059
005089,2024,1,Refrancore,1551.0,13.2049,64.47453255963894,0.07572946406258282
005090,2024,1,Revigliasco d'Asti,751.0,8.835,133.15579227696406,0.11318619128466326
005092,2024,2,Robella,467.0,12.1805,428.2655246252677,0.16419687204958744
005093,2024,1,Rocca d'Arazzo,915.0,12.5631,109.2896174863388,0.07959818834523326
005097,2024,9,San Damiano d'Asti,8076.0,47.8656,111.4413075780089,0.18802647412755716
005099,2024,2,San Martino Alfieri,675.0,7.2094,296.2962962962963,0.27741559630482426
005100,2024,1,San Marzano Oliveto,992.0,9.6838,100.80645161290322,0.10326524711373634
005101,2024,2,San Paolo Solbrito,1184.0,11.8691,168.91891891891893,0.16850477289769233
005105,2024,1,Sessame,249.0,8.4471,401.6064257028112,0.11838382403428395
005112,2024,2,Valfenera,2365.0,22.0383,84.56659619450316,0.09075110149149436
005117,2024,10,Villafranca d'Asti,2955.0,12.8798,338.409475465313,0.7764095715771985
005118,2024,16,Villanova d'Asti,5581.0,41.948,286.6869736606343,0.3814246209592829
005120,2024,1,Vinchio,555.0,9.2863,180.18018018018017,0.10768551522134757
005121,2024,2,Montiglio Monferrato,1556.0,26.8624,128.53470437017995,0.07445351122758949
006001,2024,40,Acqui Terme,19223.0,33.2967,208.08406596264894,1.2013202509558003
006002,2024,2,Albera Ligure,297.0,21.2298,673.4006734006733,0.09420719931417158
006003,2024,420,Alessandria,91089.0,203.5657,461.08750782202026,2.0632159543577333
006008,2024,1,Alzano Scrivia,358.0,2.1269,279.3296089385475,0.4701678499224223
006009,2024,13,Arquata Scrivia,6254.0,29.2434,207.8669651423089,0.44454475197822413
006010,2024,1,Avolasca,257.0,12.2375,389.10505836575874,0.08171603677221655
006011,2024,1,Balzola,1311.0,16.6197,76.27765064836004,0.06016955781391962
006012,2024,8,Basaluzzo,2015.0,15.0526,397.0223325062035,0.5314696464398178
006013,2024,2,Bassignana,1575.0,28.7122,126.98412698412699,0.06965680094175995
006014,2024,10,Belforte Monferrato,502.0,8.3258,1992.03187250996,1.2010857815465181
006017,2024,7,Bistagno,1773.0,17.5936,394.8110547095319,0.3978719534376137
006018,2024,5,Borghetto di Borbera,1914.0,39.3977,261.2330198537095,0.12691096180741515
006020,2024,1,Borgo San Martino,1375.0,9.723,72.72727272727272,0.10284891494394734
006021,2024,2,Bosco Marengo,2265.0,44.5297,88.30022075055187,0.04491384401871111
006024,2024,1,Brignano-Frascata,429.0,17.5285,233.1002331002331,0.05704994722879881
006025,2024,1,Cabella Ligure,482.0,46.6332,207.4688796680498,0.0214439498040023
006029,2024,8,Capriata d'Orba,1795.0,28.4663,445.68245125348193,0.2810340648415846
006030,2024,3,Carbonara Scrivia,1098.0,5.0526,273.224043715847,0.5937537109606935
006031,2024,2,Carentino,333.0,9.7892,600.6006006006006,0.20430678707146652
006035,2024,1,Carrosio,489.0,6.9232,204.4989775051125,0.14444187658886065
006036,2024,1,Cartosio,724.0,16.3412,138.12154696132595,0.061195016277874326
006037,2024,1,Casal Cermelli,1167.0,12.1635,85.6898029134533,0.08221317877255724
006039,2024,95,Casale Monferrato,32641.0,86.2097,291.045004748629,1.1019641641253826
006040,2024,3,Casalnoceto,979.0,12.9866,306.43513789581203,0.23100734603360387
006043,2024,14,Cassine,2860.0,33.0925,489.51048951048955,0.42305658381808564
006046,2024,1,Castellar Guidobono,397.0,2.4828,251.88916876574308,0.4027710649266956
006047,2024,6,Castellazzo Bormida,4389.0,45.1283,136.70539986329462,0.13295426594841817
006049,2024,3,Castelletto d'Orba,1858.0,13.977,161.4639397201292,0.214638334406525
006051,2024,7,Castelletto Monferrato,1428.0,9.5776,490.19607843137254,0.7308720347477448
006052,2024,2,Castelnuovo Bormida,626.0,13.1107,319.4888178913738,0.15254715613964168
006053,2024,16,Castelnuovo Scrivia,4874.0,45.4213,328.27246614690193,0.35225764123880204
006057,2024,1,Cereseto,391.0,10.4427,255.75447570332483,0.09576067492123684
006058,2024,1,Cerreto Grue,302.0,4.747,331.12582781456956,0.2106593638087213
006059,2024,3,Cerrina Monferrato,1301.0,17.3008,230.59185242121444,0.1734023860168316
006061,2024,3,Conzano,948.0,11.6117,316.4556962025316,0.25836010231060047
006068,2024,6,Felizzano,2142.0,25.0138,280.1120448179272,0.23986759308861508
006070,2024,1,Francavilla Bisio,502.0,7.7515,199.20318725099602,0.1290072889118235
006073,2024,1,Frassineto Po,1371.0,29.5609,72.93946024799416,0.033828469363246724
006074,2024,2,Fresonara,624.0,6.9336,320.5128205128205,0.2884504442136841
006075,2024,4,Frugarolo,1885.0,27.0575,212.20159151193633,0.14783331793402937
006076,2024,1,Fubine Monferrato,1579.0,25.5333,63.33122229259025,0.039164541990263695
006078,2024,1,Gamalero,825.0,12.1543,121.21212121212122,0.08227540870309273
006079,2024,2,Garbagna,618.0,20.7165,323.62459546925567,0.09654140419472401
006081,2024,6,Gavi,4454.0,45.0432,134.7103726986978,0.13320545609548168
006088,2024,1,Lerma,823.0,14.5358,121.5066828675577,0.06879566312139683
006090,2024,1,Malvicino,83.0,9.035,1204.8192771084339,0.11068068622025456
006092,2024,4,Melazzo,1249.0,19.7375,320.25620496397113,0.20265991133628877
006094,2024,2,Mirabello Monferrato,1212.0,13.2357,165.01650165016503,0.1511064771791443
006095,2024,1,Molare,2069.0,32.504,48.33252779120348,0.030765444253015015
006097,2024,1,Mombello Monferrato,946.0,19.6941,105.70824524312897,0.05077662853341864
006101,2024,1,Monleale,558.0,9.6176,179.21146953405017,0.10397604391948095
006105,2024,1,Montecastello,306.0,7.4867,326.79738562091507,0.13357019781746296
006106,2024,1,Montechiaro d'Acqui,513.0,17.5982,194.9317738791423,0.05682399336295758
006108,2024,1,Montemarzino,309.0,9.8515,323.62459546925567,0.10150738466223418
006109,2024,2,Morano sul Po,1324.0,17.7049,151.05740181268882,0.11296307801794984
006114,2024,91,Novi Ligure,27683.0,55.1948,328.72159809269226,1.648706037525274
006115,2024,1,Occimiano,1261.0,22.4629,79.30214115781126,0.04451784943172965
006119,2024,1,Orsara Bormida,408.0,5.0996,245.09803921568627,0.19609381127931605
006121,2024,27,Ovada,10975.0,35.3724,246.0136674259681,0.7633069851070327
006122,2024,3,Oviglio,1182.0,27.3665,253.80710659898475,0.1096230793122979
006123,2024,2,Ozzano Monferrato,1358.0,15.1834,147.27540500736376,0.1317228025343467
006128,2024,1,Pecetto di Valenza,1156.0,11.3546,86.50519031141869,0.08807003329047258
006131,2024,3,Pomaro Monferrato,328.0,13.4427,914.6341463414634,0.22316945256533285
006132,2024,12,Pontecurone,3422.0,29.7041,350.6721215663355,0.40398463511771104
006133,2024,8,Pontestura,1331.0,18.9177,601.0518407212622,0.4228843886941859
006136,2024,1,Ponzone,1003.0,69.0281,99.70089730807577,0.01448685390442443
006137,2024,1,Pozzol Groppo,301.0,14.0866,332.22591362126246,0.07098945096758622
006138,2024,23,Pozzolo Formigaro,4522.0,36.1765,508.62450243255194,0.6357718408359018
006139,2024,3,Prasco,478.0,5.9724,627.6150627615062,0.5023106288929073
006140,2024,5,Predosa,1910.0,33.0071,261.7801047120419,0.15148255981288875
006141,2024,2,Quargnento,1352.0,36.1651,147.92899408284023,0.055301934738186814
006142,2024,6,Quattordio,1524.0,17.7338,393.7007874015748,0.3383369610574158
006144,2024,4,Rivalta Bormida,1361.0,10.0516,293.9015429831006,0.3979465955668749
006145,2024,1,Rivarone,389.0,6.0734,257.0694087403599,0.16465241874403133
006147,2024,5,Rocca Grimalda,1430.0,15.4612,349.65034965034965,0.3233901637647789
006149,2024,1,Rosignano Monferrato,1461.0,19.2799,68.44626967830253,0.05186748893925798
006151,2024,11,Sale,3913.0,44.9156,281.1142346026067,0.24490377508037298
006152,2024,1,San Cristoforo,547.0,3.5706,182.81535648994515,0.2800649750742172
006153,2024,3,San Giorgio Monferrato,1192.0,7.1156,251.67785234899327,0.42160885940749904
006154,2024,10,San Salvatore Monferrato,4055.0,31.6916,246.6091245376079,0.3155410266442843
006155,2024,1,San Sebastiano Curone,533.0,3.8925,187.6172607879925,0.2569043031470777
006160,2024,41,Serravalle Scrivia,5872.0,15.9488,698.2288828337875,2.57072632423756
006161,2024,1,Sezzadio,1205.0,34.3195,82.98755186721992,0.02913795364151576
006162,2024,6,Silvano d'Orba,1874.0,12.1681,320.17075773745995,0.4930925945710505
006163,2024,8,Solero,1570.0,22.5538,509.5541401273885,0.35470741072457856
006165,2024,1,Spigno Monferrato,956.0,54.8544,104.60251046025104,0.018230078170575197
006167,2024,1,Stazzano,2369.0,17.9132,42.211903756859435,0.055824754929325864
006168,2024,3,Strevi,1906.0,15.2889,157.39769150052467,0.19622078763024156
006169,2024,6,Tagliolo Monferrato,1510.0,26.2111,397.35099337748346,0.22891065235720745
006171,2024,1,Terruggia,906.0,7.2664,110.37527593818984,0.137619729164373
006172,2024,5,Terzo,846.0,8.796,591.0165484633569,0.5684402000909504
006173,2024,1,Ticineto,1304.0,8.0894,76.68711656441718,0.12361856256335452
006174,2024,107,Tortona,26713.0,98.8666,400.55403736008685,1.0822664074621762
006177,2024,27,Valenza,18149.0,48.4945,148.7685271915808,0.556764169132582
006179,2024,4,Vignale Monferrato,945.0,18.7258,423.2804232804233,0.21360903138984716
006180,2024,13,Vignole Borbera,2023.0,8.6455,642.6099851705388,1.503672430744318
006181,2024,6,Viguzzolo,3064.0,18.3072,195.82245430809397,0.32773990561090716
006183,2024,3,Villalvernia,884.0,4.4744,339.3665158371041,0.6704809583407831
006185,2024,1,Villanova Monferrato,1752.0,16.5563,57.077625570776256,0.06039996859201633
006186,2024,1,Villaromagnano,663.0,6.0672,150.82956259426848,0.16482067510548523
006187,2024,3,Visone,1141.0,12.5617,262.9272567922875,0.23882117866212377
006188,2024,2,Volpedo,1170.0,10.4833,170.94017094017093,0.19077962092089323
006189,2024,1,Volpeglino,134.0,3.2458,746.2686567164179,0.308090455357693
006190,2024,4,Voltaggio,671.0,52.1828,596.1251862891207,0.07665361000176303
006191,2024,3,Cassano Spinola,1843.0,17.1263,162.7780792186652,0.175169184237109
006192,2024,4,Alluvioni Piovera,1635.0,24.7837,244.64831804281343,0.16139640166722483
006193,2024,1,Lu e Cuccaro Monferrato,1338.0,27.095,74.73841554559044,0.03690717844620779
007002,2024,2,Antey-Saint-André,546.0,11.808,366.3003663003663,0.16937669376693767
007003,2024,94,Aosta,33523.0,21.3923,280.4044984040808,4.394104420749522
007004,2024,3,Arnad,1227.0,28.8405,244.49877750611248,0.10402038799604724
007005,2024,1,Arvier,852.0,33.3596,117.37089201877934,0.029976378613652443
007007,2024,2,Ayas,1399.0,129.4208,142.9592566118656,0.015453466521610126
007008,2024,6,Aymavilles,2098.0,53.2436,285.9866539561487,0.11268960025242471
007009,2024,2,Bard,112.0,3.0315,1785.7142857142856,0.6597394029358403
007011,2024,4,Brissogne,942.0,25.5133,424.6284501061571,0.1567809730611093
007012,2024,2,Brusson,863.0,55.2621,231.7497103128621,0.03619116899285406
007014,2024,4,Challand-Saint-Victor,536.0,25.1589,746.2686567164179,0.15898946297334143
007015,2024,4,Chambave,872.0,21.5416,458.7155963302753,0.18568722843242844
007019,2024,9,Charvensod,2377.0,25.8619,378.62852334875896,0.3480022736148543
007020,2024,10,Châtillon,4450.0,39.6811,224.71910112359552,0.2520091428917041
007021,2024,1,Cogne,1343.0,213.0372,74.46016381236039,0.004694015880794528
007022,2024,9,Courmayeur,2734.0,209.6059,329.1880029261156,0.04293772264998266
007023,2024,7,Donnas,2405.0,33.977,291.0602910602911,0.20602172057568358
007026,2024,1,Etroubles,483.0,39.5692,207.0393374741201,0.02527218139360917
007027,2024,1,Fénis,1778.0,68.1198,56.24296962879641,0.014680019612506203
007028,2024,1,Fontainemore,433.0,31.7089,230.94688221709006,0.03153688712001993
007030,2024,4,Gignod,1739.0,25.9833,230.01725129384704,0.15394503392563685
007031,2024,4,Gressan,3380.0,25.3034,118.34319526627219,0.15808152264122607
007033,2024,2,Gressoney-Saint-Jean,804.0,69.6471,248.75621890547262,0.028716199238733562
007034,2024,4,Hône,1154.0,12.6384,346.6204506065858,0.31649575895682996
007036,2024,1,Issime,393.0,35.3779,254.4529262086514,0.028266234004844834
007038,2024,4,Jovençan,712.0,7.012,561.7977528089888,0.5704506560182545
007040,2024,3,La Salle,2007.0,83.9427,149.47683109118088,0.035738664589058965
007041,2024,3,La Thuile,819.0,125.6666,366.3003663003663,0.023872691709650774
007043,2024,3,Montjovet,1749.0,18.7597,171.52658662092625,0.15991726946592963
007044,2024,4,Morgex,2097.0,43.6277,190.74868860276584,0.09168486993355139
007045,2024,10,Nus,2984.0,57.3544,335.1206434316354,0.1743545394947903
007048,2024,1,Perloz,452.0,23.2665,221.23893805309734,0.04298025057486085
007049,2024,4,Pollein,1520.0,15.3295,263.1578947368421,0.26093479891712057
007051,2024,1,Pontey,798.0,15.7533,125.31328320802004,0.06347876317977821
007052,2024,3,Pont-Saint-Martin,3571.0,6.9224,84.01008120974517,0.4333757078469895
007053,2024,5,Pré-Saint-Didier,996.0,33.4018,502.00803212851406,0.1496925315402164
007054,2024,19,Quart,4101.0,62.052,463.3016337478664,0.3061948043576355
007057,2024,1,Roisan,1015.0,14.641,98.52216748768473,0.06830134553650707
007058,2024,5,Saint-Christophe,3471.0,14.7364,144.05070584845865,0.3392958931625092
007060,2024,1,Saint-Marcel,1311.0,42.382,76.27765064836004,0.023594922372705395
007063,2024,10,Saint-Pierre,3220.0,26.1772,310.5590062111801,0.3820118270861666
007064,2024,4,Saint-Rhémy-en-Bosses,333.0,64.877,1201.2012012012012,0.06165513201905144
007065,2024,7,Saint-Vincent,4465.0,20.5721,156.77491601343783,0.34026667185168263
007066,2024,10,Sarre,4793.0,28.281,208.63759649488838,0.3535942859163396
007071,2024,2,Valtournenche,2273.0,116.1501,87.98944126704797,0.01721909839078916
007072,2024,4,Verrayes,1267.0,22.3546,315.70639305445934,0.1789340896280855
007073,2024,11,Verrès,2590.0,8.3607,424.7104247104248,1.3156793091487555
007074,2024,7,Villeneuve,1247.0,8.7979,561.3472333600641,0.7956444151445231
008001,2024,3,Airole,376.0,14.6268,797.8723404255319,0.20510296168676675
008006,2024,2,Badalucco,1059.0,16.0999,188.85741265344666,0.12422437406443516
008008,2024,38,Bordighera,10160.0,10.6456,374.01574803149606,3.5695498609754264
008009,2024,1,Borghetto d'Arroscia,403.0,25.9387,248.13895781637717,0.03855243323682374
008010,2024,2,Borgomaro,822.0,23.4357,243.30900243309003,0.08533988743668847
008011,2024,25,Camporosso,5474.0,17.9447,456.70442089879435,1.393169013692065
008014,2024,1,Castellaro,1222.0,7.8606,81.83306055646482,0.12721675190189044
008016,2024,1,Ceriana,1083.0,31.7924,92.33610341643582,0.0314540582025893
008017,2024,4,Cervo,1129.0,3.585,354.295837023915,1.1157601115760112
008018,2024,1,Cesio,273.0,8.857,366.3003663003663,0.11290504685559445
008019,2024,3,Chiusanico,585.0,13.5068,512.8205128205128,0.2221103444191074
008020,2024,1,Chiusavecchia,515.0,4.0918,194.17475728155338,0.2443912214673249
008021,2024,7,Cipressa,1197.0,9.393,584.7953216374269,0.745235813903971
008022,2024,1,Civezza,619.0,3.8809,161.55088852988692,0.25767218944059367
008024,2024,3,Costarainera,773.0,2.519,388.098318240621,1.1909487892020643
008026,2024,7,Diano Castello,2266.0,6.1136,308.9143865842895,1.144988222978278
008027,2024,44,Diano Marina,5681.0,6.6729,774.5115296602711,6.593834764495197
008028,2024,1,Diano San Pietro,1066.0,11.9117,93.80863039399625,0.08395107331447232
008029,2024,4,Dolceacqua,2085.0,20.2846,191.84652278177458,0.19719393037082317
008031,2024,229,Imperia,41941.0,45.3823,546.0051024057605,5.046020144417537
008032,2024,1,Isolabona,685.0,12.3465,145.98540145985402,0.08099461385817842
008033,2024,1,Lucinasco,275.0,7.8969,363.6363636363636,0.12663196950702174
008035,2024,1,Molini di Triora,606.0,58.0472,165.01650165016503,0.017227359803745918
008038,2024,1,Olivetta San Michele,199.0,13.8375,502.51256281407035,0.07226738934056007
008039,2024,6,Ospedaletti,3205.0,5.4462,187.207488299532,1.1016855789357718
008042,2024,4,Pieve di Teco,1315.0,40.5045,304.1825095057034,0.09875445938105643
008044,2024,1,Pompeiana,851.0,5.3802,117.50881316098707,0.1858666964053381
008045,2024,1,Pontedassio,2318.0,13.3128,43.14063848144953,0.0751156781443423
008046,2024,1,Pornassio,663.0,27.2114,150.82956259426848,0.03674930360069677
008048,2024,1,Ranzo,545.0,10.8563,183.4862385321101,0.09211241399003345
008050,2024,13,Riva Ligure,2800.0,2.0712,464.2857142857143,6.276554654306682
008051,2024,1,Rocchetta Nervina,304.0,15.2848,328.9473684210526,0.06542447398722914
008052,2024,12,San Bartolomeo al Mare,2983.0,10.8533,402.2795843110962,1.1056545013958887
008053,2024,4,San Biagio della Cima,1238.0,4.307,323.10177705977384,0.9287206872533085
008054,2024,6,San Lorenzo al Mare,1235.0,1.2886,485.82995951417007,4.656216048424647
008055,2024,358,Sanremo,53451.0,55.9577,669.7723148304054,6.397689683457325
008056,2024,9,Santo Stefano al Mare,2058.0,2.6886,437.3177842565598,3.347467083240348
008058,2024,2,Soldano,1005.0,3.466,199.0049751243781,0.5770340450086555
008059,2024,54,Taggia,13869.0,31.3583,389.3575600259572,1.7220321254659852
008061,2024,1,Triora,360.0,67.606,277.77777777777777,0.01479158654557288
008063,2024,28,Vallecrosia,6700.0,3.6815,417.910447761194,7.605595545294038
008065,2024,123,Ventimiglia,23131.0,53.7257,531.7539233063853,2.2894071180086994
009001,2024,49,Alassio,10322.0,17.2476,474.71420267390045,2.840974976228577
009002,2024,172,Albenga,23749.0,36.5751,724.2410206745548,4.702652897736439
009003,2024,25,Albissola Marina,5292.0,3.2457,472.411186696901,7.702498690575223
009004,2024,56,Albisola Superiore,9539.0,28.6771,587.0636335045602,1.9527776518546158
009005,2024,13,Altare,1962.0,11.2964,662.5891946992864,1.1508091073262279
009006,2024,20,Andora,7297.0,31.7987,274.08524050979855,0.6289565296694519
009007,2024,2,Arnasco,585.0,6.093,341.88034188034186,0.32824552765468573
009008,2024,1,Balestrino,534.0,11.2733,187.26591760299627,0.08870517062439569
009009,2024,2,Bardineto,758.0,29.7933,263.8522427440633,0.06712918676346696
009010,2024,4,Bergeggi,1077.0,3.6899,371.4020427112349,1.0840402178920838
009011,2024,4,Boissano,2472.0,8.3522,161.81229773462783,0.4789157347764661
009012,2024,39,Borghetto Santo Spirito,4552.0,5.391,856.7662565905098,7.234279354479688
009013,2024,4,Borgio Verezzi,2084.0,2.7326,191.93857965451056,1.4638073629510355
009015,2024,22,Cairo Montenotte,12691.0,100.4026,173.35119375935705,0.21911783160993836
009016,2024,4,Calice Ligure,1682.0,20.6034,237.81212841854932,0.19414271430928876
009017,2024,1,Calizzano,1426.0,62.7437,70.12622720897616,0.015937855115334288
009018,2024,9,Carcare,5295.0,10.4005,169.97167138810198,0.8653430123551753
009019,2024,2,Casanova Lerrone,705.0,24.2297,283.68794326241135,0.08254332492767141
009020,2024,1,Castelbianco,310.0,14.7042,322.5806451612903,0.0680077800900423
009022,2024,39,Celle Ligure,4982.0,9.5606,782.8181453231634,4.079241888584398
009023,2024,1,Cengio,3308.0,18.9617,30.22974607013301,0.0527378874257055
009024,2024,23,Ceriale,5375.0,11.1527,427.90697674418607,2.062280882656218
009025,2024,7,Cisano sul Neva,2123.0,12.2727,329.7220913801225,0.5703716378628989
009026,2024,3,Cosseria,1062.0,12.4065,282.4858757062147,0.24180872929512756
009028,2024,3,Erli,222.0,16.7298,1351.3513513513515,0.17932073306315674
009029,2024,83,Finale Ligure,11304.0,35.5254,734.2533616418967,2.33635652237554
009030,2024,3,Garlenda,1302.0,8.0315,230.4147465437788,0.37352922866214283
009031,2024,3,Giustenice,986.0,17.2237,304.25963488843814,0.17417860273924882
009033,2024,6,Laigueglia,1712.0,2.7242,350.46728971962614,2.202481462447691
009034,2024,55,Loano,10866.0,13.4774,506.16602245536535,4.080905812693843
009035,2024,2,Magliolo,940.0,19.5718,212.76595744680853,0.10218784169059565
009036,2024,1,Mallare,1058.0,31.7301,94.5179584120983,0.031515816212366175
009038,2024,5,Millesimo,3247.0,15.9575,153.9882968894364,0.31333228889237036
009040,2024,3,Murialdo,771.0,39.2213,389.10505836575874,0.0764890505924077
009041,2024,1,Nasino,173.0,22.1769,578.0346820809249,0.045091965062745466
009042,2024,7,Noli,2470.0,9.6682,283.4008097165992,0.7240230859932562
009044,2024,3,Orco Feglino,919.0,17.313,326.4417845484222,0.17328019407381737
009045,2024,11,Ortovero,1584.0,9.6586,694.4444444444445,1.1388814113846728
009047,2024,1,Pallare,919.0,21.3321,108.8139281828074,0.04687771011761618
009048,2024,4,Piana Crixia,787.0,30.4451,508.2592121982211,0.13138403224164152
009049,2024,32,Pietra Ligure,8404.0,9.8781,380.77106139933363,3.2394893754871887
009050,2024,1,Plodio,626.0,8.6454,159.7444089456869,0.11566844796076525
009051,2024,2,Pontinvrea,840.0,24.9456,238.09523809523813,0.08017445962414213
009052,2024,34,Quiliano,6934.0,49.9186,490.33746755119705,0.6811088451999856
009053,2024,1,Rialto,558.0,19.5971,179.21146953405017,0.05102795821830781
009054,2024,7,Roccavignale,761.0,17.7066,919.8423127463863,0.3953328137530638
009055,2024,5,Sassello,1756.0,100.656,284.7380410022779,0.04967413765697027
009056,2024,409,Savona,58949.0,65.3174,693.820081765594,6.26173117729732
009057,2024,19,Spotorno,3565.0,8.0198,532.9593267882188,2.3691363874410833
009058,2024,9,Stella,2929.0,43.6807,307.27210652099694,0.20604065411039657
009061,2024,9,Toirano,2655.0,18.9652,338.9830508474576,0.47455339252947504
009062,2024,6,Tovo San Giacomo,2514.0,9.4467,238.66348448687353,0.6351424306900822
009063,2024,2,Urbe,670.0,31.1689,298.5074626865672,0.0641665249655907
009064,2024,33,Vado Ligure,8180.0,23.7846,403.42298288508556,1.3874523851567822
009065,2024,45,Varazze,12697.0,47.9963,354.4144286051823,0.9375722711959047
009066,2024,1,Vendone,364.0,9.915,274.72527472527474,0.10085728693898136
009067,2024,7,Vezzi Portio,807.0,8.7616,867.4101610904586,0.7989408327246166
009068,2024,16,Villanova d'Albenga,2761.0,15.8914,579.5001810938066,1.0068338849943994
009069,2024,4,Zuccarello,291.0,10.807,1374.570446735395,0.3701304709910243
010001,2024,16,Arenzano,11219.0,24.2972,142.61520634637668,0.6585120919282881
010002,2024,2,Avegno,2506.0,10.9322,79.80845969672785,0.18294579316148626
010003,2024,2,Bargagli,2532.0,16.2765,78.98894154818325,0.12287653979663933
010004,2024,10,Bogliasco,4365.0,4.4242,229.0950744558992,2.2602956466705844
010005,2024,10,Borzonasca,1848.0,80.5133,541.1255411255411,0.12420308197527613
010006,2024,4,Busalla,5194.0,17.0618,77.01193685021178,0.2344418525595189
010007,2024,2,Camogli,5087.0,10.0652,39.315903282877926,0.19870444700552398
010008,2024,10,Campo Ligure,2816.0,23.7401,355.1136363636364,0.42122821723581616
010010,2024,26,Carasco,3705.0,8.4579,701.7543859649123,3.0740491138462263
010011,2024,16,Casarza Ligure,6743.0,27.8222,237.28310840872012,0.5750803315338111
010012,2024,2,Casella,3110.0,8.0656,64.30868167202573,0.2479666732791113
010013,2024,7,Castiglione Chiavarese,1579.0,29.7498,443.31855604813177,0.23529569946688716
010014,2024,2,Ceranesi,3679.0,30.6952,54.36259853220984,0.0651567671818395
010015,2024,165,Chiavari,27244.0,12.231,605.6379386286889,13.490311503556537
010016,2024,6,Cicagna,2245.0,11.2837,267.26057906458794,0.531740475198738
010017,2024,21,Cogoleto,8737.0,20.7228,240.35710198008468,1.0133765707336846
010018,2024,10,Cogorno,5672.0,9.0821,176.3046544428773,1.1010669338589092
010019,2024,1,Coreglia Ligure,267.0,8.0024,374.53183520599254,0.12496251124662601
010020,2024,1,Crocefieschi,518.0,11.7248,193.05019305019306,0.08528930131004367
010021,2024,4,Davagna,1786.0,20.5252,223.96416573348264,0.1948823884785532
010023,2024,2,Favale di Malvaro,434.0,16.6164,460.8294930875576,0.12036301485279605
010025,2024,3872,Genova,566410.0,240.2876,683.6037499337936,16.11402336200453
010027,2024,7,Isola del Cantone,1426.0,47.9672,490.88359046283307,0.14593305425374006
010028,2024,102,Lavagna,12352.0,13.8763,825.7772020725389,7.350662640617456
010029,2024,5,Leivi,2383.0,9.7099,209.819555182543,0.5149383618780833
010031,2024,4,Lumarzo,1475.0,25.5078,271.1864406779661,0.15681477822469989
010032,2024,7,Masone,3497.0,29.4412,200.17157563625966,0.2377620477426192
010033,2024,15,Mele,2626.0,16.9335,571.2109672505712,0.8858180529719196
010034,2024,4,Mezzanego,1456.0,28.6498,274.72527472527474,0.1396170304853786
010035,2024,7,Mignanego,3501.0,16.2743,199.94287346472439,0.4301260269258893
010036,2024,6,Moconesi,2411.0,16.2718,248.8593944421402,0.368736095576396
010037,2024,6,Moneglia,2630.0,15.6107,228.13688212927758,0.3843517587295893
010038,2024,5,Montebruno,211.0,17.6787,2369.6682464454975,0.28282622591027623
010039,2024,3,Montoggio,1995.0,47.7246,150.37593984962407,0.06286066305427389
010040,2024,3,Ne,2174.0,63.5214,137.9944802207912,0.04722817822025333
010041,2024,2,Neirone,822.0,30.2369,243.30900243309003,0.06614434680803918
010042,2024,2,Orero,512.0,15.9884,390.625,0.12509069075079432
010043,2024,13,Pieve Ligure,2475.0,3.5565,525.2525252525253,3.655279066497961
010044,2024,2,Portofino,374.0,2.5311,534.75935828877,0.7901702816957055
010046,2024,135,Rapallo,29148.0,33.621,463.15356113627007,4.015347550637994
010047,2024,54,Recco,9442.0,9.7716,571.9127303537387,5.526218838265995
010048,2024,6,Rezzoaglio,913.0,104.719,657.1741511500547,0.057296192667997216
010049,2024,10,Ronco Scrivia,4192.0,30.1115,238.5496183206107,0.33209903193132195
010051,2024,14,Rossiglione,2606.0,47.5932,537.2217958557176,0.29415966986880476
010053,2024,8,San Colombano Certenoli,2593.0,41.5747,308.52294639413805,0.19242471984163445
010054,2024,75,Santa Margherita Ligure,8724.0,10.0436,859.697386519945,7.467441953084552
010055,2024,4,Sant'Olcese,5633.0,21.9016,71.01011894194922,0.18263505862585383
010056,2024,3,Santo Stefano d'Aveto,1015.0,54.7734,295.56650246305423,0.054771111524937285
010057,2024,11,Savignone,3038.0,21.744,362.08031599736665,0.5058866813833701
010058,2024,19,Serra Riccò,7621.0,26.2045,249.31111402703058,0.7250663054055602
010059,2024,92,Sestri Levante,17788.0,33.6163,517.2026085001124,2.736767580013267
010060,2024,12,Sori,4010.0,13.0661,299.25187032418955,0.9184071758214004
010061,2024,1,Tiglieto,495.0,24.5372,202.02020202020202,0.04075444631009243
010062,2024,6,Torriglia,2198.0,60.0146,272.975432211101,0.09997567258633733
010067,2024,10,Zoagli,2325.0,7.7878,430.10752688172045,1.2840596830940703
011001,2024,8,Ameglia,4270.0,14.1732,187.3536299765808,0.5644455733355911
011002,2024,17,Arcola,10125.0,16.5379,167.90123456790124,1.0279418789568204
011003,2024,6,Beverino,2267.0,34.945,264.6669607410675,0.17169838317355846
011004,2024,1,Bolano,7444.0,14.5663,13.433637829124129,0.06865161365617899
011005,2024,1,Bonassola,822.0,9.1896,121.65450121654501,0.1088186645773483
011006,2024,5,Borghetto di Vara,886.0,27.3369,564.3340857787811,0.1829029626621892
011007,2024,3,Brugnato,1285.0,11.9013,233.46303501945525,0.2520733029164881
011009,2024,1,Carro,518.0,31.7917,193.05019305019306,0.03145475076828229
011010,2024,7,Carrodano,476.0,21.8632,1470.5882352941176,0.3201727103077317
011011,2024,11,Castelnuovo Magra,8320.0,15.017,132.21153846153848,0.7325031630818406
011012,2024,8,Deiva Marina,1338.0,14.0856,597.9073243647235,0.5679559266200943
011013,2024,7,Follo,6203.0,23.2703,112.84862163469288,0.30081262381662466
011014,2024,2,Framura,632.0,19.2599,316.4556962025316,0.10384269907943448
011015,2024,524,La Spezia,92441.0,51.3951,566.8480436170097,10.19552447606873
011016,2024,23,Lerici,9648.0,16.0078,238.39137645107795,1.4367995602143955
011017,2024,3,Levanto,5263.0,36.814,57.00171005130154,0.08149073721953605
011020,2024,14,Luni,8236.0,13.8558,169.9854298203011,1.0104071940992219
011021,2024,1,Pignone,540.0,17.7462,185.1851851851852,0.05635009185064971
011022,2024,4,Portovenere,3348.0,7.6646,119.47431302270012,0.5218798110795084
011023,2024,7,Riccò del Golfo di Spezia,3566.0,37.7634,196.2983735277622,0.18536466525789522
011024,2024,2,Riomaggiore,1392.0,10.2899,143.67816091954023,0.1943653485456613
011026,2024,27,Santo Stefano di Magra,9836.0,13.8524,274.50183001220006,1.9491207299818083
011027,2024,43,Sarzana,21697.0,34.5374,198.18408074849057,1.2450271300097866
011028,2024,2,Sesta Godano,1294.0,67.7758,154.5595054095827,0.029509057805293334
011029,2024,1,Varese Ligure,1834.0,137.5884,54.525627044711015,0.007268054574368188
011031,2024,44,Vezzano Ligure,7237.0,18.3684,607.9867348348763,2.395418218244376
011032,2024,1,Zignago,488.0,28.7008,204.91803278688525,0.034842234362805216
012002,2024,11,Albizzate,5203.0,3.8821,211.41649048625794,2.8335179413204195
012003,2024,6,Angera,5365.0,17.7261,111.83597390493941,0.3384839304754007
012004,2024,4,Arcisate,9956.0,12.1264,40.17677782241864,0.32985882042485815
012005,2024,11,Arsago Seprio,4806.0,10.5059,228.88056595921765,1.047030716073825
012006,2024,3,Azzate,4613.0,4.5062,65.03360069369175,0.6657494119213528
012007,2024,1,Azzio,753.0,2.1722,132.80212483399734,0.46036276585949726
012008,2024,1,Barasso,1657.0,3.9232,60.350030175015085,0.25489396411092985
012010,2024,1,Bedero Valcuvia,667.0,2.5636,149.92503748125935,0.39007645498517707
012011,2024,2,Besano,2531.0,3.432,79.02015013828526,0.5827505827505828
012012,2024,10,Besnate,5475.0,7.4769,182.64840182648402,1.3374526876111759
012013,2024,10,Besozzo,8793.0,13.9454,113.72682815876266,0.71708233539375
012014,2024,5,Biandronno,3210.0,9.5209,155.76323987538942,0.5251604365133549
012015,2024,6,Bisuschio,4293.0,7.03,139.7624039133473,0.8534850640113798
012016,2024,1,Bodio Lomnago,2212.0,4.0386,45.20795660036166,0.247610558114198
012017,2024,12,Brebbia,3194.0,6.8686,375.7044458359424,1.7470809189645635
012019,2024,1,Brenta,1741.0,4.182,57.43825387708214,0.2391200382592061
012020,2024,4,Brezzo di Bedero,1244.0,9.9542,321.54340836012864,0.40184042916557833
012022,2024,3,Brissago-Valtravaglia,1227.0,6.1189,244.49877750611248,0.49028420140874995
012024,2024,7,Brusimpiano,1170.0,5.9058,598.2905982905984,1.1852754918893291
012025,2024,15,Buguggiate,3078.0,2.5045,487.32943469785573,5.989219405070872
012026,2024,414,Busto Arsizio,83045.0,30.6597,498.5248961406466,13.503067544692218
012027,2024,5,Cadegliano-Viconago,2154.0,10.2718,232.1262766945218,0.48676960221188104
012029,2024,23,Cairate,7687.0,11.2635,299.206452452192,2.041994051582545
012030,2024,5,Cantello,4750.0,9.1334,105.26315789473684,0.54744125955285
012031,2024,2,Caravate,2591.0,5.127,77.19027402547279,0.3900916715428126
012032,2024,31,Cardano al Campo,14780.0,9.4198,209.7428958051421,3.290940359667933
012033,2024,4,Carnago,6591.0,6.2131,60.68881808526778,0.6438010011105567
012034,2024,43,Caronno Pertusella,18035.0,8.5453,238.4252841696701,5.0320058979790065
012035,2024,6,Caronno Varesino,4787.0,5.7494,125.33946104031752,1.0435871569207222
012036,2024,4,Casale Litta,2711.0,10.5879,147.54703061600887,0.3777897411195799
012037,2024,1,Casalzuigno,1340.0,7.3228,74.6268656716418,0.13655978587425574
012038,2024,4,Casciago,3613.0,4.0454,110.71132023249376,0.9887773767736194
012039,2024,16,Casorate Sempione,5648.0,6.9092,283.28611898017,2.315752909164592
012040,2024,66,Cassano Magnago,21385.0,12.3442,308.62754267009586,5.3466405275351985
012041,2024,1,Cassano Valcuvia,653.0,3.9547,153.1393568147014,0.2528636811894708
012042,2024,68,Castellanza,14328.0,6.9206,474.59519821328865,9.82573765280467
012043,2024,1,Castello Cabiaglio,551.0,6.9824,181.48820326678765,0.1432172318973419
012044,2024,3,Castelseprio,1297.0,3.7509,231.3030069390902,0.7998080460689434
012045,2024,3,Castelveccana,1894.0,20.7887,158.39493136219642,0.1443091679614406
012046,2024,11,Castiglione Olona,7635.0,6.9003,144.0733464309103,1.5941335883947076
012047,2024,6,Castronno,5042.0,3.759,119.0003966679889,1.596169193934557
012048,2024,5,Cavaria con Premezzo,5692.0,3.3176,87.84258608573435,1.5071135760790932
012049,2024,3,Cazzago Brabbia,799.0,4.0039,375.4693366708385,0.7492694622742826
012050,2024,18,Cislago,10328.0,11.1336,174.28350116189003,1.6167277430480709
012051,2024,4,Cittiglio,3797.0,11.1074,105.34632604687913,0.36012028017357794
012052,2024,1,Clivio,1909.0,2.9838,52.38344683080147,0.3351431061063074
012053,2024,8,Cocquio-Trevisago,4612.0,9.8056,173.46053772766695,0.8158603247124092
012054,2024,5,Comabbio,1228.0,4.6874,407.1661237785016,1.0666894227076844
012055,2024,1,Comerio,2880.0,5.5493,34.72222222222222,0.1802029084749428
012056,2024,2,Cremenaga,774.0,4.551,258.3979328165375,0.43946385409800043
012058,2024,1,Cuasso al Monte,3598.0,16.1837,27.79321845469705,0.06179056705203383
012059,2024,1,Cugliate-Fabiasco,3046.0,6.5438,32.829940906106366,0.1528164063693878
012060,2024,10,Cunardo,2902.0,6.0591,344.5899379738112,1.6504101269165388
012062,2024,2,Cuveglio,3266.0,7.5272,61.2369871402327,0.26570305027101715
012063,2024,2,Cuvio,1626.0,5.959,123.00123001230013,0.3356267830172848
012065,2024,2,Dumenza,1474.0,18.3987,135.68521031207598,0.10870333230065167
012067,2024,24,Fagnano Olona,12350.0,8.6809,194.33198380566802,2.7646902970890115
012068,2024,10,Ferno,6765.0,8.6579,147.81966001478196,1.1550144954319177
012069,2024,3,Ferrera di Varese,702.0,1.5265,427.35042735042737,1.965280052407468
012070,2024,281,Gallarate,52787.0,20.9823,532.3280353117245,13.392240126201608
012071,2024,1,Galliate Lombardo,989.0,3.2748,101.11223458038423,0.30536215952119217
012072,2024,21,Gavirate,9068.0,12.0086,231.58359064843407,1.7487467315090852
012073,2024,24,Gazzada Schianno,4538.0,4.8411,528.8673424416043,4.957550969820908
012074,2024,5,Gemonio,2884.0,3.6747,173.37031900138697,1.360655291588429
012075,2024,18,Gerenzano,10804.0,9.7868,166.60496112550908,1.8392119998365146
012076,2024,6,Germignaga,3822.0,4.6598,156.98587127158558,1.287608910253659
012077,2024,6,Golasecca,2641.0,7.4364,227.1866717152594,0.8068420203324189
012078,2024,3,Gorla Maggiore,4922.0,5.158,60.950832994717594,0.5816207832493214
012079,2024,25,Gorla Minore,8132.0,7.4805,307.4274471224791,3.3420225920727225
012080,2024,3,Gornate Olona,2161.0,4.6957,138.82461823229985,0.6388823817535191
012083,2024,16,Induno Olona,10303.0,12.3655,155.29457439580705,1.2939226072540535
012084,2024,8,Ispra,5208.0,15.9092,153.60983102918587,0.502853694717522
012085,2024,17,Jerago con Orago,5241.0,3.8742,324.36557908796027,4.388002684425172
012086,2024,17,Lavena Ponte Tresa,5812.0,4.4421,292.49827942188574,3.827018752391887
012087,2024,2,Laveno-Mombello,8380.0,23.5301,23.86634844868735,0.08499751382272068
012089,2024,7,Lonate Ceppino,5052.0,4.8367,138.55898653998418,1.4472677652118178
012090,2024,40,Lonate Pozzolo,11483.0,29.2406,348.3410258643212,1.3679609857526862
012091,2024,11,Lozza,1225.0,1.7099,897.9591836734694,6.433124744137084
012092,2024,35,Luino,14207.0,21.0057,246.35742943619343,1.6662144084700818
012096,2024,28,Malnate,16391.0,9.0012,170.82545299249588,3.1106963515975643
012097,2024,7,Marchirolo,3492.0,5.4904,200.45819014891177,1.274952644616057
012098,2024,10,Marnate,8010.0,4.8464,124.84394506866417,2.0633872565203037
012101,2024,1,Mercallo,1776.0,5.4816,56.306306306306304,0.18242848803269118
012102,2024,3,Mesenzana,1623.0,4.8831,184.84288354898337,0.61436382625791
012103,2024,1,Montegrino Valtravaglia,1492.0,10.1012,67.02412868632707,0.0989981388349899
012105,2024,6,Morazzone,4255.0,5.6025,141.0105757931845,1.07095046854083
012106,2024,9,Mornago,4945.0,12.2356,182.0020222446916,0.7355585341135702
012107,2024,3,Oggiona con Santo Stefano,4308.0,2.7451,69.63788300835655,1.0928563622454557
012108,2024,55,Olgiate Olona,12585.0,7.2066,437.02820818434645,7.631892986984154
012109,2024,15,Origgio,7909.0,7.9149,189.65735238336072,1.895159761967934
012113,2024,9,Porto Ceresio,2850.0,5.3374,315.7894736842105,1.6862142616255107
012114,2024,5,Porto Valtravaglia,2294.0,16.3739,217.9598953792502,0.3053640244535511
012115,2024,7,Rancio Valcuvia,904.0,4.4481,774.3362831858407,1.5737056271216923
012116,2024,2,Ranco,1240.0,6.7632,161.29032258064515,0.2957180033120416
012117,2024,3,Saltrio,2987.0,3.439,100.43521928356209,0.8723466123873219
012118,2024,37,Samarate,16065.0,16.014,230.31434796140678,2.3104783314599726
012119,2024,136,Saronno,38755.0,11.0575,350.92246161785573,12.299344336423243
012120,2024,32,Sesto Calende,11055.0,25.0379,289.4617819990954,1.2780624573147108
012121,2024,9,Solbiate Arno,4014.0,3.0347,224.2152466367713,2.965696773980954
012122,2024,7,Solbiate Olona,5341.0,4.9318,131.06159895150722,1.419360071373535
012123,2024,60,Somma Lombardo,17785.0,30.5053,337.36294630306435,1.966871330555674
012124,2024,3,Sumirago,6014.0,11.7498,49.88360492184902,0.25532349486799777
012126,2024,1,Ternate,2537.0,4.6798,39.41663381947181,0.21368434548484977
012127,2024,16,Tradate,18797.0,21.4775,85.11996595201362,0.7449656617390292
012128,2024,6,Travedona-Monate,3989.0,9.5968,150.41363750313363,0.6252084028009336
012129,2024,1,Tronzano Lago Maggiore,219.0,11.0619,456.62100456621005,0.09040038329762519
012130,2024,21,Uboldo,10607.0,10.7362,197.98246441029508,1.9559993293716584
012131,2024,9,Valganna,1587.0,12.4185,567.1077504725898,0.7247252083584974
012132,2024,2,Varano Borghi,2446.0,3.3321,81.76614881439085,0.6002220821704031
012133,2024,373,Varese,79350.0,54.8393,470.06931316950215,6.801691487673986
012134,2024,17,Vedano Olona,7328.0,7.0848,231.9868995633188,2.3995031616982834
012136,2024,12,Venegono Inferiore,5980.0,5.8788,200.6688963210702,2.0412329046744233
012137,2024,9,Venegono Superiore,7289.0,6.7338,123.47372753464124,1.3365410318096766
012138,2024,20,Vergiate,8641.0,21.7832,231.4546927438954,0.9181387491277682
012139,2024,3,Viggiù,5079.0,9.2627,59.06674542232723,0.3238796463234262
012140,2024,5,Vizzola Ticino,574.0,7.6059,871.0801393728223,0.657384398953444
012141,2024,2,Sangiano,1483.0,2.2206,134.86176668914362,0.900657479960371
012142,2024,3,Maccagno con Pino e Veddasca,2423.0,41.9571,123.81345439537762,0.07150160521103699
012143,2024,6,Cadrezzate con Osmate,2638.0,8.2455,227.44503411675512,0.7276696379843551
013003,2024,18,Albavilla,6359.0,10.3792,283.06337474445667,1.734237706181594
013004,2024,12,Albese con Cassano,4187.0,7.9506,286.60138524002866,1.5093200513168818
013005,2024,5,Albiolo,2709.0,2.8386,184.56995201181246,1.7614316916789967
013007,2024,11,Alzate Brianza,4827.0,7.5847,227.88481458462812,1.4502880799504265
013009,2024,3,Anzano del Parco,1786.0,3.245,167.97312430011198,0.9244992295839753
013010,2024,8,Appiano Gentile,7652.0,12.8076,104.54783063251438,0.6246291264561666
013011,2024,10,Argegno,686.0,4.1121,1457.725947521866,2.4318474745263976
013012,2024,12,Arosio,5106.0,2.5822,235.01762632197415,4.647200061962668
013013,2024,7,Asso,3562.0,6.5106,196.51880965749578,1.0751697232205941
013015,2024,3,Barni,563.0,5.7157,532.8596802841919,0.5248700946515737
013022,2024,6,Beregazzo con Figliaro,2787.0,3.8047,215.28525296017222,1.5769968722895367
013023,2024,7,Binago,4765.0,7.1194,146.90451206715633,0.9832289237857124
013024,2024,1,Bizzarone,1728.0,2.6705,57.87037037037037,0.3744617112900206
013026,2024,4,Blevio,1143.0,5.4718,349.9562554680665,0.731020870645857
013028,2024,16,Bregnano,6439.0,6.1737,248.48578971890046,2.5916387255616566
013029,2024,1,Brenna,2165.0,4.8311,46.18937644341801,0.20699219639419594
013030,2024,5,Brienno,335.0,8.972,1492.5373134328358,0.5572893446277307
013034,2024,4,Bulgarograsso,4026.0,3.7733,99.35419771485346,1.0600800360427212
013035,2024,15,Cabiate,7416.0,3.1784,202.26537216828478,4.719355650641832
013036,2024,7,Cadorago,7957.0,7.1615,87.97285409073771,0.9774488584793688
013041,2024,119,Cantù,39469.0,23.2534,301.5024449568015,5.117531199738533
013042,2024,16,Canzo,5182.0,11.1053,308.76109610189116,1.440753514087868
013043,2024,7,Capiago Intimiano,5470.0,5.7175,127.97074954296161,1.224311324879755
013044,2024,4,Carate Urio,1122.0,6.9442,356.50623885918003,0.5760202759137121
013045,2024,3,Carbonate,2918.0,4.9237,102.8101439342015,0.6092978857363365
013046,2024,9,Carimate,4416.0,5.1719,203.80434782608694,1.7401728571704789
013047,2024,8,Carlazzo,3103.0,12.7329,257.8150177247825,0.6282936330293962
013048,2024,9,Carugo,6564.0,4.1945,137.11151736745887,2.1456669448086783
013052,2024,2,Caslino d'Erba,1646.0,6.8896,121.5066828675577,0.29029261495587555
013053,2024,2,Casnate con Bernate,4990.0,5.2221,40.08016032064128,0.38298768694586466
013055,2024,4,Cassina Rizzardi,3338.0,3.5073,119.83223487118035,1.1404784307016793
013058,2024,5,Castelmarte,1249.0,1.9723,400.3202562049639,2.5351112913856917
013059,2024,1,Castelnuovo Bozzente,911.0,3.622,109.76948408342481,0.27609055770292656
013064,2024,34,Cermenate,9199.0,8.1831,369.6053918904229,4.154904620498344
013065,2024,13,Cernobbio,6498.0,12.2813,200.06155740227763,1.0585198635323623
013068,2024,7,Cirimido,2080.0,2.6263,336.53846153846155,2.6653466854510146
013071,2024,4,Claino con Osteno,566.0,12.9034,706.7137809187279,0.30999581505649676
013074,2024,1,Colonno,469.0,5.6171,213.21961620469082,0.1780278079436008
013075,2024,406,Como,84250.0,37.1412,481.89910979228483,10.931256933001627
013083,2024,2,Cremia,687.0,10.1382,291.1208151382824,0.19727367777317473
013084,2024,9,Cucciago,3456.0,4.9305,260.41666666666663,1.825372680255552
013085,2024,2,Cusino,214.0,9.6466,934.5794392523363,0.20732693384197542
013087,2024,2,Dizzasco,602.0,3.6082,332.22591362126246,0.5542929992794191
013089,2024,8,Domaso,1462.0,6.2764,547.1956224350205,1.2746160219233957
013090,2024,12,Dongo,3253.0,7.0436,368.89025514909315,1.7036742574819694
013095,2024,43,Erba,16208.0,17.8017,265.3010858835143,2.4154996432924944
013097,2024,6,Eupilio,2583.0,6.9373,232.28803716608596,0.8648897986248253
013098,2024,2,Faggeto Lario,1169.0,17.523,171.0863986313088,0.11413570735604633
013099,2024,2,Faloppio,4795.0,4.1414,41.71011470281543,0.4829284782923649
013100,2024,13,Fenegrò,3180.0,5.3603,408.80503144654085,2.425237393429472
013101,2024,3,Figino Serenza,5030.0,4.9561,59.642147117296226,0.605314662738847
013102,2024,31,Fino Mornasco,9803.0,7.2711,316.22972559420583,4.2634539478208255
013107,2024,8,Gera Lario,1049.0,7.1792,762.6310772163965,1.1143302874972143
013110,2024,11,Grandate,2809.0,2.825,391.5984336062656,3.893805309734513
013111,2024,4,Grandola ed Uniti,1300.0,16.8991,307.6923076923077,0.2366989958045103
013113,2024,6,Griante,595.0,6.5458,1008.4033613445379,0.9166182895902717
013114,2024,5,Guanzate,5816.0,6.9053,85.96973865199449,0.7240815026139342
013118,2024,20,Inverigo,9169.0,9.9865,218.12629512487732,2.002703649927402
013119,2024,4,Laglio,891.0,6.1961,448.93378226711565,0.6455673730249673
013120,2024,1,Laino,536.0,6.6825,186.56716417910448,0.14964459408903852
013121,2024,4,Lambrugo,2529.0,1.836,158.16528272044286,2.178649237472767
013123,2024,1,Lasnigo,462.0,5.5255,216.45021645021646,0.1809790969143064
013126,2024,2,Lezzeno,1996.0,20.7039,100.2004008016032,0.09660015745825665
013128,2024,3,Limido Comasco,3860.0,4.5636,77.720207253886,0.6573757559821194
013129,2024,11,Lipomo,5950.0,2.2977,184.87394957983193,4.7873960917439184
013131,2024,3,Locate Varesino,4278.0,6.0364,70.12622720897616,0.4969849579219402
013133,2024,34,Lomazzo,9998.0,9.477,340.0680136027205,3.5876332172628467
013134,2024,1,Longone al Segrino,1929.0,1.6045,51.84033177812338,0.6232471174820816
013135,2024,5,Luisago,2738.0,2.1613,182.61504747991236,2.3134224772127885
013136,2024,8,Lurago d'Erba,5386.0,4.6988,148.53323431117713,1.702562356346301
013137,2024,1,Lurago Marinone,2570.0,3.8854,38.91050583657588,0.2573737581716168
013138,2024,18,Lurate Caccivio,9742.0,5.9357,184.76698829809075,3.0324982731607055
013143,2024,66,Mariano Comense,25214.0,13.8027,261.75934004917906,4.781673150905258
013145,2024,7,Menaggio,3073.0,11.7701,227.7904328018223,0.5947273175249148
013147,2024,8,Merone,4064.0,3.2814,196.8503937007874,2.4379837874078136
013152,2024,10,Moltrasio,1569.0,8.8973,637.3486297004462,1.1239364751104268
013153,2024,1,Monguzzo,2364.0,3.727,42.301184433164124,0.26831231553528306
013154,2024,10,Montano Lucino,5287.0,5.2231,189.14318138831095,1.9145718060155847
013159,2024,9,Mozzate,8656.0,10.6815,103.97412199630314,0.8425782895660722
013161,2024,2,Nesso,1172.0,15.0301,170.64846416382252,0.13306631359738127
013163,2024,6,Novedrate,2860.0,2.921,209.7902097902098,2.0540910647038686
013165,2024,25,Olgiate Comasco,11735.0,10.9644,213.03792074989346,2.2801065265769216
013169,2024,5,Oltrona di San Mamette,2380.0,2.688,210.08403361344537,1.8601190476190474
013170,2024,2,Orsenigo,2674.0,4.4607,74.79431563201196,0.44836012285067367
013184,2024,1,Pigra,245.0,4.5334,408.16326530612247,0.22058499139718532
013185,2024,1,Plesio,832.0,16.904,120.1923076923077,0.059157595835305256
013188,2024,2,Ponte Lambro,4270.0,3.3802,46.8384074941452,0.5916809656233359
013189,2024,21,Porlezza,4847.0,18.6399,433.2576851660821,1.1266154861345823
013192,2024,2,Proserpio,908.0,2.2991,220.26431718061676,0.8699056152407463
013193,2024,7,Pusiano,1366.0,3.2026,512.4450951683748,2.185724099169425
013197,2024,1,Rodero,1258.0,2.5208,79.4912559618442,0.3966994604887337
013201,2024,1,Rovellasca,7971.0,3.5679,12.545477355413375,0.28027691359062756
013202,2024,6,Rovello Porro,6217.0,5.5316,96.50957053241113,1.0846771277749656
013203,2024,4,Sala Comacina,481.0,4.7342,831.6008316008316,0.8449157196569641
013206,2024,3,San Fermo della Battaglia,7774.0,5.7797,38.59017236943659,0.5190580825994429
013212,2024,7,Senna Comasco,3157.0,2.7868,221.72949002217294,2.5118415386823596
013216,2024,9,Sorico,1235.0,24.437,728.744939271255,0.36829398043949746
013217,2024,2,Sormano,632.0,10.7425,316.4556962025316,0.18617640214102862
013222,2024,11,Tavernerio,5740.0,11.8815,191.6376306620209,0.9258090308462735
013223,2024,3,Torno,1123.0,7.5288,267.1415850400712,0.3984698756773988
013227,2024,27,Turate,9481.0,10.2824,284.780086488767,2.625846105967478
013229,2024,5,Valbrona,2606.0,13.6474,191.8649270913277,0.3663701510910503
013232,2024,3,Valmorea,2629.0,3.132,114.11182959300113,0.9578544061302682
013234,2024,2,Valsolda,1453.0,31.7405,137.64624913971093,0.06301097966320632
013238,2024,12,Veniano,3070.0,3.1517,390.8794788273616,3.8074689849922265
013242,2024,3,Vertemate con Minoprio,4145.0,5.7469,72.37635705669481,0.5220205676103639
013245,2024,7,Villa Guardia,7933.0,7.8577,88.23900163872432,0.8908459218346335
013246,2024,2,Zelbio,186.0,4.5952,1075.268817204301,0.4352367688022284
013248,2024,5,San Siro,1718.0,18.7866,291.03608847497094,0.2661471474348738
013249,2024,7,Gravedona ed Uniti,4080.0,39.852,171.5686274509804,0.17564990464719463
013250,2024,9,Bellagio,3611.0,29.0589,249.23843810578788,0.3097157841487462
013251,2024,3,Colverde,5403.0,8.5814,55.52470849528041,0.3495933064534924
013252,2024,19,Tremezzina,5046.0,29.4097,376.53586999603647,0.6460453523837373
013253,2024,5,Alta Valle Intelvi,2973.0,24.9508,168.18028927009755,0.2003943761322282
013254,2024,6,Centro Valle Intelvi,3554.0,19.6566,168.82386043894203,0.3052409877598364
013255,2024,6,Solbiate con Cagno,4642.0,7.6232,129.25463162429986,0.7870710462797775
013256,2024,3,,,,,
014001,2024,5,Albaredo per San Marco,288.0,18.9604,1736.111111111111,0.26370751671905657
014002,2024,10,Albosaggia,3021.0,34.3464,331.01621979476994,0.2911513288146647
014004,2024,2,Aprica,1496.0,20.3652,133.6898395721925,0.09820674483923555
014005,2024,8,Ardenno,3213.0,17.1442,248.98848428260195,0.4666301139744053
014007,2024,12,Berbenno di Valtellina,4045.0,35.5949,296.6625463535228,0.33712694796164616
014008,2024,3,Bianzone,1273.0,17.1065,235.6637863315004,0.1753719346447257
014009,2024,12,Bormio,4074.0,41.4364,294.5508100147275,0.28960044791535944
014010,2024,2,Buglio in Monte,1961.0,27.707,101.98878123406426,0.07218392463998267
014011,2024,2,Caiolo,1056.0,32.9723,189.3939393939394,0.060656975703848384
014012,2024,1,Campodolcino,922.0,48.4884,108.45986984815619,0.020623489329406622
014013,2024,2,Caspoggio,1345.0,7.3122,148.6988847583643,0.2735154946527721
014014,2024,2,Castello dell'Acqua,606.0,14.07,330.03300330033005,0.1421464108031272
014015,2024,6,Castione Andevenno,1548.0,17.0329,387.5968992248062,0.35225945082751614
014016,2024,1,Cedrasco,435.0,14.4204,229.88505747126436,0.06934620398879365
014018,2024,5,Chiavenna,7144.0,10.7742,69.98880179171333,0.4640715784002524
014019,2024,1,Chiesa in Valmalenco,2370.0,107.5975,42.19409282700422,0.009293896233648551
014020,2024,8,Chiuro,2439.0,51.7567,328.0032800328003,0.15456936010217034
014023,2024,6,Colorina,1353.0,17.8352,443.4589800443459,0.33641338476720195
014024,2024,13,Cosio Valtellino,5409.0,23.9902,240.34017378443338,0.5418879375745096
014026,2024,5,Delebio,3286.0,22.438,152.16068167985392,0.22283625991621359
014027,2024,8,Dubino,3702.0,13.2392,216.09940572663425,0.6042661187987189
014029,2024,6,Forcola,770.0,15.8975,779.2207792207793,0.3774178329926089
014030,2024,1,Fusine,552.0,37.595,181.15942028985506,0.026599281819390877
014032,2024,2,Gordona,1938.0,62.7928,103.19917440660474,0.03185078544036896
014033,2024,7,Grosio,4412.0,126.9158,158.6582048957389,0.05515467735301672
014034,2024,2,Grosotto,1635.0,53.1233,122.32415902140671,0.03764826356796359
014035,2024,3,Madesimo,545.0,85.6544,550.4587155963303,0.0350244704300071
014036,2024,2,Lanzada,1281.0,117.165,156.12802498048399,0.017069944095933084
014037,2024,12,Livigno,6887.0,227.2927,174.2413242340642,0.05279536034373299
014038,2024,1,Lovero,633.0,13.4606,157.9778830963665,0.0742908934222843
014039,2024,2,Mantello,752.0,3.7844,265.9574468085106,0.5284853609555015
014040,2024,3,Mazzo di Valtellina,1017.0,15.3245,294.9852507374631,0.1957649515481745
014044,2024,8,Montagna in Valtellina,2945.0,44.9738,271.6468590831919,0.1778813442493185
014045,2024,22,Morbegno,12237.0,14.816,179.78262646073384,1.4848812095032398
014046,2024,3,Novate Mezzola,1872.0,99.7437,160.25641025641025,0.030077087575455894
014048,2024,3,Piantedo,1427.0,6.8047,210.2312543798178,0.44087175040780635
014049,2024,7,Piateda,2083.0,70.7998,336.0537686029765,0.09887033579190901
014051,2024,4,Poggiridenti,1829.0,2.8988,218.69874248223073,1.3798813302056023
014052,2024,1,Ponte in Valtellina,2258.0,67.7265,44.286979627989375,0.014765269133943139
014053,2024,4,Postalesio,644.0,10.5844,621.1180124223602,0.3779146668682211
014054,2024,5,Prata Camportaccio,2886.0,27.9382,173.25017325017325,0.17896643305581605
014055,2024,1,Rasura,290.0,6.0003,344.82758620689657,0.16665833374997915
014056,2024,2,Rogolo,541.0,12.8248,369.68576709796673,0.1559478510386127
014057,2024,8,Samolaco,2834.0,45.7953,282.28652081863095,0.1746904158286986
014058,2024,1,San Giacomo Filippo,360.0,61.8501,277.77777777777777,0.01616812260610735
014060,2024,3,Sondalo,3970.0,95.4525,75.56675062972292,0.03142924491239098
014061,2024,41,Sondrio,21202.0,20.8748,193.3779832091312,1.9640906739226243
014063,2024,14,Talamona,4638.0,21.0512,301.854247520483,0.6650452230751691
014065,2024,19,Teglio,4445.0,115.3175,427.44656917885266,0.1647625035228825
014066,2024,17,Tirano,8829.0,32.3745,192.5472873485106,0.525104634820615
014067,2024,1,Torre di Santa Maria,756.0,44.2368,132.27513227513228,0.022605613425925923
014068,2024,1,Tovo di Sant'Agata,648.0,11.1463,154.320987654321,0.08971586984021604
014069,2024,3,Traona,2828.0,6.3664,106.08203677510608,0.47122392560944965
014070,2024,5,Tresivio,2007.0,15.0134,249.1280518186348,0.33303582133294257
014071,2024,12,Valdidentro,4153.0,226.7227,288.9477486154587,0.05292809233482135
014072,2024,4,Valdisotto,3607.0,89.5706,110.89548100914888,0.04465751038845336
014073,2024,4,Valfurva,2525.0,214.9861,158.41584158415841,0.01860585405288993
014074,2024,1,Val Masino,865.0,116.7085,115.60693641618498,0.0085683562037041
014075,2024,3,Verceia,1061.0,11.3774,282.7521206409048,0.2636806300209187
014076,2024,1,Vervio,209.0,12.4053,478.46889952153106,0.08061070671406576
014078,2024,18,Villa di Tirano,2925.0,24.7393,615.3846153846154,0.7275872801574822
015002,2024,103,Abbiategrasso,32476.0,47.7776,317.1572853799729,2.1558219751515355
015005,2024,16,Albairate,4670.0,14.9817,342.6124197002141,1.0679695895659371
015007,2024,16,Arconate,6686.0,8.421,239.30601256356567,1.9000118750742194
015009,2024,45,Arese,19463.0,6.5763,231.20793300107897,6.8427535240180655
015010,2024,31,Arluno,12196.0,12.3585,254.18169891767792,2.508395031759518
015011,2024,63,Assago,9260.0,8.0523,680.3455723542116,7.823851570358779
015012,2024,55,Bareggio,17253.0,11.3842,318.7851388164377,4.831257356687338
015014,2024,12,Basiano,3665.0,4.5856,327.4215552523874,2.6168876482903
015015,2024,11,Basiglio,7933.0,8.4922,138.66128828942394,1.295306281057912
015016,2024,10,Bellinzago Lombardo,3797.0,4.5903,263.36581511719777,2.1785068514040478
015019,2024,10,Bernate Ticino,3018.0,12.1619,331.34526176275676,0.8222399460610595
015024,2024,31,Binasco,7199.0,3.8715,430.6153632448951,8.007232338886736
015026,2024,13,Boffalora sopra Ticino,4073.0,7.6536,319.17505524183645,1.6985470889516046
015027,2024,78,Bollate,36239.0,13.1096,215.23772731035623,5.949838286446574
015032,2024,46,Bresso,26172.0,3.3824,175.76035457741096,13.599810785241248
015035,2024,2,Bubbiano,2438.0,2.949,82.03445447087778,0.678195998643608
015036,2024,82,Buccinasco,27015.0,12.0056,303.5350731075328,6.830145931898448
015038,2024,8,Buscate,4553.0,7.8322,175.70832418185813,1.0214243762927402
015040,2024,6,Bussero,8380.0,4.5863,71.59904534606206,1.3082441183524847
015041,2024,26,Busto Garolfo,13991.0,12.9872,185.83375026802946,2.001971171615129
015042,2024,1,Calvignasco,1240.0,1.7272,80.64516129032258,0.5789717461787864
015044,2024,12,Cambiago,7113.0,7.1802,168.7051876845213,1.6712626389237069
015046,2024,17,Canegrate,12466.0,5.2538,136.37092892668056,3.2357531691347217
015050,2024,15,Carpiano,4153.0,17.2436,361.1846857693234,0.869887958430954
015051,2024,20,Carugate,15581.0,5.386,128.36146588794043,3.713330857779428
015055,2024,10,Casarile,4025.0,7.3249,248.4472049689441,1.3652063509399446
015058,2024,5,Casorezzo,5513.0,6.5951,90.6947215672048,0.758138618064927
015059,2024,55,Cassano d'Adda,19151.0,18.601,287.1912693854107,2.9568302779420463
015060,2024,17,Cassina de' Pecchi,13920.0,7.2095,122.1264367816092,2.3579998612941258
015061,2024,1,Cassinetta di Lugagnano,1853.0,3.3175,53.96654074473826,0.30143180105501133
015062,2024,20,Castano Primo,10980.0,19.1729,182.14936247723134,1.0431390139206902
015070,2024,78,Cernusco sul Naviglio,35012.0,13.2206,222.78076088198333,5.899883515120343
015071,2024,10,Cerro al Lambro,5093.0,9.9631,196.34792852935402,1.0037036665294938
015072,2024,56,Cerro Maggiore,15021.0,10.1212,372.81139737700556,5.5329407580128835
015074,2024,50,Cesano Boscone,23686.0,3.9388,211.09516169889386,12.69422159033208
015076,2024,16,Cesate,14276.0,5.7681,112.07621182404036,2.773877013227926
015077,2024,348,Cinisello Balsamo,74636.0,12.7241,466.2629294174393,27.349675026131514
015078,2024,6,Cisliano,4929.0,14.6764,121.72854534388314,0.40881960153716174
015081,2024,146,Cologno Monzese,47208.0,8.4021,309.2696153194374,17.376608228895154
015082,2024,2,Colturano,2009.0,4.1644,99.55201592832255,0.4802612621265969
015085,2024,45,Corbetta,18600.0,18.6867,241.93548387096774,2.408129846361316
015086,2024,126,Cormano,20317.0,4.4734,620.1703007333759,28.16649528322976
015087,2024,13,Cornaredo,20590.0,11.0674,63.13744536182613,1.1746209588521244
015093,2024,114,Corsico,34601.0,5.3556,329.47024652466695,21.2861304055568
015096,2024,21,Cuggiono,8194.0,14.9253,256.2850866487674,1.4070068943337823
015097,2024,7,Cusago,4315.0,11.4585,162.22479721900348,0.610900205087926
015098,2024,50,Cusano Milanino,18787.0,3.0817,266.14148081119924,16.22481098095207
015099,2024,9,Dairago,6332.0,5.6355,142.1351863550221,1.5970188980569602
015101,2024,1,Dresano,3006.0,3.479,33.266799733865604,0.2874389192296637
015103,2024,35,Gaggiano,9225.0,26.2559,379.4037940379404,1.3330337181357332
015105,2024,75,Garbagnate Milanese,26771.0,8.9131,280.15389787456576,8.414580785585262
015106,2024,17,Gessate,8842.0,7.7593,192.26419362135263,2.190919283956027
015108,2024,53,Gorgonzola,20899.0,10.5801,253.60065074883968,5.009404447973082
015110,2024,7,Grezzago,3067.0,2.4595,228.23606129768504,2.846106932303314
015112,2024,1,Gudo Visconti,1614.0,6.1012,61.95786864931846,0.1639021831770799
015113,2024,23,Inveruno,8525.0,12.1348,269.79472140762465,1.8953752843062925
015114,2024,28,Inzago,11255.0,12.2054,248.77832074633497,2.29406656070264
015115,2024,18,Lacchiarella,9060.0,24.0401,198.67549668874173,0.7487489652705271
015116,2024,97,Lainate,26137.0,12.8701,371.121398783334,7.536848975532435
015118,2024,295,Legnano,59855.0,17.697,492.8577395372149,16.669492004294515
015122,2024,14,Liscate,4042.0,9.4068,346.36318654131617,1.4882850703746224
015125,2024,21,Locate di Triulzi,10290.0,12.6103,204.08163265306123,1.6653053456301594
015130,2024,75,Magenta,24107.0,21.992,311.1129547434355,3.41033102946526
015131,2024,12,Magnago,9268.0,11.23,129.4777729823047,1.068566340160285
015134,2024,10,Marcallo con Casone,6134.0,8.2083,163.02575806977504,1.2182790590012549
015136,2024,2,Masate,3580.0,4.3852,55.865921787709496,0.4560795402718234
015139,2024,26,Mediglia,12220.0,21.9547,212.76595744680853,1.1842566739695828
015140,2024,68,Melegnano,18011.0,4.9985,377.54705457775805,13.60408122436731
015142,2024,38,Melzo,18566.0,9.8204,204.67521275449747,3.8694961508696184
015144,2024,8,Mesero,4199.0,5.6397,190.5215527506549,1.418515169246591
015146,2024,7743,Milano,1374582.0,181.6783,563.2985154759774,42.61928915010763
015150,2024,3,Morimondo,1032.0,26.0014,290.69767441860466,0.115378402701393
015154,2024,32,Nerviano,16973.0,13.243,188.53473163259292,2.4163709129351356
015155,2024,1,Nosate,640.0,4.8763,156.25,0.20507351885651007
015157,2024,69,Novate Milanese,20056.0,5.4619,344.03669724770646,12.632966550101614
015158,2024,12,Noviglio,4514.0,15.8582,265.8396101019052,0.7567063096694454
015159,2024,38,Opera,14100.0,7.6385,269.50354609929076,4.974798717025594
015164,2024,16,Ossona,4276.0,5.9834,374.1814780168382,2.6740649129257617
015165,2024,8,Ozzero,1418.0,10.9731,564.1748942172073,0.7290555996026646
015166,2024,142,Paderno Dugnano,47380.0,14.1139,299.70451667370196,10.061003691396426
015167,2024,4,Pantigliate,5862.0,5.6921,68.2360968952576,0.7027283427908856
015168,2024,88,Parabiago,27919.0,14.3077,315.197535728357,6.150534327669716
015169,2024,18,Paullo,11147.0,8.8211,161.47842468825692,2.0405618346918186
015170,2024,57,Pero,11451.0,4.9782,497.77312025150644,11.449921658430757
015171,2024,42,Peschiera Borromeo,23847.0,23.2212,176.12278273996728,1.808692057258023
015172,2024,14,Pessano con Bornago,9025.0,6.6624,155.12465373961217,2.101344860710855
015173,2024,41,Pieve Emanuele,15699.0,12.9138,261.1631314096439,3.1748981709489073
015175,2024,68,Pioltello,36147.0,13.0937,188.12072924447395,5.19333725379381
015176,2024,28,Pogliano Milanese,8329.0,4.7848,336.1748109016689,5.851864236749708
015177,2024,4,Pozzo d'Adda,6345.0,4.1648,63.04176516942475,0.9604302727621975
015178,2024,21,Pozzuolo Martesana,8547.0,12.1394,245.7002457002457,1.7299042786299157
015179,2024,13,Pregnana Milanese,7330.0,5.0744,177.35334242837652,2.561879236954123
015181,2024,28,Rescaldina,14057.0,8.0299,199.18901614853812,3.4869674591215336
015182,2024,208,Rho,50742.0,22.2431,409.9168341807576,9.35121453394536
015183,2024,5,Robecchetto con Induno,4775.0,13.928,104.71204188481677,0.35898908673176333
015184,2024,6,Robecco sul Naviglio,6758.0,19.7849,88.78366380585972,0.3032615782743405
015185,2024,6,Rodano,4613.0,13.0728,130.0672013873835,0.45896823939783365
015188,2024,15,Rosate,5799.0,18.6816,258.6652871184687,0.8029290853031861
015189,2024,151,Rozzano,41844.0,12.2433,360.86416212599175,12.333276159205443
015191,2024,13,San Colombano al Lambro,7275.0,16.5504,178.6941580756014,0.7854795050270689
015192,2024,110,San Donato Milanese,32545.0,12.8731,337.9935473959133,8.544950322766077
015194,2024,8,San Giorgio su Legnano,6681.0,2.168,119.74255350995361,3.6900369003690034
015195,2024,155,San Giuliano Milanese,39308.0,30.8676,394.32176656151415,5.021446435744924
015200,2024,8,Santo Stefano Ticino,4938.0,4.9662,162.00891049007697,1.6108896137892152
015201,2024,16,San Vittore Olona,8274.0,3.4807,193.37684312303602,4.596776510472031
015202,2024,13,San Zenone al Lambro,4422.0,7.2355,293.9846223428313,1.7966968419597815
015204,2024,18,Sedriano,12403.0,7.7527,145.1261791502056,2.321771769835025
015205,2024,98,Segrate,36482.0,17.4936,268.6256235951976,5.602048749256871
015206,2024,46,Senago,21307.0,8.5991,215.89149105927632,5.349397029921736
015209,2024,165,Sesto San Giovanni,80203.0,11.6992,205.7279652880815,14.103528446389497
015210,2024,7,Settala,7330.0,17.4236,95.49795361527967,0.4017539429279827
015211,2024,30,Settimo Milanese,20133.0,10.7192,149.0090895544628,2.7987163221135902
015213,2024,29,Solaro,13991.0,6.676,207.2761060681867,4.343918514080287
015219,2024,6,Trezzano Rosa,5297.0,3.4356,113.27166320558807,1.7464198393293748
015220,2024,22,Trezzano sul Naviglio,21453.0,10.7662,102.54975994033468,2.0434322230684923
015221,2024,28,Trezzo sull'Adda,11981.0,13.0534,233.70336365912695,2.1450350100356994
015222,2024,1,Tribiano,3654.0,6.9957,27.367268746579093,0.14294495189902368
015224,2024,17,Truccazzano,5853.0,21.9838,290.4493422176661,0.7732967002974919
015226,2024,3,Turbigo,7092.0,8.5193,42.301184433164124,0.3521416078785816
015229,2024,13,Vanzago,9318.0,6.0535,139.51491736424126,2.147517964813744
015230,2024,11,Vaprio d'Adda,9349.0,7.1545,117.6596427425393,1.537493884967503
015236,2024,7,Vernate,3304.0,14.6541,211.864406779661,0.47768201390737064
015237,2024,23,Vignate,9301.0,8.5527,247.28523814643586,2.689209255556725
015242,2024,30,Vimodrone,16816.0,4.7367,178.40152235965746,6.333523339033505
015243,2024,27,Vittuone,9244.0,6.1334,292.0813500649069,4.402126063847132
015244,2024,5,Vizzolo Predabissi,3898.0,5.6505,128.27090815802975,0.8848774444739403
015247,2024,34,Zibido San Giacomo,6867.0,24.5779,495.1215960390273,1.3833565927113383
015248,2024,14,Villa Cortese,6133.0,3.548,228.27327572150662,3.9458850056369785
015249,2024,10,Vanzaghello,5243.0,5.563,190.7304978065993,1.7975912277548087
015250,2024,24,Baranzate,11866.0,2.7721,202.25855385133997,8.65769633130118
015251,2024,11,Vermezzo con Zelo,5796.0,10.7368,189.78605935127675,1.0245138216228298
016003,2024,15,Albano Sant'Alessandro,8287.0,5.3528,181.00639555930977,2.802271708264833
016004,2024,50,Albino,17486.0,31.8094,285.94304014640284,1.5718624054524764
016005,2024,15,Almè,5487.0,2.0003,273.3734281027884,7.49887516872469
016006,2024,9,Almenno San Bartolomeo,6440.0,10.6064,139.75155279503107,0.8485442751546236
016007,2024,16,Almenno San Salvatore,5586.0,4.7305,286.4303616183316,3.3823063101152098
016008,2024,22,Alzano Lombardo,13440.0,13.6844,163.6904761904762,1.6076700476454941
016009,2024,2,Ambivere,2380.0,3.2756,84.03361344537815,0.6105751618024179
016010,2024,9,Antegnate,3163.0,9.727,284.539993676889,0.9252595867173846
016011,2024,6,Arcene,4803.0,4.3472,124.92192379762648,1.3801987486198013
016012,2024,3,Ardesio,3367.0,54.4369,89.1000891000891,0.055109677443057926
016013,2024,1,Arzago d'Adda,2717.0,9.3077,36.8052999631947,0.10743792773724979
016015,2024,1,Aviatico,551.0,8.4898,181.48820326678765,0.1177884049094207
016016,2024,12,Azzano San Paolo,7567.0,4.2922,158.5833223206026,2.7957690694748614
016018,2024,19,Bagnatica,4355.0,6.5491,436.2801377726751,2.9011619917240536
016020,2024,10,Bariano,4228.0,7.0711,236.51844843897825,1.4142071247754946
016021,2024,4,Barzana,2013.0,2.0744,198.7083954297069,1.928268414963363
016023,2024,8,Berbenno,2410.0,6.1447,331.9502074688797,1.3019350008950803
016024,2024,893,Bergamo,119993.0,40.1515,744.2100789212705,22.24076310972193
016025,2024,1,Berzo San Fermo,1390.0,5.8641,71.94244604316548,0.17052915195852733
016026,2024,1,Bianzano,587.0,6.6704,170.35775127768315,0.14991604701367234
016028,2024,16,Bolgare,6433.0,8.591,248.7175501321312,1.8624141543475732
016029,2024,8,Boltiere,6223.0,4.2082,128.55535915153462,1.901050330307495
016030,2024,21,Bonate Sopra,10217.0,6.151,205.53978663012626,3.4140790115428388
016031,2024,13,Bonate Sotto,6613.0,6.4678,196.58248903674578,2.009957017842234
016032,2024,3,Borgo di Terzo,1159.0,1.8306,258.84383088869714,1.6388069485414618
016033,2024,3,Bossico,990.0,7.0906,303.030303030303,0.4230953656954277
016034,2024,8,Bottanuco,5014.0,5.7727,159.55325089748703,1.3858333188975696
016036,2024,1,Branzi,677.0,26.1864,147.7104874446086,0.038187761586166866
016037,2024,13,Brembate,8482.0,5.5323,153.2657392124499,2.34983641523417
016038,2024,13,Brembate di Sopra,7862.0,4.139,165.35232765199694,3.140855279052911
016040,2024,11,Brignano Gera d'Adda,6053.0,12.1106,181.72806872625145,0.9082952124585074
016042,2024,6,Brusaporto,5580.0,4.9947,107.52688172043011,1.2012733497507357
016043,2024,17,Calcinate,6071.0,15.0832,280.01976610113655,1.1270817863583324
016044,2024,6,Calcio,5389.0,15.6678,111.33791055854519,0.38295102056446984
016046,2024,19,Calusco d'Adda,8210.0,8.3336,231.42509135200976,2.279927042334645
016047,2024,13,Calvenzano,4264.0,6.724,304.8780487804878,1.933372992266508
016048,2024,1,Camerata Cornello,573.0,12.944,174.52006980802793,0.0772558714462299
016049,2024,9,Canonica d'Adda,4230.0,3.2052,212.76595744680853,2.8079371022089106
016050,2024,3,Capizzone,1192.0,4.6789,251.67785234899327,0.6411763448673834
016051,2024,11,Capriate San Gervasio,8160.0,5.7846,134.80392156862746,1.9016008021297928
016052,2024,1,Caprino Bergamasco,3038.0,8.7838,32.91639236339697,0.11384594366902707
016053,2024,56,Caravaggio,16170.0,33.3883,346.32034632034635,1.6772342407370247
016055,2024,10,Carobbio degli Angeli,4730.0,6.8209,211.41649048625794,1.466082188567491
016057,2024,3,Carvico,4645.0,4.5891,64.58557588805166,0.6537229522128521
016058,2024,4,Casazza,3865.0,7.1131,103.49288486416559,0.5623427197705642
016059,2024,8,Casirate d'Adda,4057.0,10.1746,197.1900419028839,0.7862716961846166
016060,2024,21,Casnigo,3108.0,13.6219,675.6756756756757,1.541635161027463
016062,2024,25,Castelli Calepio,10394.0,10.1528,240.5233788724264,2.4623749113545035
016063,2024,5,Castel Rozzone,2822.0,1.7066,177.1793054571226,2.929801945388492
016064,2024,2,Castione della Presolana,3361.0,42.5001,59.506099375185954,0.047058712803028695
016065,2024,8,Castro,1258.0,2.5891,635.9300476947536,3.0898767911629523
016066,2024,11,Cavernago,2653.0,7.6516,414.62495288352807,1.437607820586544
016067,2024,3,Cazzano Sant'Andrea,1646.0,2.0244,182.26002430133656,1.4819205690574986
016068,2024,3,Cenate Sopra,2528.0,6.9724,118.67088607594937,0.43026791348746485
016069,2024,7,Cenate Sotto,3913.0,4.6167,178.89087656529517,1.5162345398228172
016070,2024,2,Cene,4105.0,8.5992,48.721071863581,0.23257977486277795
016071,2024,3,Cerete,1589.0,14.0705,188.79798615481434,0.2132120393731566
016072,2024,3,Chignolo d'Isola,3390.0,5.5456,88.49557522123894,0.5409694171956145
016073,2024,17,Chiuduno,6027.0,6.8847,282.0640451302472,2.469243394773919
016074,2024,15,Cisano Bergamasco,6229.0,7.816,240.8091186386258,1.9191402251791199
016075,2024,18,Ciserano,5458.0,5.3074,329.7911322828875,3.391491125598221
016076,2024,8,Cividate al Piano,5029.0,9.728,159.07735136209982,0.8223684210526316
016077,2024,20,Clusone,8537.0,26.1901,234.27433524657377,0.7636473323889561
016078,2024,5,Colere,1105.0,18.6268,452.48868778280547,0.26843043356883634
016079,2024,17,Cologno al Serio,11059.0,18.5187,153.72095126141605,0.9179910036881639
016080,2024,2,Colzate,1618.0,6.7485,123.60939431396785,0.2963621545528636
016081,2024,5,Comun Nuovo,4393.0,6.4452,113.81743683132257,0.7757711164897909
016082,2024,1,Corna Imagna,930.0,4.5017,107.52688172043011,0.22213830330763937
016083,2024,6,Cortenuova,1937.0,7.349,309.7573567372225,0.8164376105592598
016084,2024,5,Costa di Mezzate,3348.0,5.2228,149.34289127837516,0.9573408899440913
016085,2024,4,Costa Valle Imagna,549.0,4.212,728.5974499089253,0.9496676163342831
016086,2024,23,Costa Volpino,8953.0,18.6664,256.8971294538144,1.2321604594351347
016087,2024,10,Covo,4165.0,12.9435,240.09603841536614,0.7725885579634566
016088,2024,3,Credaro,3524.0,3.4135,85.1305334846765,0.8788633367511351
016089,2024,38,Curno,7495.0,4.7049,507.00466977985326,8.076686008204213
016091,2024,84,Dalmine,23336.0,11.8075,359.9588618443607,7.11412237984332
016092,2024,2,Dossena,883.0,19.5582,226.50056625141565,0.1022588990806925
016093,2024,7,Endine Gaiano,3367.0,21.069,207.9002079002079,0.33224168209217336
016094,2024,4,Entratico,1961.0,4.1452,203.97756246812853,0.9649715333397665
016096,2024,5,Fara Gera d'Adda,7968.0,10.7926,62.75100401606426,0.46328039582677016
016097,2024,2,Fara Olivana con Sola,1313.0,5.0407,152.32292460015233,0.39677028984069673
016098,2024,6,Filago,3133.0,5.4233,191.5097350781998,1.1063374698062065
016099,2024,1,Fino del Monte,1119.0,4.2877,89.36550491510278,0.2332252722905054
016100,2024,3,Fiorano al Serio,2947.0,1.0601,101.79843909060061,2.829921705499481
016101,2024,2,Fontanella,4712.0,17.797,42.444821731748725,0.11237849075686913
016102,2024,1,Fonteno,553.0,10.929,180.83182640144665,0.09149967975112087
016104,2024,4,Foresto Sparso,3045.0,7.8683,131.36288998357963,0.5083690250753022
016105,2024,8,Fornovo San Giovanni,3393.0,7.0448,235.7795461243737,1.1355893708834885
016107,2024,1,Gandellino,972.0,25.1342,102.880658436214,0.03978642646274797
016108,2024,2,Gandino,5237.0,29.0319,38.18980332251289,0.06888973852899741
016109,2024,2,Gandosso,1445.0,3.1267,138.4083044982699,0.6396520292960629
016110,2024,1,Gaverina Terme,862.0,5.1962,116.0092807424594,0.19244832762403294
016111,2024,10,Gazzaniga,4934.0,14.4134,202.67531414673692,0.6937988260923863
016113,2024,19,Ghisalba,6133.0,10.5881,309.7994456220447,1.7944673737497756
016114,2024,11,Gorlago,5143.0,5.6976,213.88294769589731,1.9306374613872506
016115,2024,5,Gorle,6546.0,2.52,76.38252367858233,1.9841269841269842
016116,2024,2,Gorno,1491.0,10.0,134.1381623071764,0.2
016117,2024,14,Grassobbio,6417.0,8.7413,218.17048465014804,1.6015924404836808
016118,2024,3,Gromo,1153.0,20.0692,260.19080659150046,0.14948278954816335
016120,2024,11,Grumello del Monte,7396.0,9.9408,148.72904272579774,1.106550780621278
016121,2024,1,Isola di Fondra,166.0,12.8327,602.4096385542169,0.07792592361700966
016123,2024,5,Lallio,4146.0,2.156,120.598166907863,2.3191094619666046
016124,2024,6,Leffe,4300.0,6.6909,139.53488372093022,0.8967403488319957
016125,2024,2,Lenna,560.0,12.7383,357.1428571428571,0.15700682194641358
016126,2024,17,Levate,3717.0,5.5314,457.35808447672855,3.073362982246809
016128,2024,14,Lovere,5046.0,7.9247,277.44748315497424,1.766628389718223
016129,2024,3,Lurano,2812.0,4.0469,106.68563300142249,0.7413081618028614
016130,2024,6,Luzzana,882.0,3.4846,680.2721088435374,1.7218619066750847
016131,2024,6,Madone,3980.0,3.0689,150.7537688442211,1.9550979178207175
016132,2024,4,Mapello,6841.0,8.6573,58.470983774302,0.4620378177953866
016133,2024,17,Martinengo,10798.0,22.0512,157.43656232635675,0.7709331011464228
016135,2024,2,Misano di Gera d'Adda,2941.0,6.1053,68.00408024481469,0.32758423009516324
016137,2024,2,Monasterolo del Castello,1154.0,8.7535,173.3102253032929,0.22848003655680582
016139,2024,8,Montello,3265.0,1.8156,245.0229709035222,4.406256884776382
016140,2024,6,Morengo,2471.0,9.5662,242.81667341157424,0.6272082958750601
016141,2024,3,Mornico al Serio,2909.0,6.9226,103.12822275696115,0.43336318724178774
016142,2024,6,Mozzanica,4424.0,9.4646,135.623869801085,0.6339412125182258
016143,2024,16,Mozzo,7334.0,3.6417,218.16198527406598,4.393552461762363
016144,2024,32,Nembro,11231.0,15.2348,284.9256522126258,2.1004542232257726
016148,2024,1,Oneta,572.0,18.6636,174.82517482517483,0.05358023103795624
016149,2024,3,Onore,914.0,11.782,328.2275711159737,0.2546257002206756
016150,2024,7,Orio al Serio,1752.0,3.0417,399.5433789954338,2.301344642798435
016152,2024,24,Osio Sopra,5255.0,5.1822,456.7078972407232,4.631237698274864
016153,2024,40,Osio Sotto,12531.0,7.5856,319.2083632591174,5.2731491246572455
016154,2024,1,Pagazzano,2095.0,5.2349,47.7326968973747,0.19102561653517738
016155,2024,6,Paladina,4016.0,2.0866,149.402390438247,2.8754912297517494
016156,2024,2,Palazzago,4496.0,13.96,44.48398576512455,0.14326647564469913
016157,2024,7,Palosco,5732.0,10.7937,122.12142358688067,0.6485264552470423
016158,2024,5,Parre,2684.0,22.2794,186.28912071535024,0.22442256075118722
016159,2024,2,Parzanica,361.0,9.8187,554.016620498615,0.2036929532422826
016160,2024,17,Pedrengo,5905.0,3.5999,287.89161727349705,4.72235339870552
016162,2024,2,Pianico,1457.0,2.7022,137.26835964310226,0.7401376656058027
016164,2024,1,Piazza Brembana,1207.0,6.7653,82.8500414250207,0.14781310510989903
016167,2024,2,Pognano,1590.0,3.2861,125.78616352201257,0.6086242049846323
016168,2024,5,Ponte Nossa,1728.0,5.5898,289.35185185185185,0.8944863859172063
016169,2024,18,Ponteranica,6750.0,8.4769,266.6666666666667,2.123417758850523
016170,2024,21,Ponte San Pietro,11534.0,4.5861,182.07040055488122,4.579054098253418
016171,2024,5,Pontida,3313.0,10.3776,150.92061575611228,0.48180696885599755
016172,2024,15,Pontirolo Nuovo,4969.0,11.0976,301.8716039444556,1.351643598615917
016173,2024,3,Pradalunga,4509.0,8.1982,66.53359946773121,0.3659339855090142
016174,2024,5,Predore,1823.0,10.9556,274.27317608337904,0.45638760086165975
016176,2024,17,Presezzo,4775.0,2.2818,356.020942408377,7.450258567797353
016177,2024,1,Pumenengo,1682.0,10.1151,59.45303210463733,0.09886209726053129
016178,2024,10,Ranica,5871.0,4.0613,170.328734457503,2.462265776967966
016179,2024,2,Ranzanico,1212.0,7.2137,165.01650165016503,0.27725023219706946
016180,2024,3,Riva di Solto,899.0,8.5213,333.70411568409344,0.3520589581401899
016182,2024,6,Rogno,3849.0,15.8105,155.8846453624318,0.3794946396382151
016183,2024,39,Romano di Lombardia,20482.0,19.3831,190.41109266673178,2.0120620540574006
016186,2024,1,Rota d'Imagna,902.0,6.0302,110.86474501108647,0.16583197903883787
016187,2024,5,Rovetta,4077.0,24.5339,122.63919548687761,0.20379964049743418
016188,2024,10,San Giovanni Bianco,4632.0,31.026,215.88946459412782,0.32231032037645846
016189,2024,20,San Paolo d'Argon,5951.0,5.2465,336.07797008906067,3.812065186314686
016190,2024,11,San Pellegrino Terme,4719.0,22.9533,233.1002331002331,0.4792339227910584
016193,2024,16,Sarnico,6722.0,6.6621,238.02439750074382,2.401645126911935
016194,2024,10,Scanzorosciate,9801.0,10.6892,102.03040506070809,0.9355237061707145
016195,2024,1,Schilpario,1152.0,63.9693,86.80555555555556,0.01563249871422698
016196,2024,5,Sedrina,2461.0,5.8461,203.16944331572532,0.8552710353911155
016197,2024,2,Selvino,1974.0,6.5279,101.31712259371835,0.3063772422984421
016198,2024,87,Seriate,25111.0,12.5348,346.4617100075664,6.940677154801033
016200,2024,2,Solto Collina,1769.0,11.757,113.05822498586771,0.17011142298205326
016202,2024,10,Sorisole,9012.0,12.2515,110.96316023080338,0.8162265844998572
016203,2024,5,Sotto il Monte Giovanni XXIII,4417.0,5.0233,113.19900384876613,0.995361614874684
016204,2024,4,Sovere,5205.0,18.0243,76.84918347742556,0.22192262667620935
016205,2024,5,Spinone al Lago,976.0,1.9736,512.295081967213,2.5334414268342114
016206,2024,4,Spirano,5668.0,9.6107,70.57163020465774,0.4162027739914887
016207,2024,38,Stezzano,13346.0,9.3738,284.72950696838006,4.053852226418315
016208,2024,4,Strozza,1065.0,3.825,375.5868544600939,1.0457516339869282
016209,2024,5,Suisio,3743.0,4.5411,133.5826876836762,1.101054810508467
016210,2024,1,Taleggio,535.0,47.1257,186.9158878504673,0.021219843949267597
016211,2024,10,Tavernola Bergamasca,2001.0,11.1708,499.75012493753127,0.8951910337666058
016212,2024,14,Telgate,4948.0,8.3026,282.94260307194827,1.686218774841616
016213,2024,12,Terno d'Isola,8014.0,4.1331,149.73795857249812,2.903389707483487
016214,2024,12,Torre Boldone,8631.0,3.4836,139.03371567605146,3.444712366517396
016215,2024,1,Torre de' Busi,2170.0,8.9668,46.08294930875576,0.11152250524155775
016216,2024,6,Torre de' Roveri,2467.0,2.6902,243.21037697608432,2.230317448516839
016217,2024,3,Torre Pallavicina,1091.0,10.6241,274.9770852428964,0.2823768601575663
016218,2024,24,Trescore Balneario,9644.0,13.5138,248.8593944421402,1.7759623495981884
016219,2024,152,Treviglio,30557.0,32.2198,497.4310305331021,4.717596012389897
016220,2024,25,Treviolo,10819.0,8.4874,231.0749607172567,2.945542804628037
016221,2024,1,Ubiale Clanezzo,1348.0,7.3454,74.1839762611276,0.13613962479919406
016222,2024,21,Urgnano,9854.0,14.7781,213.11142683174347,1.421021646896421
016224,2024,16,Valbrembo,4338.0,3.7966,368.83356385431074,4.214297002581256
016229,2024,1,Valtorta,251.0,30.8975,398.40637450199205,0.03236507808075087
016232,2024,26,Verdellino,7475.0,3.8218,347.82608695652175,6.803077084096499
016233,2024,8,Verdello,8182.0,7.3439,97.77560498655585,1.0893394517899209
016234,2024,1,Vertova,4467.0,15.6945,22.386389075442132,0.06371658861384562
016235,2024,1,Viadanica,1118.0,5.4483,89.44543828264759,0.1835434906301048
016236,2024,5,Vigano San Martino,1303.0,3.7561,383.7298541826554,1.3311679667740475
016237,2024,2,Vigolo,576.0,12.3097,347.22222222222223,0.16247349651088167
016238,2024,4,Villa d'Adda,4537.0,5.9822,88.16398501212255,0.6686503293102872
016239,2024,17,Villa d'Almè,6587.0,6.486,258.0841050554122,2.6210299105766266
016240,2024,12,Villa di Serio,6672.0,4.6029,179.85611510791367,2.6070520758652154
016241,2024,4,Villa d'Ogna,1758.0,5.1595,227.53128555176335,0.775268921407113
016242,2024,10,Villongo,8103.0,6.0419,123.4110823151919,1.6551084923616743
016243,2024,4,Vilminore di Scalve,1433.0,41.001,279.13468248429865,0.09755859613180166
016244,2024,4,Zandobbio,2663.0,6.4317,150.20653398422832,0.6219195547055988
016245,2024,21,Zanica,8602.0,14.9523,244.1292722622646,1.4044662025240264
016246,2024,14,Zogno,8668.0,35.2123,161.51361329026304,0.39758834270979176
016248,2024,2,Algua,657.0,8.3232,304.41400304414003,0.24029219530949636
016250,2024,1,Medolago,2351.0,3.7995,42.53509145044662,0.26319252533228055
016251,2024,2,Solza,2011.0,1.2277,99.45300845350572,1.6290624745458988
016252,2024,9,Sant'Omobono Terme,3835.0,16.4334,234.6805736636245,0.5476651210339918
016253,2024,6,Val Brembilla,4190.0,31.4376,143.1980906921241,0.1908542636842507
017001,2024,4,Acquafredda,1513.0,9.5463,264.3754130865829,0.4190105066884552
017002,2024,15,Adro,7131.0,14.2895,210.34917963819942,1.049721823716715
017003,2024,1,Agnosine,1636.0,13.5546,61.12469437652812,0.07377569238487303
017004,2024,2,Alfianello,2396.0,13.7523,83.47245409015025,0.14543021894519462
017005,2024,2,Anfo,444.0,23.8313,450.45045045045043,0.0839232438012194
017006,2024,1,Angolo Terme,2338.0,30.5601,42.7715996578272,0.03272240601306933
017007,2024,5,Artogne,3593.0,21.0191,139.1594767603674,0.2378788815886503
017008,2024,5,Azzano Mella,3356.0,10.5695,148.98688915375448,0.4730592743270732
017009,2024,19,Bagnolo Mella,12554.0,31.3457,151.34618448303328,0.6061437453941051
017010,2024,2,Bagolino,3746.0,109.1983,53.39028296849973,0.018315303443368625
017011,2024,1,Barbariga,2300.0,11.3363,43.47826086956522,0.08821220327620123
017012,2024,2,Barghe,1143.0,5.4918,174.97812773403325,0.36417932189810265
017013,2024,5,Bassano Bresciano,2326.0,9.4204,214.96130696474634,0.5307630249246316
017014,2024,24,Bedizzole,12314.0,26.4434,194.90011369173297,0.9075988715520696
017015,2024,1,Berlingo,2744.0,4.5925,36.44314868804665,0.21774632553075665
017016,2024,6,Berzo Demo,1551.0,15.4633,386.84719535783364,0.3880154947520904
017017,2024,5,Berzo Inferiore,2440.0,21.9148,204.91803278688525,0.22815631445415885
017018,2024,3,Bienno,3760.0,46.8065,79.78723404255318,0.06409366220503562
017020,2024,7,Borgo San Giacomo,5334.0,29.5299,131.23359580052494,0.23704787351125467
017021,2024,10,Borgosatollo,9130.0,8.4199,109.52902519167579,1.1876625613130798
017022,2024,2,Borno,2519.0,30.496,79.39658594680428,0.06558237145855195
017023,2024,8,Botticino,10641.0,18.4824,75.1809040503712,0.4328442193654504
017024,2024,4,Bovegno,2040.0,47.9887,196.078431372549,0.08335295600839364
017025,2024,4,Bovezzo,7402.0,6.4114,54.03944879762226,0.6238886982562311
017026,2024,2,Brandico,1707.0,8.3802,117.16461628588166,0.23865778859693085
017027,2024,3,Braone,686.0,13.3567,437.3177842565598,0.22460637732374014
017028,2024,8,Breno,4694.0,59.9347,170.43033659991477,0.13347860254577065
017029,2024,860,Brescia,197304.0,90.3337,435.8756031301951,9.520256559844222
017030,2024,1,Brione,747.0,6.8968,133.86880856760374,0.14499478018791323
017031,2024,1,Caino,2114.0,17.3082,47.30368968779565,0.057776083012676074
017032,2024,44,Calcinato,13004.0,33.2958,338.3574284835435,1.3214879954829137
017033,2024,5,Calvagese della Riviera,3585.0,11.7369,139.47001394700138,0.42600686723069975
017034,2024,7,Calvisano,8369.0,44.8271,83.64201218783606,0.1561555398408552
017035,2024,4,Capo di Ponte,2379.0,18.1074,168.13787305590586,0.22090416072986738
017037,2024,6,Capriano del Colle,4643.0,13.9676,129.2267930217532,0.4295655660242275
017038,2024,14,Capriolo,9432.0,10.6009,148.43087362171332,1.3206425869501648
017039,2024,26,Carpenedolo,12968.0,29.8418,200.49352251696484,0.871261116956752
017040,2024,19,Castegnato,8364.0,9.2048,227.1640363462458,2.064140448461672
017041,2024,4,Castelcovati,6683.0,6.1396,59.85335926978902,0.651508241579256
017042,2024,11,Castel Mella,10999.0,7.5285,100.00909173561233,1.4611144318257288
017043,2024,49,Castenedolo,11530.0,26.195,424.978317432784,1.8705859896926895
017044,2024,3,Casto,1637.0,21.3362,183.26206475259622,0.1406061060544989
017045,2024,19,Castrezzato,7459.0,13.6321,254.72583456227377,1.3937691184777108
017046,2024,21,Cazzago San Martino,10839.0,22.3415,193.7448104068641,0.9399547926504487
017047,2024,2,Cedegolo,1096.0,11.083,182.4817518248175,0.18045655508436342
017048,2024,3,Cellatica,4901.0,6.5461,61.2119975515201,0.4582881410305373
017049,2024,3,Cerveno,652.0,21.5525,460.1226993865031,0.13919498898039673
017050,2024,6,Ceto,1793.0,32.3011,334.63469046291135,0.18575218800598123
017051,2024,1,Cevo,831.0,35.4688,120.33694344163659,0.028193792854565136
017052,2024,36,Chiari,19094.0,37.9592,188.540902901435,0.9483866888659402
017053,2024,2,Cigole,1477.0,9.9309,135.40961408259986,0.20139161606702313
017054,2024,1,Cimbergo,534.0,24.713,187.26591760299627,0.040464532836968395
017055,2024,7,Cividate Camuno,2725.0,3.3068,256.8807339449541,2.116850127011008
017056,2024,6,Coccaglio,8716.0,12.0465,68.83891693437356,0.4980699788320259
017057,2024,2,Collebeato,4538.0,5.2698,44.072278536800354,0.3795210444419143
017058,2024,5,Collio,2056.0,53.4749,243.19066147859922,0.09350181113008159
017059,2024,18,Cologne,7517.0,13.7875,239.45723027803643,1.3055303717135087
017060,2024,6,Comezzano-Cizzago,4009.0,15.437,149.66325767024193,0.38867655632571096
017061,2024,22,Concesio,15644.0,19.0748,140.62899514190744,1.1533541636085307
017062,2024,3,Corte Franca,7070.0,13.9733,42.43281471004243,0.21469516864305496
017063,2024,2,Corteno Golgi,1909.0,82.6046,104.76689366160294,0.024211726707713613
017064,2024,1,Corzano,1417.0,12.296,70.57163020465774,0.08132726089785297
017065,2024,29,Darfo Boario Terme,15544.0,36.0712,186.56716417910448,0.8039654904743951
017066,2024,13,Dello,5546.0,23.3209,234.4031734583484,0.5574398929715405
017067,2024,121,Desenzano del Garda,29208.0,59.2622,414.2700629964393,2.04177367698128
017068,2024,9,Edolo,4443.0,88.9031,202.56583389601622,0.10123381524378791
017069,2024,29,Erbusco,8708.0,16.2398,333.0271015158475,1.785736277540364
017070,2024,14,Esine,5157.0,30.3061,271.4756641458212,0.46195320414042057
017072,2024,10,Flero,8871.0,9.8367,112.72686281140797,1.0166010958959812
017073,2024,5,Gambara,4560.0,31.5861,109.64912280701753,0.15829747895435017
017074,2024,12,Gardone Riviera,2642.0,21.393,454.2013626040878,0.5609311457018651
017075,2024,22,Gardone Val Trompia,11407.0,26.6562,192.86403085824494,0.8253239396463112
017076,2024,13,Gargnano,2761.0,76.7514,470.84389713871786,0.16937801786026052
017077,2024,8,Gavardo,12258.0,29.7959,65.26350138684941,0.26849331619451
017078,2024,31,Ghedi,18521.0,60.8401,167.37757140543167,0.5095323643452263
017079,2024,4,Gianico,2134.0,13.3811,187.44142455482663,0.29892908654744377
017080,2024,8,Gottolengo,4959.0,29.2837,161.3228473482557,0.27318952181589073
017081,2024,10,Gussago,16488.0,25.0891,60.65016982047549,0.39857946279460005
017082,2024,3,Idro,1878.0,22.8902,159.7444089456869,0.13106045381866477
017085,2024,42,Iseo,8994.0,28.4194,466.9779853235491,1.4778637128158933
017086,2024,8,Isorella,4075.0,15.3283,196.31901840490798,0.5219104532139898
017087,2024,4,Lavenone,486.0,31.8235,823.045267489712,0.12569327698084748
017088,2024,27,Leno,14187.0,58.4516,190.31507718333685,0.4619206317705589
017089,2024,3,Limone sul Garda,1164.0,23.0259,257.7319587628866,0.13028806691595116
017090,2024,3,Lodrino,1631.0,16.4987,183.93623543838135,0.18183250801578307
017091,2024,5,Lograto,3795.0,12.4335,131.75230566534916,0.40213938150963124
017092,2024,69,Lonato del Garda,16821.0,68.1954,410.2015337970394,1.01179844974881
017093,2024,2,Longhena,562.0,3.4707,355.8718861209964,0.5762526291526205
017095,2024,1,Lozio,377.0,23.7425,265.2519893899204,0.04211856375697589
017096,2024,17,Lumezzane,21669.0,31.7179,78.4530896672666,0.5359749542056693
017097,2024,5,Maclodio,1476.0,5.0958,338.75338753387535,0.9812002040896425
017099,2024,5,Mairano,3486.0,11.5281,143.4308663224326,0.43372281642248073
017100,2024,2,Malegno,1978.0,6.8941,101.11223458038423,0.2901031316633063
017101,2024,1,Malonno,3068.0,31.4567,32.59452411994785,0.031789730009823026
017102,2024,21,Manerba del Garda,5412.0,36.6294,388.0266075388027,0.5733099641271766
017103,2024,58,Manerbio,13216.0,27.8839,438.86198547215497,2.0800533641276866
017104,2024,9,Marcheno,4172.0,22.7392,215.72387344199424,0.3957922882071489
017106,2024,14,Marone,3117.0,23.9307,449.1498235482836,0.5850225860505542
017107,2024,21,Mazzano,12470.0,15.7265,168.40417000801924,1.3353257240962706
017108,2024,6,Milzano,1764.0,8.4888,340.1360544217687,0.7068136839129207
017109,2024,10,Moniga del Garda,2579.0,14.6529,387.74718883288097,0.6824587624292802
017110,2024,7,Monno,528.0,31.0259,1325.7575757575758,0.22561795145346308
017111,2024,2,Monte Isola,1644.0,12.6051,121.65450121654501,0.15866593680335736
017112,2024,2,Monticelli Brusati,4563.0,10.8908,43.8308130615823,0.1836412384765123
017113,2024,85,Montichiari,26011.0,81.6613,326.78482180615896,1.0408847275269926
017114,2024,11,Montirone,5077.0,10.5181,216.6633838881229,1.0458162595906104
017116,2024,1,Muscoline,2653.0,10.078,37.69317753486619,0.09922603691208574
017117,2024,13,Nave,10640.0,27.2115,122.18045112781955,0.4777391911508002
017118,2024,2,Niardo,1987.0,22.1574,100.65425264217413,0.0902632980403838
017119,2024,4,Nuvolento,3888.0,7.4576,102.880658436214,0.536365586783952
017120,2024,3,Nuvolera,4705.0,13.3116,63.76195536663124,0.22536734877850897
017121,2024,5,Odolo,1897.0,6.5439,263.5740643120717,0.7640703555983435
017122,2024,6,Offlaga,4078.0,23.0333,147.13094654242278,0.2604924174998806
017124,2024,1,Ono San Pietro,973.0,13.7797,102.77492291880782,0.0725705204032018
017125,2024,23,Orzinuovi,12349.0,47.8684,186.24989877722894,0.48048399361583005
017126,2024,2,Orzivecchi,2416.0,9.9376,82.78145695364239,0.20125583641925615
017127,2024,19,Ospitaletto,14620.0,9.2903,129.95896032831737,2.045143859724659
017128,2024,2,Ossimo,1454.0,14.8578,137.5515818431912,0.1346094307367174
017129,2024,32,Padenghe sul Garda,4696.0,26.8091,681.4310051107326,1.1936245528570522
017130,2024,2,Paderno Franciacorta,3620.0,5.608,55.24861878453039,0.3566333808844508
017132,2024,4,Paitone,2148.0,8.0034,186.21973929236498,0.49978759027413355
017133,2024,50,Palazzolo sull'Oglio,19940.0,23.0393,250.75225677031094,2.170204823931283
017134,2024,6,Paratico,4846.0,6.1816,123.81345439537762,0.9706224925585608
017136,2024,8,Passirano,6933.0,13.3907,115.39016298860523,0.5974295593210213
017137,2024,5,Pavone del Mella,2731.0,11.6134,183.08311973636032,0.4305371381335354
017138,2024,4,San Paolo,4442.0,18.8177,90.04952723998198,0.2125658289801623
017141,2024,4,Pezzaze,1450.0,21.4894,275.8620689655172,0.18613828212979422
017142,2024,7,Pian Camuno,4701.0,10.945,148.90448840672198,0.6395614435815441
017143,2024,28,Pisogne,7882.0,49.2273,355.2397868561279,0.5687900819260857
017144,2024,2,Polaveno,2448.0,9.2011,81.69934640522877,0.21736531501668277
017145,2024,1,Polpenazze del Garda,2691.0,9.1195,37.16090672612412,0.10965513460167772
017146,2024,3,Pompiano,3759.0,15.2734,79.80845969672785,0.19641991959877958
017147,2024,9,Poncarale,5182.0,12.6432,173.67811655731379,0.7118451025056948
017148,2024,2,Ponte di Legno,1746.0,100.426,114.5475372279496,0.019915161412383246
017149,2024,8,Pontevico,7002.0,29.207,114.25307055127107,0.2739069401170952
017150,2024,7,Pontoglio,6872.0,11.0859,101.8626309662398,0.631432720843594
017151,2024,11,Pozzolengo,3553.0,21.3264,309.59752321981426,0.5157926326055968
017152,2024,3,Pralboino,2816.0,17.1622,106.5340909090909,0.17480276421437813
017155,2024,7,Prevalle,6838.0,9.9891,102.36911377595789,0.7007638325775094
017156,2024,6,Provaglio d'Iseo,7202.0,16.1597,83.31019161344071,0.3712940215474297
017158,2024,9,Puegnago del Garda,3483.0,10.9716,258.3979328165375,0.8202996828174559
017159,2024,2,Quinzano d'Oglio,6185.0,21.4527,32.33629749393695,0.09322835820199789
017160,2024,6,Remedello,3356.0,21.4624,178.78426698450536,0.27955867004622037
017161,2024,102,Rezzato,13341.0,18.2064,764.5603777827749,5.60242552069602
017162,2024,7,Roccafranca,4792.0,19.1322,146.07679465776295,0.3658753305944951
017163,2024,11,Rodengo Saiano,9753.0,12.8593,112.78580949451451,0.8554120364249999
017164,2024,4,Roè Volciano,4341.0,5.8207,92.14466712739,0.6872025701376122
017165,2024,39,Roncadelle,9351.0,9.3899,417.0676932948348,4.153398864737643
017166,2024,51,Rovato,19189.0,26.0941,265.77726822658815,1.9544648023882794
017167,2024,3,Rudiano,5854.0,9.8454,51.24701059104886,0.3047108294228777
017168,2024,2,Sabbio Chiese,3946.0,18.4472,50.68423720223011,0.10841753762088556
017169,2024,7,Sale Marasino,3299.0,16.5869,212.1855107608366,0.4220197866991421
017170,2024,38,Salò,10494.0,27.3048,362.1116828663998,1.391696698016466
017171,2024,5,San Felice del Benaco,3471.0,20.2166,144.05070584845865,0.2473215080676276
017172,2024,2,San Gervasio Bresciano,2642.0,10.5028,75.7002271006813,0.19042541036675933
017173,2024,7,San Zeno Naviglio,4735.0,6.2531,147.8352692713833,1.119444755401321
017174,2024,32,Sarezzo,13199.0,17.679,242.44260928858247,1.8100571299281636
017176,2024,1,Sellero,1407.0,14.4711,71.07320540156361,0.06910324716158413
017177,2024,3,Seniga,1442.0,13.5719,208.04438280166434,0.22104495317531075
017178,2024,1,Serle,3039.0,18.4273,32.90556103981573,0.054267309915180195
017179,2024,27,Sirmione,8349.0,26.248,323.39202299676606,1.0286498018896677
017180,2024,4,Soiano del Lago,1920.0,5.7734,208.33333333333334,0.6928326462742925
017181,2024,5,Sonico,1226.0,60.892,407.8303425774877,0.08211259278722985
017182,2024,5,Sulzano,1915.0,10.4396,261.0966057441253,0.4789455534694816
017183,2024,1,Tavernole sul Mella,1213.0,19.8075,82.44023083264634,0.050485927047835416
017184,2024,1,Temù,1103.0,43.257,90.66183136899366,0.02311764569896202
017185,2024,2,Tignale,1203.0,45.8569,166.25103906899417,0.04361393814235153
017186,2024,8,Torbole Casaglia,6409.0,13.4393,124.82446559525667,0.595269098836993
017187,2024,17,Toscolano-Maderno,7593.0,58.1706,223.89042539180826,0.29224384826699396
017188,2024,24,Travagliato,13743.0,17.7358,174.63435931019427,1.3531952322421317
017189,2024,4,Tremosine sul Garda,2066.0,72.6815,193.6108422071636,0.05503463742492932
017190,2024,7,Trenzano,5427.0,20.1018,128.98470609913394,0.34822752191346046
017191,2024,1,Treviso Bresciano,520.0,17.7332,192.30769230769232,0.05639140143910856
017192,2024,8,Urago d'Oglio,3707.0,10.6801,215.8079309414621,0.7490566567728767
017193,2024,8,Vallio Terme,1407.0,14.8574,568.5856432125089,0.538452219096208
017194,2024,1,Valvestino,171.0,31.1204,584.7953216374269,0.03213326306859809
017195,2024,8,Verolanuova,8048.0,25.7595,99.40357852882703,0.31056503425920534
017196,2024,2,Verolavecchia,3754.0,21.0635,53.276505061267976,0.09495098155577182
017197,2024,3,Vestone,4216.0,12.9638,71.15749525616698,0.23141362871997406
017199,2024,12,Villa Carcina,10594.0,14.2195,113.27166320558807,0.8439115299412778
017201,2024,5,Villanuova sul Clisi,5784.0,9.1011,86.44536652835407,0.5493841403786355
017202,2024,1,Vione,634.0,35.2649,157.72870662460568,0.02835680804425931
017203,2024,6,Visano,2000.0,11.2237,300.0,0.5345830697541809
017204,2024,11,Vobarno,8199.0,53.2214,134.16270276863034,0.20668377757819223
017205,2024,1,Zone,1022.0,19.6815,97.84735812133071,0.05080913548255977
017206,2024,3,Piancogno,4709.0,14.3021,63.70779358674878,0.20975940596136233
018001,2024,1,Alagna,808.0,8.3442,123.76237623762377,0.11984372378418541
018003,2024,1,Albonese,510.0,4.3279,196.078431372549,0.2310589431363941
018004,2024,11,Albuzzano,3571.0,15.4488,308.03696443573233,0.7120294132877635
018005,2024,7,Arena Po,1538.0,22.4871,455.1365409622887,0.31128958380582644
018006,2024,1,Badia Pavese,385.0,5.0572,259.7402597402597,0.19773787866803766
018007,2024,2,Bagnaria,633.0,16.6641,315.955766192733,0.12001848284635833
018008,2024,1,Barbianello,867.0,11.7124,115.34025374855825,0.08537959769133567
018011,2024,3,Bastida Pancarana,957.0,12.5,313.4796238244514,0.24
018012,2024,4,Battuda,692.0,7.1426,578.0346820809249,0.5600201607257861
018013,2024,7,Belgioioso,6165.0,24.6867,113.54420113544202,0.2835534923663349
018014,2024,6,Bereguardo,2844.0,17.8636,210.97046413502107,0.3358785463176515
018015,2024,3,Borgarello,2613.0,4.8364,114.8105625717566,0.6202960879993383
018016,2024,2,Borgo Priolo,1325.0,28.8094,150.94339622641508,0.06942178594486521
018019,2024,5,Bornasco,2647.0,12.9286,188.89308651303364,0.3867394768188358
018020,2024,1,Bosnasco,614.0,4.8363,162.86644951140065,0.20676963794636397
018022,2024,1,Breme,708.0,18.8137,141.24293785310735,0.053152755704619505
018023,2024,5,Bressana Bottarone,3434.0,12.6873,145.602795573675,0.39409488228385864
018024,2024,34,Broni,9545.0,20.8467,356.20743844944997,1.6309535801829547
018026,2024,4,Campospinoso,1074.0,3.6864,372.43947858472995,1.0850694444444444
018027,2024,3,Candia Lomellina,1459.0,27.8967,205.620287868403,0.107539601458237
018029,2024,2,Canneto Pavese,1330.0,5.8147,150.37593984962407,0.3439558360706485
018030,2024,4,Carbonara al Ticino,1422.0,14.7807,281.29395218002816,0.2706231775220389
018031,2024,2,Casanova Lonati,464.0,4.6302,431.0344827586207,0.4319467841561919
018032,2024,1,Casatisma,882.0,5.4774,113.37868480725623,0.1825683718552598
018033,2024,5,Casei Gerola,2372.0,24.805,210.79258010118042,0.20157226365652087
018034,2024,7,Casorate Primo,8802.0,9.7359,79.52738014087707,0.7189884859129613
018035,2024,1,Cassolnovo,6796.0,31.7358,14.714537963507945,0.03151015572318958
018037,2024,16,Casteggio,6552.0,17.6617,244.2002442002442,0.9059150591392675
018038,2024,3,Castelletto di Branduzzo,971.0,11.7724,308.9598352214212,0.25483333899629645
018039,2024,2,Castello d'Agogna,1067.0,10.7444,187.44142455482663,0.18614347939391682
018040,2024,1,Castelnovetto,542.0,18.2141,184.50184501845018,0.05490252057471959
018041,2024,17,Cava Manara,6598.0,17.259,257.6538344953016,0.9849933368097804
018042,2024,1,Cecima,229.0,10.1244,436.68122270742356,0.09877128521196318
018043,2024,1,Ceranova,2249.0,4.5977,44.464206313917295,0.2175000543750136
018046,2024,6,Certosa di Pavia,5407.0,10.8579,110.9672646569262,0.5525930428535905
018047,2024,3,Cervesina,1129.0,12.4109,265.72187776793623,0.24172300155508464
018048,2024,10,Chignolo Po,3915.0,23.3884,255.4278416347382,0.42756238135143915
018049,2024,4,Cigognola,1303.0,7.8757,306.98388334612434,0.5078913620376602
018050,2024,2,Cilavegna,5333.0,18.0511,37.50234389649353,0.11079657195406373
018051,2024,4,Codevilla,946.0,12.9551,422.8329809725159,0.3087587127849264
018053,2024,5,Copiano,1734.0,4.3401,288.35063437139564,1.1520471878528145
018057,2024,2,Corvino San Quirico,977.0,4.3728,204.70829068577277,0.4573728503476034
018059,2024,1,Cozzo,369.0,17.6095,271.00271002710025,0.056787529458530904
018060,2024,10,Cura Carpignano,4881.0,11.0854,204.87604998975618,0.902087430313746
018061,2024,7,Dorno,4522.0,30.5665,154.79876160990713,0.22900888227307672
018063,2024,1,Filighera,811.0,8.2478,123.30456226880395,0.12124445306627223
018068,2024,4,Gambolò,9649.0,51.703,41.45507306456628,0.07736494980948881
018069,2024,15,Garlasco,9443.0,39.176,158.84782378481415,0.3828874821319175
018072,2024,6,Giussago,5229.0,24.7226,114.74469305794607,0.24269292064750472
018073,2024,2,Godiasco Salice Terme,3182.0,20.6103,62.85355122564425,0.09703885921117111
018075,2024,5,Gravellona Lomellina,2703.0,20.3439,184.9796522382538,0.2457739174887804
018076,2024,6,Gropello Cairoli,4343.0,26.216,138.15335021874282,0.22886786695148
018077,2024,3,Inverno e Monteleone,1460.0,9.6414,205.4794520547945,0.3111581305619516
018078,2024,14,Landriano,6420.0,15.5872,218.06853582554518,0.8981728597823856
018080,2024,4,Lardirago,1139.0,5.3416,351.1852502194908,0.7488392990864161
018081,2024,5,Linarolo,2817.0,13.166,177.4937877174299,0.37976606410451164
018083,2024,1,Lomello,2042.0,22.3585,48.97159647404506,0.04472571952501286
018084,2024,3,Lungavilla,2445.0,6.8204,122.69938650306749,0.4398568998885696
018085,2024,3,Magherno,1733.0,5.2532,173.11021350259665,0.5710804842762507
018086,2024,1,Marcignago,2467.0,10.1177,40.53506282934738,0.09883669213358769
018087,2024,1,Marzano,1663.0,9.2895,60.132291040288635,0.10764842025943269
018088,2024,7,Mede,6281.0,32.8944,111.44722177997134,0.21280217909431395
018090,2024,1,Mezzana Bigli,1026.0,19.0204,97.46588693957115,0.05257512986057076
018092,2024,5,Mezzanino,1341.0,12.5106,372.85607755406414,0.3996610873978866
018093,2024,5,Miradolo Terme,3643.0,9.5559,137.2495196266813,0.5232369530865748
018095,2024,10,Montebello della Battaglia,1512.0,15.7416,661.3756613756614,0.6352594399552778
018096,2024,2,Montecalvo Versiggia,524.0,11.4035,381.6793893129771,0.1753847502959618
018097,2024,1,Montescano,419.0,2.4046,238.66348448687353,0.41586958329867757
018100,2024,2,Montù Beccaria,1623.0,15.4933,123.22858903265558,0.12908805741836793
018102,2024,23,Mortara,15395.0,51.9694,149.39915556999026,0.4425681266283621
018106,2024,5,Ottobiano,1068.0,24.9793,468.1647940074906,0.2001657372304268
018110,2024,318,Pavia,71122.0,63.2453,447.11903489778126,5.028041609416036
018112,2024,2,Pieve Albignola,849.0,18.153,235.5712603062426,0.11017462678345177
018113,2024,2,Pieve del Cairo,1745.0,25.1059,114.61318051575931,0.07966254944056975
018114,2024,4,Pieve Porto Morone,2580.0,16.3963,155.03875968992247,0.24395747821154773
018115,2024,2,Pinarolo Po,1666.0,11.3078,120.04801920768307,0.17686906383204512
018116,2024,1,Pizzale,693.0,7.0903,144.3001443001443,0.1410377558072296
018117,2024,1,Ponte Nizza,760.0,22.9572,131.57894736842104,0.04355931908072413
018118,2024,5,Portalbera,1441.0,4.4798,346.98126301179735,1.116121255413188
018120,2024,7,Redavalle,1032.0,5.4149,678.2945736434109,1.2927293209477553
018121,2024,4,Retorbido,1546.0,11.6677,258.732212160414,0.3428267781996452
018122,2024,17,Rivanazzano Terme,5169.0,28.9155,328.8837299284194,0.5879199737165188
018123,2024,5,Robbio,5733.0,40.5407,87.21437292865865,0.12333284822413032
018124,2024,4,Robecco Pavese,531.0,6.9345,753.2956685499058,0.5768260148532699
018126,2024,1,Rocca Susella,208.0,12.7641,480.7692307692308,0.07834473249191092
018127,2024,4,Rognano,638.0,9.3647,626.9592476489028,0.4271359466934339
018129,2024,1,Roncaro,1533.0,5.051,65.23157208088715,0.19798059790140565
018131,2024,2,Rovescala,870.0,8.4128,229.88505747126436,0.23773297831875237
018134,2024,1,San Damiano al Colle,633.0,6.4309,157.9778830963665,0.1554992302788101
018135,2024,6,San Genesio ed Uniti,3968.0,9.2687,151.20967741935485,0.6473399721643811
018136,2024,1,San Giorgio di Lomellina,1034.0,25.4521,96.71179883945841,0.03928948888303912
018137,2024,31,San Martino Siccomario,6416.0,14.2906,483.16708229426433,2.169258113725106
018138,2024,8,Sannazzaro de' Burgondi,5149.0,23.3323,155.3699747523791,0.3428723272030618
018139,2024,4,Santa Cristina e Bissone,1881.0,22.4207,212.65284423179162,0.17840656179334277
018140,2024,5,Santa Giuletta,1548.0,11.5912,322.99741602067184,0.4313617226861757
018141,2024,4,Sant'Alessio con Vialone,962.0,6.5572,415.8004158004158,0.610016470444702
018143,2024,3,Santa Maria della Versa,2296.0,18.4738,130.66202090592336,0.16239214455066092
018145,2024,1,San Zenone al Po,553.0,6.8927,180.83182640144665,0.1450810277540006
018146,2024,2,Sartirana Lomellina,1491.0,29.5419,134.1381623071764,0.06770045257752548
018147,2024,1,Scaldasole,870.0,11.5741,114.94252873563218,0.08639980646443353
018149,2024,5,Silvano Pietra,656.0,13.6711,762.1951219512194,0.3657350176650014
018150,2024,17,Siziano,6351.0,11.7879,267.6743819870887,1.4421567878926695
018151,2024,1,Sommo,1152.0,14.8724,86.80555555555556,0.0672386433931309
018152,2024,1,Spessa,536.0,12.2314,186.56716417910448,0.08175678990140131
018153,2024,30,Stradella,11448.0,18.8352,262.0545073375262,1.5927624872579
018155,2024,3,Torrazza Coste,1559.0,16.2281,192.43104554201412,0.1848645251138457
018157,2024,1,Torre d'Arese,935.0,4.4934,106.95187165775401,0.22254862687497218
018159,2024,6,Torre d'Isola,2396.0,16.4385,250.41736227045075,0.36499680627794506
018160,2024,4,Torrevecchia Pia,3498.0,16.5019,114.35105774728416,0.242396330119562
018161,2024,1,Torricella Verzate,823.0,3.6271,121.5066828675577,0.27570235174106034
018162,2024,1,Travacò Siccomario,4450.0,17.0449,22.471910112359552,0.058668575350984756
018163,2024,4,Trivolzio,2316.0,3.8312,172.71157167530222,1.044059302568386
018164,2024,1,Tromello,3640.0,35.4982,27.47252747252747,0.028170442444969045
018165,2024,1,Trovo,1023.0,8.1549,97.75171065493646,0.12262566064574673
018166,2024,2,Val di Nizza,588.0,29.6826,340.1360544217687,0.06737954222339013
018168,2024,1,Valle Lomellina,2095.0,27.2357,47.7326968973747,0.03671651545581718
018169,2024,2,Valle Salimbene,1470.0,7.1611,136.05442176870747,0.2792867017636955
018171,2024,1,Varzi,3024.0,57.615,33.06878306878307,0.017356591165495098
018173,2024,3,Vellezzo Bellini,3315.0,8.1961,90.49773755656109,0.36602774490306367
018175,2024,3,Verrua Po,1214.0,11.4404,247.11696869851727,0.26222859340582494
018176,2024,6,Vidigulfo,6542.0,16.1425,91.71507184347294,0.3716896391513087
018177,2024,202,Vigevano,62340.0,81.3639,324.02951555983316,2.4826735198288183
018179,2024,3,Villanova d'Ardenghi,772.0,6.6085,388.60103626943004,0.4539608080502383
018180,2024,10,Villanterio,3271.0,14.7674,305.71690614490984,0.6771672738599889
018181,2024,4,Vistarino,1523.0,9.4896,262.6395272488509,0.42151407857022427
018182,2024,138,Voghera,38435.0,63.4415,359.0477429426304,2.175232300623409
018185,2024,1,Zeccone,1674.0,5.5293,59.73715651135006,0.18085471940390285
018186,2024,1,Zeme,1003.0,24.5828,99.70089730807577,0.04067884862586849
018187,2024,1,Zenevredo,477.0,5.4037,209.64360587002096,0.18505838592075802
018188,2024,2,Zerbo,394.0,6.3614,507.6142131979695,0.3143962020938787
018189,2024,4,Zerbolò,1684.0,37.1915,237.52969121140143,0.10755145665004101
018190,2024,1,Zinasco,3084.0,29.7366,32.425421530479895,0.033628592374380394
018192,2024,7,Corteolona e Genzone,2533.0,14.0864,276.3521515988946,0.49693321217628356
018193,2024,2,Colli Verdi,1035.0,41.2469,193.23671497584542,0.048488492468524914
019001,2024,1,Acquanegra Cremonese,1133.0,9.2161,88.261253309797,0.10850576708152038
019002,2024,15,Agnadello,3855.0,12.0775,389.10505836575874,1.2419788863589318
019003,2024,4,Annicco,1962.0,19.1983,203.87359836901123,0.20835178114728908
019005,2024,10,Bagnolo Cremasco,4900.0,10.3878,204.08163265306123,0.9626677448545409
019006,2024,2,Bonemerse,1457.0,5.9007,137.26835964310226,0.33894283729049096
019007,2024,3,Bordolano,570.0,8.1424,526.3157894736842,0.3684417370799764
019009,2024,2,Calvatone,1165.0,13.6997,171.67381974248926,0.1459885982904735
019010,2024,3,Camisano,1213.0,10.9506,247.32069249793898,0.27395759136485676
019011,2024,2,Campagnola Cremasca,678.0,4.6407,294.9852507374631,0.43096946581334716
019012,2024,7,Capergnanica,2165.0,6.8381,323.3256351039261,1.0236761673564294
019013,2024,3,Cappella Cantone,545.0,13.1471,550.4587155963303,0.2281872047828038
019015,2024,3,Capralba,2271.0,13.4543,132.1003963011889,0.2229770407973659
019016,2024,8,Casalbuttano ed Uniti,3692.0,22.875,216.68472372697724,0.34972677595628415
019017,2024,3,Casale Cremasco-Vidolasco,1821.0,9.1935,164.74464579901152,0.326317506934247
019019,2024,4,Casaletto di Sopra,529.0,8.657,756.1436672967864,0.4620538292711101
019021,2024,51,Casalmaggiore,15022.0,64.5301,339.5020636399947,0.7903288542866042
019022,2024,4,Casalmorano,1579.0,12.2823,253.324889170361,0.3256719018424888
019023,2024,1,Casteldidone,575.0,10.7893,173.91304347826087,0.09268441882235177
019024,2024,1,Castel Gabbiano,455.0,5.7876,219.78021978021977,0.17278319165111616
019025,2024,30,Castelleone,9292.0,45.0774,322.8583727938011,0.6655219688801928
019026,2024,11,Castelverde,5583.0,30.8909,197.0266881604872,0.35609192351145486
019027,2024,1,Castelvisconti,299.0,9.7571,334.44816053511704,0.10248946920703898
019028,2024,3,Cella Dati,486.0,18.9178,617.283950617284,0.15858080749347175
019029,2024,9,Chieve,2264.0,6.1934,397.5265017667844,1.4531598152872414
019030,2024,2,Cicognolo,904.0,6.9629,221.23893805309734,0.28723663990578635
019031,2024,3,Cingia de' Botti,1147.0,14.3599,261.5518744551003,0.2089151038656258
019032,2024,2,Corte de' Cortesi con Cignone,1032.0,12.8526,193.7984496124031,0.15561053794562968
019033,2024,2,Corte de' Frati,1317.0,20.1264,151.86028853454823,0.09937196915494077
019034,2024,4,Credera Rubbiano,1557.0,14.1284,256.9043031470777,0.28311769202457465
019035,2024,115,Crema,34210.0,34.5182,336.15901783104357,3.3315758063861964
019036,2024,310,Cremona,71223.0,70.4916,435.2526571472699,4.397687100306986
019037,2024,2,Cremosano,1729.0,5.7577,115.67379988432619,0.3473609253695052
019040,2024,2,Derovere,300.0,9.9906,666.6666666666667,0.20018817688627308
019041,2024,15,Dovera,3750.0,20.6525,400.0,0.726304321510713
019043,2024,1,Fiesco,1186.0,8.1938,84.31703204047217,0.12204349630208207
019044,2024,1,Formigara,1008.0,12.643,99.2063492063492,0.07909515146721506
019045,2024,3,Gabbioneta-Binanuova,866.0,15.7072,346.42032332563514,0.19099521238667616
019046,2024,6,Gadesco-Pieve Delmona,1917.0,17.1013,312.98904538341156,0.3508505201358961
019047,2024,1,Genivolta,1132.0,18.5732,88.33922261484099,0.05384101824133698
019048,2024,1,Gerre de' Caprioli,1331.0,7.7187,75.13148009015778,0.1295554950963245
019049,2024,1,Gombito,630.0,9.2764,158.73015873015873,0.10780043982579449
019051,2024,6,Grumello Cremonese ed Uniti,1694.0,22.2897,354.1912632821724,0.26918262695325645
019052,2024,1,Gussola,2630.0,25.2261,38.02281368821293,0.03964148243287706
019053,2024,1,Isola Dovarese,1099.0,9.4655,90.99181073703367,0.10564682267180814
019054,2024,3,Izano,1948.0,6.1916,154.0041067761807,0.4845274242522127
019055,2024,4,Madignano,2773.0,10.7616,144.248106743599,0.37169194171870357
019056,2024,4,Malagnino,1716.0,10.8226,233.1002331002331,0.36959695452109476
019057,2024,2,Martignana di Po,2054.0,14.9198,97.37098344693281,0.13405005429027197
019058,2024,1,Monte Cremasco,2257.0,2.3428,44.30660168365086,0.4268396790165614
019059,2024,9,Montodine,2454.0,11.3943,366.7481662591687,0.7898686185197863
019060,2024,1,Moscazzano,721.0,8.1532,138.69625520110958,0.12265122896531423
019061,2024,2,Motta Baluffi,824.0,16.4676,242.71844660194174,0.12145060603852413
019062,2024,9,Offanengo,5965.0,12.5835,150.88013411567476,0.715222314936226
019066,2024,9,Palazzo Pignano,3774.0,8.8208,238.47376788553257,1.020315617631054
019067,2024,13,Pandino,8871.0,22.2953,146.54492165483035,0.5830825330899337
019068,2024,9,Persico Dosimo,3322.0,20.6076,270.9211318482842,0.4367320794270075
019069,2024,5,Pescarolo ed Uniti,1514.0,16.5434,330.25099075297226,0.3022353325193129
019070,2024,1,Pessina Cremonese,587.0,22.0166,170.35775127768315,0.045420273793410425
019072,2024,5,Pianengo,2510.0,5.7631,199.20318725099602,0.8675886241779598
019073,2024,1,Pieranica,1111.0,2.7288,90.00900090009,0.3664614482556435
019074,2024,1,Pieve d'Olmi,1252.0,19.4371,79.87220447284345,0.05144800407468192
019075,2024,3,Pieve San Giacomo,1581.0,14.85,189.75332068311195,0.20202020202020202
019076,2024,8,Pizzighettone,6301.0,32.061,126.96397397238533,0.24952434421883285
019077,2024,2,Pozzaglio ed Uniti,1416.0,20.7673,141.24293785310735,0.09630524911760316
019078,2024,1,Quintano,890.0,2.8622,112.35955056179776,0.34938159457759765
019079,2024,5,Ricengo,1746.0,12.5383,286.368843069874,0.39877814376749643
019080,2024,1,Ripalta Arpina,993.0,6.9564,100.70493454179255,0.1437525156690242
019081,2024,9,Ripalta Cremasca,3384.0,11.7794,265.9574468085106,0.7640457069120667
019082,2024,2,Ripalta Guerina,526.0,2.9739,380.22813688212926,0.6725175695215038
019083,2024,2,Rivarolo del Re ed Uniti,1842.0,27.3332,108.57763300760044,0.07317108863945677
019084,2024,22,Rivolta d'Adda,8044.0,30.4011,273.49577324714073,0.7236580255319709
019085,2024,3,Robecco d'Oglio,2252.0,17.8503,133.21492007104797,0.16806440227895328
019086,2024,10,Romanengo,3121.0,15.047,320.41012495994875,0.6645843025187744
019087,2024,3,Salvirola,1137.0,7.3647,263.8522427440633,0.4073485681697829
019088,2024,3,San Bassano,2096.0,13.9264,143.12977099236642,0.21541819852941177
019089,2024,4,San Daniele Po,1280.0,22.6817,312.5,0.17635362428742113
019090,2024,5,San Giovanni in Croce,1894.0,16.2144,263.99155227032736,0.3083678705348332
019091,2024,1,San Martino del Lago,393.0,10.3799,254.4529262086514,0.09634004181157815
019092,2024,1,Scandolara Ravara,1316.0,17.0761,75.98784194528875,0.05856138111161213
019094,2024,3,Sergnano,3488.0,12.3092,86.00917431192661,0.2437201442823254
019095,2024,4,Sesto ed Uniti,3195.0,26.4937,125.19561815336462,0.15097928941597435
019096,2024,3,Solarolo Rainerio,907.0,11.4254,330.76074972436606,0.2625728639697516
019097,2024,18,Soncino,7557.0,45.3201,238.18975784041285,0.3971747635155263
019098,2024,13,Soresina,8711.0,28.568,149.23659740557915,0.4550546065527863
019099,2024,8,Sospiro,3007.0,18.9595,266.0458929165281,0.4219520556976714
019100,2024,2,Spinadesco,1495.0,17.2122,133.7792642140468,0.11619665121251206
019102,2024,19,Spino d'Adda,6855.0,20.0196,277.1699489423778,0.949069911486743
019107,2024,1,Torre de' Picenardi,2061.0,34.2286,48.5201358563804,0.02921533454479587
019109,2024,9,Trescore Cremasco,2766.0,5.9179,325.3796095444685,1.5208097467006876
019111,2024,5,Vaiano Cremasco,3590.0,6.1516,139.2757660167131,0.8127966707848364
019112,2024,11,Vailate,4504.0,9.6926,244.22735346358795,1.1348864081876895
019113,2024,5,Vescovato,3753.0,17.4365,133.2267519317879,0.2867547959739627
019116,2024,5,Piadena Drizzona,3927.0,31.6906,127.32365673542145,0.1577754917862079
020001,2024,3,Acquanegra sul Chiese,2775.0,28.0142,108.10810810810811,0.10708854795068216
020002,2024,19,Asola,10009.0,73.4814,189.82915376161455,0.2585688351065712
020003,2024,35,Bagnolo San Vito,5817.0,49.2032,601.684717208183,0.7113358480749219
020007,2024,7,Bozzolo,4060.0,18.8219,172.41379310344828,0.3719071932164128
020008,2024,3,Canneto sull'Oglio,4194.0,25.8665,71.5307582260372,0.1159801287379429
020010,2024,4,Casalmoro,2184.0,13.6958,183.15018315018315,0.292060339666175
020011,2024,3,Casaloldo,2677.0,16.8495,112.06574523720583,0.17804682631532093
020013,2024,4,Castelbelforte,3266.0,22.342,122.4739742804654,0.1790350013427625
020014,2024,8,Castel d'Ario,4519.0,22.578,177.03031644169064,0.35432722118876786
020015,2024,11,Castel Goffredo,12628.0,42.4042,87.10801393728222,0.2594082661623141
020016,2024,10,Castellucchio,5176.0,46.3392,193.19938176197837,0.2158000138112009
020017,2024,70,Castiglione delle Stiviere,23483.0,42.0224,298.08797853766555,1.6657782515991473
020018,2024,11,Cavriana,3761.0,36.9097,292.4754054772667,0.29802463850966004
020019,2024,3,Ceresara,2538.0,37.3082,118.2033096926714,0.0804112768774693
020020,2024,4,Commessaggio,1089.0,11.6487,367.30945821854914,0.343385957231279
020021,2024,40,Curtatone,14728.0,67.4705,271.59152634437805,0.5928516907389155
020022,2024,6,Dosolo,3304.0,25.5363,181.59806295399517,0.2349596456808543
020024,2024,3,Gazoldo degli Ippoliti,3000.0,13.0314,100.0,0.2302131774022745
020025,2024,6,Gazzuolo,2137.0,22.4871,280.76743097800653,0.2668196432621369
020026,2024,15,Goito,10028.0,79.2204,149.5811727163941,0.18934516866867626
020027,2024,22,Gonzaga,8758.0,49.8828,251.19890385932862,0.4410337831877922
020028,2024,6,Guidizzolo,5962.0,22.3782,100.63737001006372,0.2681180792020806
020030,2024,267,Mantova,48755.0,63.8062,547.636139883089,4.184546329353574
020031,2024,14,Marcaria,6374.0,89.7889,219.64229683087544,0.15592127757439952
020032,2024,1,Mariana Mantovana,785.0,8.9126,127.38853503184713,0.11220070462042503
020033,2024,18,Marmirolo,7673.0,42.0156,234.58881793301185,0.4284123040013709
020034,2024,7,Medole,4120.0,25.7286,169.90291262135923,0.27207076949387066
020035,2024,12,Moglia,5327.0,31.8488,225.26750516238033,0.3767802868553917
020036,2024,3,Monzambano,4929.0,30.0185,60.86427267194157,0.09993837133767511
020037,2024,4,Motteggiana,2443.0,24.7898,163.7331150225133,0.161356687024502
020038,2024,12,Ostiglia,6621.0,39.8312,181.24150430448574,0.3012713651609793
020039,2024,19,Pegognaga,6921.0,46.5686,274.52680248519,0.4080002405054049
020041,2024,4,Piubega,1704.0,16.5877,234.7417840375587,0.2411425333228838
020042,2024,6,Poggio Rusco,6462.0,42.2867,92.85051067780873,0.1418885843539458
020043,2024,2,Pomponesco,1661.0,12.5587,120.40939193257074,0.1592521518947025
020044,2024,1,Ponti sul Mincio,2336.0,11.72,42.80821917808219,0.08532423208191126
020045,2024,30,Porto Mantovano,16481.0,37.443,182.02778957587526,0.8012178511337233
020046,2024,1,Quingentole,1057.0,14.3788,94.6073793755913,0.06954683283723259
020047,2024,9,Quistello,5315.0,45.4336,169.33207902163687,0.19809128046203692
020050,2024,8,Rivarolo Mantovano,2468.0,25.5452,324.14910858995137,0.31317038034542694
020051,2024,15,Rodigo,5254.0,41.6105,285.4967643700038,0.36048593504043447
020052,2024,16,Roncoferraro,6843.0,63.4333,233.81557796288178,0.2522334483622955
020053,2024,26,Roverbella,8725.0,62.9802,297.9942693409742,0.4128281586911442
020054,2024,5,Sabbioneta,4145.0,37.2701,120.62726176115801,0.134155797811114
020055,2024,25,San Benedetto Po,6774.0,69.9405,369.0581635665781,0.3574466868266598
020056,2024,3,San Giacomo delle Segnate,1513.0,15.9779,198.28155981493722,0.18775934259195515
020057,2024,44,San Giorgio Bigarello,11830.0,51.5259,371.93575655114114,0.8539394750989309
020058,2024,3,San Giovanni del Dosso,1251.0,15.3962,239.8081534772182,0.19485327548356088
020059,2024,2,San Martino dall'Argine,1638.0,16.9393,122.1001221001221,0.11806863329653527
020060,2024,1,Schivenoglia,1096.0,12.9551,91.24087591240875,0.0771896781962316
020061,2024,21,Sermide e Felonica,7195.0,79.8282,291.8693537178596,0.26306493194134406
020062,2024,4,Serravalle a Po,1468.0,26.2024,272.4795640326975,0.1526577718071627
020063,2024,7,Solferino,2659.0,13.0834,263.25686348251224,0.5350291208707217
020064,2024,2,Sustinente,2013.0,26.2721,99.35419771485346,0.07612638502441754
020065,2024,52,Suzzara,20906.0,61.0987,248.7324213144552,0.8510819379135726
020066,2024,64,Viadana,19822.0,103.8408,322.87357481586116,0.6163280714324235
020068,2024,3,Villimpenta,2103.0,14.8432,142.65335235378032,0.2021127519672308
020070,2024,12,Volta Mantovana,7171.0,50.4845,167.3406777297448,0.23769671879487764
020071,2024,41,Borgo Virgilio,14676.0,69.9866,279.3676751158354,0.5858264296308151
020072,2024,6,Borgo Mantovano,5416.0,41.1687,110.78286558345643,0.1457417892719469
020073,2024,1,Borgocarbonara,1912.0,30.4948,52.30125523012552,0.03279247609428493
021003,2024,3,Anterivo/Altrei,399.0,11.0641,751.8796992481202,0.27114722390433926
021004,2024,62,Appiano sulla strada del vino/Eppan an der Weinstraße,14890.0,59.4501,416.3868368032236,1.0428914333197086
021005,2024,4,Avelengo/Hafling,794.0,27.3952,503.77833753148616,0.14601098002569793
021006,2024,10,Badia/Abtei,3664.0,83.0703,272.92576419213975,0.12037996732887686
021007,2024,9,Barbiano/Barbian,1765.0,24.5112,509.91501416430594,0.3671790854792911
021008,2024,660,Bolzano/Bozen,107467.0,52.291,614.142015688537,12.621674858006159
021009,2024,1,Braies/Prags,666.0,90.213,150.15015015015015,0.011084876902441998
021010,2024,9,Brennero/Brenner,2291.0,114.2919,392.841553906591,0.07874573788693687
021011,2024,41,Bressanone/Brixen,22698.0,84.6986,180.632654859459,0.48406939429931545
021012,2024,4,Bronzolo/Branzoll,2765.0,7.5395,144.66546112115734,0.5305391604217786
021013,2024,44,Brunico/Bruneck,16944.0,44.9974,259.67894239848914,0.9778342748692147
021014,2024,2,Caines/Kuens,389.0,1.6344,514.1388174807198,1.2236906510034262
021015,2024,10,Caldaro sulla strada del vino/Kaltern an der Weinstraße,8113.0,48.0442,123.25896708985579,0.20814166954595978
021016,2024,18,Campo di Trens/Freienfeld,2718.0,95.3854,662.2516556291391,0.18870812514284155
021017,2024,8,Campo Tures/Sand in Taufers,5612.0,163.9801,142.55167498218105,0.04878640761897328
021018,2024,13,Castelbello-Ciardes/Kastelbell-Tschars,2375.0,53.791,547.3684210526316,0.2416761168225168
021019,2024,16,Castelrotto/Kastelruth,7057.0,117.897,226.72523735298284,0.135711680534704
021020,2024,2,Cermes/Tscherms,1589.0,6.6239,125.86532410320957,0.3019369253762889
021021,2024,6,Chienes/Kiens,2957.0,33.6801,202.90835306053432,0.17814673946930085
021022,2024,16,Chiusa/Klausen,5178.0,51.289,308.9996137504828,0.3119577297276219
021023,2024,22,Cornedo all'Isarco/Karneid,3433.0,40.6107,640.8389163996504,0.5417291501993317
021024,2024,3,Cortaccia sulla strada del vino/Kurtatsch an der Weinstraße,2220.0,29.2676,135.13513513513513,0.10250242589074608
021025,2024,4,Cortina sulla strada del vino/Kurtinig an der Weinstraße,654.0,1.999,611.6207951070337,2.0010005002501248
021026,2024,9,Corvara in Badia/Corvara,1487.0,38.8358,605.2454606590451,0.23174493637314025
021027,2024,6,Curon Venosta/Graun im Vinschgau,2322.0,209.6475,258.3979328165375,0.028619468393374592
021028,2024,8,Dobbiaco/Toblach,3393.0,125.3018,235.7795461243737,0.0638458505783636
021029,2024,11,Egna/Neumarkt,5459.0,23.5693,201.50210661293278,0.4667088118866492
021030,2024,7,Falzes/Pfalzen,2912.0,33.1315,240.3846153846154,0.21127929613811627
021031,2024,7,Fiè allo Sciliar/Völs am Schlern,3650.0,43.9578,191.78082191780823,0.15924363821665324
021032,2024,10,Fortezza/Franzensfeste,1026.0,61.772,974.6588693957115,0.16188564398109176
021033,2024,2,Funes/Villnöß,2560.0,81.3811,78.125,0.02457573072863355
021034,2024,7,Gais/Gais,3238.0,60.6146,216.18282890673254,0.1154837283426765
021035,2024,4,Gargazzone/Gargazon,1821.0,4.9136,219.6595277320154,0.8140670791273201
021036,2024,3,Glorenza/Glurns,913.0,13.2189,328.58707557502737,0.2269477793159794
021037,2024,12,Laces/Latsch,5286.0,78.7048,227.01475595913735,0.1524684644392718
021038,2024,14,Lagundo/Algund,5081.0,23.6837,275.53631174965557,0.591123853114167
021039,2024,20,Laion/Lajen,2717.0,37.525,736.105999263894,0.5329780146568954
021040,2024,41,Laives/Leifers,18178.0,24.1083,225.5473649466388,1.7006591091035037
021041,2024,29,Lana/Lana,12567.0,36.1238,230.76310973183735,0.802794833323183
021042,2024,6,Lasa/Laas,4107.0,110.2235,146.09203798392988,0.05443485282176668
021043,2024,1,Lauregno/Laurein,337.0,13.8848,296.7359050445104,0.07202120304217562
021044,2024,1,Luson/Lüsen,1553.0,74.4127,64.3915003219575,0.013438566266242187
021045,2024,2,Magrè sulla strada del vino/Margreid an der Weinstraße,1296.0,13.8641,154.320987654321,0.14425747073376563
021046,2024,15,Malles Venosta/Mals,5170.0,247.425,290.1353965183753,0.06062443164595332
021047,2024,7,Marebbe/Enneberg,3192.0,160.2279,219.29824561403507,0.0436877722294307
021048,2024,5,Marlengo/Marling,2847.0,12.8631,175.62346329469617,0.38870878715084234
021049,2024,2,Martello/Martell,832.0,142.7992,240.3846153846154,0.01400568070409358
021050,2024,4,Meltina/Mölten,1686.0,36.9539,237.24792408066432,0.10824297300149646
021051,2024,141,Merano/Meran,40900.0,26.3399,344.74327628361857,5.353095493908481
021052,2024,4,Monguelfo-Tesido/Welsberg-Taisten,2906.0,46.4364,137.64624913971093,0.08613932173898063
021053,2024,9,Montagna/Montan,1720.0,19.5102,523.2558139534883,0.4612971676353907
021054,2024,2,Moso in Passiria/Moos in Passeier,2050.0,193.5284,97.5609756097561,0.010334400532428316
021055,2024,11,Nalles/Nals,2050.0,12.2399,536.5853658536586,0.8987001527790259
021056,2024,15,Naturno/Naturns,6009.0,67.1127,249.62556165751374,0.2235046421914183
021057,2024,10,Naz-Sciaves/Natz-Schabs,3329.0,15.9599,300.39050765995796,0.6265703419194356
021058,2024,1,Nova Levante/Welschnofen,2022.0,51.0956,49.45598417408506,0.01957115681193684
021059,2024,10,Nova Ponente/Deutschnofen,4029.0,112.4933,248.2005460412013,0.08889418303134497
021060,2024,13,Ora/Auer,3948.0,11.788,329.28064842958463,1.1028164234815065
021061,2024,4,Ortisei/St. Ulrich,4891.0,24.1564,81.78286648947045,0.16558758755443692
021062,2024,13,Parcines/Partschins,3862.0,55.3974,336.61315380631794,0.23466805301331833
021063,2024,6,Perca/Percha,1643.0,30.364,365.18563603164944,0.1976024239230668
021064,2024,1,Plaus/Plaus,743.0,4.866,134.58950201884252,0.20550760378133992
021065,2024,1,Ponte Gardena/Waidbruck,201.0,2.3282,497.51243781094524,0.4295163645734903
021066,2024,4,Postal/Burgstall,1951.0,6.6921,205.02306509482315,0.5977196993469912
021067,2024,4,Prato allo Stelvio/Prad am Stilfserjoch,3667.0,51.0018,109.08099263703299,0.07842860448062616
021070,2024,4,Racines/Ratschings,4576.0,203.2838,87.41258741258741,0.019676924575396562
021071,2024,3,Rasun-Anterselva/Rasen-Antholz,2948.0,121.5728,101.76390773405699,0.024676572391192766
021072,2024,17,Renon/Ritten,7986.0,111.3601,212.87252692211368,0.15265790889196398
021073,2024,5,Rifiano/Riffian,1380.0,35.9426,362.3188405797101,0.13911069316076188
021074,2024,4,Rio di Pusteria/Mühlbach,3212.0,83.8233,124.53300124533001,0.04771942884615614
021076,2024,7,Salorno sulla strada del vino/Salurn an der Weinstraße,3802.0,33.125,184.1136244082062,0.21132075471698114
021077,2024,7,San Candido/Innichen,3438.0,79.8468,203.60674810936592,0.0876678839978559
021079,2024,4,San Genesio Atesino/Jenesien,3079.0,68.8368,129.91230919129586,0.058108453617832324
021080,2024,9,San Leonardo in Passiria/St. Leonhard in Passeier,3577.0,89.0273,251.6074923119933,0.10109258620670289
021081,2024,7,San Lorenzo di Sebato/St. Lorenzen,3864.0,51.4599,181.15942028985506,0.13602824723716914
021082,2024,2,San Martino in Badia/St. Martin in Thurn,1769.0,75.9429,113.05822498586771,0.026335575807613355
021083,2024,8,San Martino in Passiria/St. Martin in Passeier,3223.0,29.9913,248.21594787465094,0.2667440224331723
021084,2024,5,San Pancrazio/St. Pankraz,1524.0,63.1725,328.0839895013123,0.07914836360758241
021085,2024,5,Santa Cristina Valgardena/St. Christina in Gröden,2036.0,31.9231,245.5795677799607,0.15662639280019797
021086,2024,8,Sarentino/Sarntal,7128.0,302.2703,112.23344556677891,0.02646637794053865
021087,2024,6,Scena/Schenna,3053.0,48.1303,196.52800524074678,0.12466159570997895
021088,2024,2,Selva dei Molini/Mühlwald,1402.0,104.7871,142.65335235378032,0.01908631883123018
021089,2024,8,Selva di Val Gardena/Wolkenstein in Gröden,2736.0,56.2399,292.39766081871346,0.14224776359844168
021091,2024,1,Senales/Schnals,1272.0,209.8369,78.61635220125787,0.004765606049269695
021092,2024,2,Sesto/Sexten,1900.0,80.429,105.26315789473684,0.02486665257556354
021093,2024,17,Silandro/Schlanders,6264.0,115.1716,271.39208173690935,0.14760583338253527
021094,2024,2,Sluderno/Schluderns,1811.0,20.7177,110.43622308117064,0.09653581237299506
021095,2024,5,Stelvio/Stilfs,1201.0,141.6216,416.3197335553705,0.035305348901579985
021096,2024,2,Terento/Terenten,1771.0,42.1614,112.9305477131564,0.047436754946467624
021097,2024,14,Terlano/Terlan,4699.0,18.5685,297.9357310065971,0.753965048334545
021098,2024,12,Termeno sulla strada del vino/Tramin an der Weinstraße,3473.0,19.4389,345.5226029369421,0.6173188812124143
021099,2024,4,Tesimo/Tisens,1982.0,38.125,201.81634712411704,0.10491803278688525
021100,2024,1,Tires/Tiers,1008.0,42.181,99.2063492063492,0.02370735639268865
021101,2024,6,Tirolo/Tirol,2530.0,25.6182,237.15415019762847,0.2342084923999344
021102,2024,3,Trodena nel parco naturale/Truden im Naturpark,1043.0,20.5608,287.6318312559923,0.1459087195050776
021103,2024,1,Tubre/Taufers im Münstertal,968.0,46.2665,103.30578512396694,0.021613910712934843
021104,2024,1,Ultimo/Ulten,2886.0,208.1174,34.65003465003465,0.004804980265946048
021105,2024,14,Vadena/Pfatten,1120.0,13.7358,1250.0,1.0192344093536598
021106,2024,5,Valdaora/Olang,3192.0,49.076,156.64160401002505,0.10188279403374358
021108,2024,9,Valle Aurina/Ahrntal,5971.0,187.8882,150.72852118573104,0.04790082612958131
021109,2024,2,Valle di Casies/Gsies,2323.0,110.1339,86.09556607834696,0.01815971285862028
021110,2024,6,Vandoies/Vintl,3309.0,110.8179,181.32366273798732,0.05414287763980368
021111,2024,20,Varna/Vahrn,4870.0,70.3417,410.6776180698152,0.2843263668634679
021112,2024,2,Verano/Vöran,982.0,22.009,203.66598778004072,0.09087191603434959
021113,2024,5,Villabassa/Niederdorf,1587.0,18.0325,315.05986137366097,0.2772771384999307
021114,2024,2,Villandro/Villanders,1887.0,43.9501,105.98834128245893,0.04550615356961645
021115,2024,9,Vipiteno/Sterzing,6959.0,32.9648,129.32892656990947,0.2730184924525555
021116,2024,11,Velturno/Feldthurns,3025.0,24.5844,363.6363636363636,0.4474382128504255
021118,2024,2,Senale-San Felice/Unsere Liebe Frau im Walde-St. Felix,775.0,27.6313,258.06451612903226,0.07238168309127692
022001,2024,25,Ala,8792.0,119.855,284.3494085532302,0.20858537399357557
022003,2024,5,Aldeno,3187.0,8.9704,156.88735487919672,0.5573887452064568
022005,2024,1,Andalo,1268.0,11.3783,78.86435331230284,0.08788659114278935
022006,2024,68,Arco,17798.0,63.2175,382.06540060680976,1.075651520544153
022007,2024,4,Avio,4072.0,68.8883,98.23182711198427,0.05806501249123581
022009,2024,2,Baselga di Pinè,5074.0,41.0709,39.41663381947181,0.048696278873849856
022011,2024,1,Bedollo,1470.0,27.4595,68.02721088435374,0.036417269068992515
022013,2024,9,Besenello,2746.0,25.9369,327.74945375091045,0.3469959787021579
022015,2024,1,Bieno,446.0,11.711,224.2152466367713,0.08538980445734778
022017,2024,1,Bleggio Superiore,1516.0,32.674,65.96306068601582,0.030605374303727735
022022,2024,8,Borgo Valsugana,6984.0,52.3633,114.5475372279496,0.1527787591691127
022025,2024,3,Brentonico,4021.0,62.74,74.60830639144491,0.047816385081287854
022026,2024,1,Bresimo,250.0,41.0139,400.0,0.024381977817276582
022029,2024,1,Caderzone Terme,681.0,18.607,146.84287812041114,0.05374321491911646
022032,2024,4,Calceranica al Lago,1376.0,3.3945,290.69767441860466,1.1783767859773162
022033,2024,1,Caldes,1094.0,20.8086,91.40767824497257,0.04805705333371779
022034,2024,9,Caldonazzo,3855.0,21.4132,233.46303501945525,0.42030149627332675
022035,2024,8,Calliano,1996.0,10.1988,400.8016032064128,0.7844060085500255
022037,2024,4,Campodenno,1520.0,25.023,263.1578947368421,0.15985293529952443
022038,2024,1,Canal San Bovo,1457.0,125.6823,68.63417982155113,0.007956569859081192
022039,2024,2,Canazei,2015.0,67.0177,99.25558312655087,0.029842862407990722
022040,2024,5,Capriana,579.0,12.8188,863.5578583765113,0.3900521109620245
022042,2024,1,Carisolo,950.0,25.1224,105.26315789473684,0.03980511416106742
022047,2024,4,Castello-Molina di Fiemme,2320.0,54.5589,172.41379310344828,0.07331526112146688
022048,2024,5,Castello Tesino,1167.0,112.8343,428.4490145672665,0.04431276659668204
022050,2024,8,Cavalese,4041.0,45.3757,197.9707993071022,0.17630582007550297
022051,2024,1,Cavareno,1117.0,9.4842,89.52551477170994,0.10543851879968791
022052,2024,2,Cavedago,545.0,10.028,366.9724770642202,0.19944156362185878
022053,2024,4,Cavedine,3003.0,38.2265,133.2001332001332,0.10463945168927315
022058,2024,1,Cimone,708.0,9.807,141.24293785310735,0.10196798205363515
022060,2024,1,Cis,298.0,5.4976,335.5704697986577,0.1818975552968568
022061,2024,11,Civezzano,4080.0,15.6663,269.6078431372549,0.7021440927340853
022062,2024,21,Cles,7155.0,39.1656,293.5010482180294,0.5361848152460322
022064,2024,2,Commezzadura,1019.0,22.0249,196.27085377821393,0.09080631467112224
022068,2024,3,Croviana,688.0,4.9892,436.04651162790697,0.6012988054197065
022071,2024,1,Dambel,421.0,5.1451,237.52969121140143,0.19435968202756018
022074,2024,2,Denno,1211.0,10.644,165.15276630883565,0.18789928598271327
022078,2024,3,Drena,574.0,8.3367,522.6480836236934,0.3598546187340314
022079,2024,19,Dro,5057.0,27.9534,375.71682815898754,0.6797026479784213
022081,2024,4,Fai della Paganella,914.0,12.1293,437.636761487965,0.3297799543254763
022083,2024,3,Fiavè,1055.0,24.2822,284.3601895734597,0.12354728978428643
022087,2024,7,Folgaria,3150.0,71.6258,222.22222222222223,0.09773014751667695
022089,2024,2,Fornace,1319.0,7.2241,151.6300227445034,0.276851095638211
022090,2024,1,Frassilongo,342.0,16.6807,292.39766081871346,0.059949522502053265
022092,2024,3,Giovo,2520.0,20.8129,119.04761904761907,0.1441413738594814
022093,2024,1,Giustino,749.0,39.3866,133.5113484646195,0.02538934561500612
022095,2024,1,Grigno,2086.0,46.3809,47.93863854266539,0.0215605992984181
022097,2024,3,Imer,1177.0,27.7294,254.88530161427357,0.10818842095393337
022098,2024,9,Isera,2754.0,14.092,326.79738562091507,0.6386602327561737
022102,2024,2,Lavarone,1186.0,26.3125,168.63406408094434,0.07600950118764846
022103,2024,16,Lavis,9119.0,12.1781,175.4578352889571,1.3138338492868344
022104,2024,23,Levico Terme,8003.0,62.8282,287.39222791453204,0.36607765302841716
022106,2024,1,Livo,790.0,15.2178,126.58227848101266,0.06571252086372537
022108,2024,1,Lona-Lases,870.0,11.3726,114.94252873563218,0.08793064031092274
022110,2024,1,Malé,2219.0,26.5277,45.06534474988734,0.03769644560214418
022115,2024,3,Mezzano,1594.0,48.8455,188.20577164366372,0.061418144967294835
022116,2024,11,Mezzocorona,5528.0,25.353,198.98697539797394,0.43387370330927305
022117,2024,28,Mezzolombardo,7361.0,13.879,380.383100122266,2.017436414727286
022118,2024,7,Moena,2682.0,82.5944,260.9992542878449,0.08475150857685268
022120,2024,1,Molveno,1134.0,34.1156,88.18342151675485,0.029312103553799436
022123,2024,19,Mori,9974.0,34.4834,190.4952877481452,0.5509897515906204
022124,2024,18,Nago-Torbole,2847.0,28.3842,632.2444678609062,0.6341556217895872
022127,2024,8,Nogaredo,2075.0,3.6147,385.54216867469876,2.213185049934988
022128,2024,3,Nomi,1312.0,6.4887,228.65853658536585,0.4623422257154746
022129,2024,3,Novaledo,1095.0,7.9653,273.972602739726,0.3766336484501525
022130,2024,1,Ospedaletto,790.0,16.7474,126.58227848101266,0.059710761073360645
022131,2024,1,Ossana,834.0,25.2486,119.9040767386091,0.03960615638094785
022133,2024,1,Palù del Fersina,165.0,16.6481,606.060606060606,0.060066914542800685
022134,2024,3,Panchià,824.0,20.2112,364.07766990291265,0.14843255224825838
022135,2024,1,Ronzo-Chienis,987.0,13.2084,101.31712259371835,0.07570939705036189
022138,2024,4,Pelugo,390.0,22.9782,1025.6410256410256,0.17407803918496662
022139,2024,53,Pergine Valsugana,21486.0,54.3284,246.6722516987806,0.9755487001273735
022142,2024,2,Pieve Tesino,637.0,69.2335,313.97174254317116,0.028887749427661463
022143,2024,7,Pinzolo,3150.0,69.321,222.22222222222223,0.10097950116126427
022144,2024,3,Pomarolo,2418.0,9.2285,124.06947890818859,0.32507991547922194
022147,2024,12,Predazzo,4522.0,109.9648,265.36930561698364,0.1091258293563031
022150,2024,1,Rabbi,1335.0,132.7874,74.90636704119851,0.007530835003923566
022153,2024,54,Riva del Garda,17646.0,40.7248,306.01836110166613,1.3259733626684476
022155,2024,5,Romeno,1384.0,9.1279,361.271676300578,0.5477711193155052
022156,2024,3,Roncegno Terme,2897.0,38.0833,103.55540214014498,0.07877468601723064
022159,2024,1,Ronzone,439.0,5.2973,227.7904328018223,0.18877541389009495
022160,2024,1,Roverè della Luna,1632.0,10.4144,61.27450980392157,0.09602089414656628
022161,2024,97,Rovereto,39954.0,50.9842,242.7791960754868,1.9025502018272327
022162,2024,1,Ruffrè-Mendola,407.0,6.58,245.7002457002457,0.1519756838905775
022167,2024,13,San Michele all'Adige,3956.0,15.9962,328.61476238624874,0.8126930145909653
022168,2024,1,Sant'Orsola Terme,1120.0,15.3639,89.28571428571428,0.06508764050794395
022169,2024,6,Sanzeno,916.0,7.8749,655.0218340611353,0.7619144370087239
022171,2024,2,Scurelle,1373.0,29.9965,145.66642388929353,0.06667444535195773
022172,2024,1,Segonzano,1403.0,20.7121,71.27583749109053,0.048280956542311015
022176,2024,2,Soraga di Fassa,691.0,19.7447,289.4356005788712,0.10129300521152511
022177,2024,4,Sover,785.0,14.822,509.5541401273885,0.26986911347996223
022179,2024,6,Spiazzo,1244.0,71.06,482.31511254019296,0.08443568815085843
022180,2024,4,Spormaggiore,1258.0,30.2,317.9650238473768,0.13245033112582782
022181,2024,1,Sporminore,705.0,17.4709,141.84397163120568,0.05723803581956281
022182,2024,2,Stenico,1178.0,49.1459,169.7792869269949,0.040695154631413814
022183,2024,10,Storo,4534.0,62.9318,220.55580061755626,0.15890217664201564
022188,2024,2,Telve,1898.0,64.7474,105.3740779768177,0.030889271229423886
022190,2024,1,Tenna,1051.0,3.1147,95.14747859181732,0.32105820785308375
022191,2024,5,Tenno,1992.0,28.3011,251.00401606425703,0.17667157813653886
022193,2024,3,Terragnolo,696.0,39.5662,431.0344827586207,0.07582229276503683
022196,2024,6,Tesero,2935.0,50.5452,204.42930153321979,0.11870563376937869
022199,2024,20,Tione di Trento,3665.0,33.4464,545.7025920873124,0.5979716800612324
022200,2024,4,Ton,1321.0,26.2845,302.8009084027252,0.1521809431413951
022203,2024,1,Trambileno,1468.0,50.6989,68.11989100817438,0.019724293820970473
022205,2024,350,Trento,118879.0,157.8748,294.41701225615964,2.2169465931231582
022209,2024,2,Valfloriana,458.0,39.3284,436.68122270742356,0.0508538359048423
022210,2024,3,Vallarsa,1364.0,77.8636,219.94134897360706,0.03852891466615979
022213,2024,3,Vermiglio,1846.0,95.6345,162.51354279523295,0.03136943257924703
022216,2024,1,Vignola-Falesina,180.0,11.9514,555.5555555555555,0.08367220576668842
022222,2024,5,Villa Lagarina,3825.0,24.1287,130.718954248366,0.20722210479636285
022224,2024,8,Volano,3020.0,10.7401,264.9006622516556,0.7448720216757758
022228,2024,15,Comano Terme,2895.0,68.1133,518.1347150259068,0.220221307732851
022229,2024,14,Ledro,5248.0,156.3723,266.76829268292687,0.089529923138561
022230,2024,12,Predaia,6778.0,80.0485,177.04337562702864,0.14990911759745654
022231,2024,4,San Lorenzo Dorsino,1554.0,73.9123,257.4002574002574,0.05411819142416079
022232,2024,2,Valdaone,1141.0,177.0828,175.28483786152498,0.011294151662386183
022233,2024,5,Dimaro Folgarida,2099.0,36.5328,238.20867079561697,0.13686331187316603
022234,2024,2,Pieve di Bono-Prezzo,1430.0,24.6809,139.86013986013987,0.08103432208712
022235,2024,4,Altavalle,1612.0,33.5472,248.13895781637717,0.11923498831497116
022236,2024,8,Altopiano della Vigolana,5074.0,45.0271,157.66653527788725,0.17767078048552984
022237,2024,1,Amblar-Don,546.0,19.964,183.15018315018315,0.05009016229212583
022238,2024,3,Borgo Chiese,1963.0,53.7123,152.82730514518593,0.05585312861299926
022239,2024,3,Borgo Lares,707.0,22.62,424.3281471004243,0.1326259946949602
022240,2024,5,Castel Ivano,3277.0,34.8203,152.57857796765333,0.1435943975209863
022241,2024,2,Cembra Lisignago,2308.0,24.1056,86.65511265164645,0.08296827293243064
022242,2024,2,Contà,1397.0,19.4692,143.16392269148173,0.10272635752881475
022243,2024,10,Madruzzo,2933.0,28.9303,340.94783498124787,0.34565835819193025
022244,2024,2,Porte di Rendena,1752.0,40.7133,114.15525114155251,0.049123996335349876
022245,2024,7,Primiero San Martino di Castrozza,5278.0,200.0489,132.6259946949602,0.0349914445917973
022246,2024,9,Sella Giudicarie,2894.0,85.7572,310.98825155494126,0.1049474563068757
022247,2024,2,Tre Ville,1404.0,81.4868,142.45014245014247,0.024543852501264007
022248,2024,15,Vallelaghi,5159.0,72.4548,290.75402209730566,0.2070256214909157
022249,2024,2,Ville d'Anaunia,4736.0,89.1318,42.22972972972973,0.022438680695329838
022250,2024,7,San Giovanni di Fassa-Sèn Jan,3698.0,99.8223,189.29150892374255,0.07012461143451915
022251,2024,4,Terre d'Adige,3053.0,16.5774,131.01867016049786,0.24129236189028436
022252,2024,6,Borgo d'Anaunia,2487.0,63.2287,241.25452352231602,0.09489361634827222
022253,2024,7,Novella,3599.0,46.5889,194.4984717977216,0.15025038152864736
022254,2024,6,Ville di Fiemme,2631.0,46.1493,228.05017103762827,0.13001280626141676
023001,2024,16,Affi,2369.0,9.8814,675.390460109751,1.6192037565527153
023002,2024,5,Albaredo d'Adige,5371.0,28.2532,93.09253397877491,0.17697110415811307
023003,2024,3,Angiari,2397.0,13.4706,125.15644555694618,0.22270722907665583
023004,2024,15,Arcole,6325.0,18.8657,237.15415019762847,0.795093741552129
023005,2024,1,Badia Calavena,2589.0,26.9382,38.62495171881035,0.037122005182231924
023006,2024,29,Bardolino,7170.0,57.3221,404.4630404463041,0.5059130771552334
023007,2024,8,Belfiore,3329.0,26.4474,240.31240612796637,0.3024872010103073
023008,2024,3,Bevilacqua,1763.0,12.2007,170.16449234259784,0.2458875310433008
023009,2024,2,Bonavigo,1987.0,17.9947,100.65425264217413,0.11114383679639003
023010,2024,1,Boschi Sant'Anna,1357.0,8.9664,73.69196757553426,0.11152748037116346
023011,2024,5,Bosco Chiesanuova,3533.0,64.7987,141.5227851684121,0.07716204183108612
023012,2024,43,Bovolone,16050.0,41.2729,267.9127725856698,1.0418458601164444
023013,2024,13,Brentino Belluno,1334.0,25.9838,974.5127436281858,0.5003117326949869
023014,2024,8,Brenzone sul Garda,2486.0,51.5829,321.8020917135961,0.15509015584622035
023015,2024,54,Bussolengo,20583.0,24.2258,262.35242675994755,2.229028556332505
023016,2024,13,Buttapietra,7103.0,17.2692,183.02125862311698,0.752785305630834
023017,2024,15,Caldiero,7892.0,10.3727,190.0658895083629,1.4461037145584081
023018,2024,17,Caprino Veronese,8502.0,47.3173,199.95295224653023,0.35927662820997813
023019,2024,10,Casaleone,5562.0,38.6028,179.79144192736425,0.2590485664252334
023020,2024,8,Castagnaro,3635.0,34.7978,220.08253094910592,0.22989959135347635
023021,2024,21,Castel d'Azzano,11970.0,9.7241,175.43859649122808,2.1595828919900044
023022,2024,41,Castelnuovo del Garda,13300.0,34.429,308.2706766917293,1.190856545354207
023023,2024,16,Cavaion Veronese,6036.0,12.9092,265.0762094102054,1.2394261456945435
023024,2024,1,Cazzano di Tramigna,1520.0,12.2708,65.78947368421052,0.08149427910160707
023025,2024,49,Cerea,16644.0,70.2947,294.4003845229512,0.6970653548560559
023026,2024,4,Cerro Veronese,2565.0,10.0567,155.94541910331384,0.39774478705738464
023027,2024,14,Cologna Veneta,8452.0,42.8339,165.6412683388547,0.3268439250220036
023028,2024,29,Colognola ai Colli,8798.0,20.8968,329.62036826551486,1.3877722904942384
023029,2024,3,Concamarise,1102.0,7.9136,272.2323049001815,0.379094217549535
023030,2024,13,Costermano sul Garda,3873.0,16.7441,335.6571133488252,0.7763928786856266
023031,2024,10,Dolcè,2548.0,30.9499,392.4646781789639,0.32310282101073023
023032,2024,3,Erbè,1927.0,16.1025,155.68240788790868,0.18630647414997673
023033,2024,3,Erbezzo,784.0,31.969,382.65306122448976,0.09384090837999312
023034,2024,2,Ferrara di Monte Baldo,250.0,26.8895,800.0,0.0743784748693728
023035,2024,7,Fumane,4102.0,34.2113,170.64846416382252,0.20461075726441263
023036,2024,20,Garda,4143.0,14.3691,482.7419744146753,1.3918756219944186
023037,2024,14,Gazzo Veronese,5226.0,56.6542,267.89131266743203,0.24711318843086655
023038,2024,4,Grezzana,10716.0,49.4866,37.32736095558044,0.08082996205033281
023039,2024,5,Illasi,5213.0,25.0029,95.91406100134279,0.19997680269088786
023040,2024,34,Isola della Scala,11762.0,69.8295,289.0664852916171,0.4869002355737905
023041,2024,10,Isola Rizza,3244.0,16.6774,308.26140567200986,0.5996138486814492
023042,2024,14,Lavagno,8609.0,14.6372,162.62051341619235,0.9564670838684994
023043,2024,53,Lazise,6901.0,63.1465,768.0046370091292,0.839318093639394
023044,2024,94,Legnago,25443.0,79.2725,369.4532877412255,1.185783216121606
023045,2024,18,Malcesine,3640.0,69.2779,494.5054945054945,0.25982311819497994
023046,2024,2,Marano di Valpolicella,3122.0,18.622,64.0614990390775,0.1073998496402105
023047,2024,4,Mezzane di Sotto,2549.0,19.708,156.9242840329541,0.2029632636492795
023048,2024,12,Minerbe,4570.0,29.6505,262.582056892779,0.4047149289219406
023049,2024,6,Montecchia di Crosara,4278.0,21.0625,140.25245441795232,0.28486646884273
023050,2024,10,Monteforte d'Alpone,9019.0,20.4705,110.8770373655616,0.48850785276373315
023051,2024,10,Mozzecane,8027.0,24.8517,124.57954403886883,0.40238695944341835
023052,2024,28,Negrar di Valpolicella,16751.0,40.4219,167.1541997492687,0.6926938120177428
023053,2024,19,Nogara,8374.0,38.7778,226.89276331502268,0.48997106591915995
023054,2024,17,Nogarole Rocca,3851.0,29.1355,441.44378083614646,0.5834806335913233
023055,2024,37,Oppeano,10305.0,46.7257,359.04900533721496,0.7918554457183091
023056,2024,2,Palù,1231.0,13.6103,162.46953696181964,0.14694753238356245
023057,2024,15,Pastrengo,3111.0,9.0015,482.1600771456123,1.6663889351774703
023058,2024,26,Pescantina,17367.0,19.7259,149.70921863303965,1.3180640680526619
023059,2024,61,Peschiera del Garda,10881.0,18.2606,560.6102380295929,3.3405255029955203
023060,2024,9,Povegliano Veronese,7358.0,18.5283,122.31584669747215,0.48574343032010486
023061,2024,2,Pressana,2511.0,17.3894,79.6495420151334,0.11501259387902976
023062,2024,12,Rivoli Veronese,2182.0,18.4271,549.9541704857928,0.651214786917095
023063,2024,5,Roncà,3740.0,18.1485,133.6898395721925,0.27550486266082597
023064,2024,9,Ronco all'Adige,5962.0,42.8144,150.95605501509561,0.2102096490900258
023065,2024,8,Roverchiara,2659.0,19.6466,300.86498683715683,0.4071951380900512
023066,2024,1,Roveredo di Guà,1597.0,10.1597,62.61740763932373,0.09842810319202337
023067,2024,2,Roverè Veronese,2070.0,36.5476,96.61835748792271,0.05472315555604198
023068,2024,6,Salizzole,3779.0,30.6954,158.77216194760518,0.1954690279325241
023069,2024,63,San Bonifacio,21402.0,33.792,294.3650126156434,1.8643465909090908
023070,2024,6,San Giovanni Ilarione,4911.0,25.4033,122.17470983506415,0.23618978636633822
023071,2024,50,San Giovanni Lupatoto,25418.0,19.0108,196.7109922102447,2.6300839522797568
023072,2024,11,Sanguinetto,4086.0,13.5055,269.21194322075377,0.8144829884121284
023073,2024,51,San Martino Buon Albergo,15970.0,34.7507,319.34877896055104,1.4675963361889113
023074,2024,1,San Mauro di Saline,575.0,11.2398,173.91304347826087,0.08896955461840958
023075,2024,4,San Pietro di Morubio,3030.0,16.1169,132.01320132013203,0.24818668602522817
023076,2024,33,San Pietro in Cariano,12916.0,20.2358,255.49705791266646,1.630773184158768
023077,2024,19,Sant'Ambrogio di Valpolicella,11948.0,23.4999,159.02243053230666,0.8085140787833139
023078,2024,1,Sant'Anna d'Alfaedo,2530.0,43.4279,39.52569169960474,0.02302667179393892
023080,2024,4,Selva di Progno,892.0,41.3327,448.4304932735426,0.09677567640149325
023081,2024,14,Soave,7143.0,22.7206,195.99608007839845,0.616180910715386
023082,2024,55,Sommacampagna,14788.0,40.8265,371.92318095753313,1.3471642193183349
023083,2024,31,Sona,17629.0,41.1449,175.84661637075274,0.7534348120909274
023084,2024,3,Sorgà,2957.0,31.5347,101.45417653026716,0.0951332976054949
023085,2024,3,Terrazzo,2146.0,20.5271,139.79496738117427,0.14614826254073882
023086,2024,7,Torri del Benaco,3062.0,46.2913,228.60875244937947,0.1512163192651751
023087,2024,6,Tregnago,4902.0,37.3481,122.39902080783352,0.1606507426080577
023088,2024,7,Trevenzuolo,2756.0,26.9416,253.99129172714078,0.25982124298482645
023089,2024,35,Valeggio sul Mincio,15759.0,63.959,222.09531061615587,0.5472255663784612
023090,2024,1,Velo Veronese,759.0,18.9017,131.75230566534916,0.05290529423279387
023091,2024,1230,Verona,258031.0,198.9134,476.6869097123989,6.1835954742113906
023092,2024,9,Veronella,5150.0,20.8801,174.75728155339806,0.4310324184271148
023094,2024,13,Vigasio,10249.0,30.7626,126.84164308713044,0.42259106837523486
023095,2024,15,Villa Bartolomea,5759.0,52.9886,260.4618857440528,0.283079756777873
023096,2024,101,Villafranca di Verona,33265.0,57.3407,303.62242597324513,1.761401587354183
023097,2024,42,Zevio,15542.0,54.8687,270.23549092780854,0.7654637343330533
023098,2024,9,Zimella,4869.0,20.0992,184.84288354898337,0.447779016080242
024001,2024,2,Agugliaro,1403.0,14.6954,142.55167498218105,0.13609700994869142
024002,2024,5,Albettone,1977.0,20.2106,252.90844714213455,0.24739493137264604
024003,2024,4,Alonte,1586.0,11.1452,252.20680958385876,0.35889889818038256
024004,2024,36,Altavilla Vicentina,11844.0,16.7234,303.951367781155,2.1526723034789574
024005,2024,3,Altissimo,2148.0,15.0861,139.66480446927375,0.19885855191202498
024006,2024,7,Arcugnano,7807.0,41.5682,89.66312283847829,0.16839795805447436
024007,2024,6,Arsiero,3036.0,41.3952,197.6284584980237,0.1449443413729128
024008,2024,68,Arzignano,25124.0,34.1902,270.65753860850185,1.988874004831794
024009,2024,13,Asiago,6349.0,162.9334,204.75665459127424,0.07978720139639878
024012,2024,148,Bassano del Grappa,42527.0,47.0617,348.0142027417875,3.144807773624837
024013,2024,20,Bolzano Vicentino,6514.0,19.8367,307.0310101320233,1.0082322160439992
024014,2024,14,Breganze,8439.0,21.7608,165.89643322668564,0.6433587000477924
024015,2024,18,Brendola,6607.0,25.5675,272.43832299076735,0.7040187738339689
024016,2024,4,Bressanvido,3204.0,8.4405,124.84394506866417,0.47390557431431785
024017,2024,3,Brogliano,3987.0,12.1551,75.24454477050413,0.24680998099563148
024018,2024,17,Caldogno,11328.0,15.8845,150.07062146892656,1.0702256917120463
024019,2024,4,Caltrano,2508.0,22.7111,159.4896331738437,0.1761253307853869
024021,2024,14,Camisano Vicentino,11174.0,30.0209,125.29085376767496,0.4663417818919486
024022,2024,2,Campiglia dei Berici,1666.0,11.0401,120.04801920768307,0.1811577793679405
024024,2024,7,Carrè,3532.0,8.7389,198.18799546998866,0.8010161461968899
024025,2024,5,Cartigliano,3723.0,7.377,134.30029546065003,0.67778229632642
024026,2024,38,Cassola,15043.0,12.7395,252.60918699727446,2.982848620432513
024027,2024,4,Castegnero,2848.0,11.6202,140.4494382022472,0.34422815442075005
024028,2024,11,Castelgomberto,6122.0,17.4369,179.67984318850048,0.6308460792916172
024029,2024,26,Chiampo,12574.0,22.604,206.77588675043742,1.1502388957706602
024030,2024,7,Chiuppano,2493.0,4.7093,280.7862013638187,1.4864204871212283
024032,2024,11,Cogollo del Cengio,3157.0,36.2167,348.4320557491289,0.3037272860310299
024034,2024,26,Cornedo Vicentino,11728.0,23.5599,221.6916780354707,1.1035700491088671
024035,2024,5,Costabissara,7705.0,13.132,64.89292667099286,0.38074931465123363
024036,2024,14,Creazzo,11314.0,10.5285,123.7404984974368,1.3297240822529326
024037,2024,3,Crespadoro,1280.0,30.2015,234.375,0.09933281459530156
024038,2024,23,Dueville,13835.0,20.0095,166.24503071919045,1.149454009345561
024039,2024,1,Enego,1554.0,52.6032,64.35006435006434,0.019010250326976307
024040,2024,5,Fara Vicentino,3720.0,15.1748,134.40860215053763,0.3294936341829876
024042,2024,4,Gallio,2342.0,47.8665,170.79419299743807,0.08356575057712597
024043,2024,8,Gambellara,3402.0,12.9966,235.15579071134627,0.6155456042349537
024046,2024,12,Grisignano di Zocco,4266.0,17.0202,281.29395218002816,0.705044594070575
024047,2024,6,Grumolo delle Abbadesse,3768.0,15.0136,159.23566878980893,0.39963766185325306
024048,2024,14,Isola Vicentina,10288.0,26.4789,136.0808709175739,0.5287228699077379
024051,2024,11,Longare,5618.0,22.7741,195.7992168031328,0.4830048168753101
024052,2024,29,Lonigo,15928.0,49.4205,182.06931190356605,0.5868010238666141
024053,2024,4,Lugo di Vicenza,3593.0,14.564,111.32758140829391,0.274649821477616
024055,2024,21,Malo,14771.0,30.5281,142.17046916254824,0.6878908284498544
024056,2024,15,Marano Vicentino,9380.0,12.7254,159.9147121535181,1.1787448724598049
024057,2024,38,Marostica,14022.0,36.5289,271.00271002710025,1.0402722228153598
024060,2024,22,Montebello Vicentino,6450.0,21.4752,341.08527131782944,1.0244374906869318
024061,2024,72,Montecchio Maggiore,23156.0,30.5401,310.9345310070824,2.3575561311194138
024062,2024,11,Montecchio Precalcino,4903.0,14.4203,224.35243728329596,0.7628135336990216
024063,2024,8,Monte di Malo,2787.0,23.7485,287.0470039468963,0.33686338084510603
024064,2024,8,Montegalda,3387.0,17.4127,236.19722468261,0.4594347803614603
024065,2024,2,Montegaldella,1814.0,13.5735,110.25358324145535,0.14734593141046895
024066,2024,4,Monteviale,2853.0,8.4385,140.2032947774273,0.47401789417550516
024067,2024,11,Monticello Conte Otto,9067.0,10.2417,121.31906915186941,1.0740404425046624
024068,2024,5,Montorso Vicentino,3077.0,9.2946,162.49593760155994,0.5379467647881565
024070,2024,15,Mussolente,7603.0,15.4308,197.29054320662894,0.9720818104051637
024071,2024,3,Nanto,3088.0,14.3508,97.15025906735751,0.20904757922903253
024073,2024,12,Nove,4871.0,8.1511,246.3559843974543,1.4721939370146362
024074,2024,13,Noventa Vicentina,8914.0,22.8794,145.83800762844962,0.5681967184454138
024075,2024,5,Orgiano,3036.0,18.0844,164.69038208168644,0.2764813872730088
024076,2024,1,Pedemonte,708.0,12.592,141.24293785310735,0.07941550190597205
024077,2024,1,Pianezze,2165.0,5.0235,46.18937644341801,0.19906439733253706
024078,2024,18,Piovene Rocchette,8137.0,12.9065,221.2117488017697,1.3946461085499555
024079,2024,6,Pojana Maggiore,4281.0,28.6152,140.15416958654518,0.20967877212111044
024080,2024,2,Posina,564.0,43.6354,354.6099290780142,0.04583434550846331
024081,2024,10,Pove del Grappa,3119.0,9.8406,320.6155819172812,1.0161981992967908
024082,2024,5,Pozzoleone,2807.0,11.2548,178.12611328820805,0.4442548956889505
024083,2024,10,Quinto Vicentino,5902.0,17.3964,169.43409013893594,0.5748315743487158
024084,2024,7,Recoaro Terme,6140.0,60.1484,114.00651465798045,0.116378823044337
024085,2024,3,Roana,4181.0,78.1257,71.75316909830184,0.03839965593908279
024086,2024,13,Romano d'Ezzelino,14172.0,21.3495,91.730172170477,0.6089135576945596
024087,2024,56,Rosà,14599.0,24.3153,383.58791698061515,2.3030766636644415
024088,2024,10,Rossano Veneto,8138.0,10.5966,122.8803145736053,0.9436989222958307
024089,2024,2,Rotzo,646.0,28.2505,309.59752321981426,0.07079520716447497
024090,2024,1,Salcedo,1016.0,6.116,98.4251968503937,0.16350555918901244
024091,2024,20,Sandrigo,8194.0,27.991,244.081034903588,0.7145153799435533
024094,2024,3,San Pietro Mussolino,1593.0,4.1081,188.32391713747646,0.7302645992064457
024095,2024,10,Santorso,5559.0,13.2085,179.88846914912753,0.7570882386342128
024096,2024,6,San Vito di Leguzzano,3599.0,6.1264,166.7129758266185,0.9793679811961347
024097,2024,21,Sarcedo,5313.0,13.8528,395.2569169960474,1.5159390159390158
024098,2024,14,Sarego,6670.0,23.9223,209.8950524737631,0.5852280090125114
024099,2024,1,Schiavon,2645.0,12.0019,37.80718336483932,0.08332014097767854
024100,2024,104,Schio,38635.0,66.2059,269.1859712695742,1.570856978003471
024101,2024,3,Solagna,1807.0,15.8119,166.02102933038185,0.18973051941891866
024102,2024,6,Sossano,4194.0,20.8975,143.0615164520744,0.2871156836942218
024104,2024,25,Tezze sul Brenta,12820.0,17.9344,195.00780031201248,1.3939691319475422
024105,2024,84,Thiene,23964.0,19.7031,350.52578868302453,4.26328851805046
024107,2024,14,Torrebelvicino,5816.0,20.7397,240.7152682255846,0.6750338722353747
024108,2024,21,Torri di Quartesolo,11766.0,18.6733,178.48036715961243,1.1246003652273566
024110,2024,10,Trissino,8675.0,21.9571,115.27377521613833,0.4554335499678919
024111,2024,35,Valdagno,25706.0,50.2157,136.15498327238777,0.6969931714583288
024113,2024,3,Valli del Pasubio,3051.0,49.3448,98.32841691248771,0.060796679690666496
024115,2024,2,Velo d'Astico,2242.0,21.9041,89.20606601248885,0.09130710688866468
024116,2024,441,Vicenza,111113.0,80.5798,396.8932528147021,5.47283562381639
024117,2024,1,Villaga,1911.0,23.225,52.32862375719519,0.04305705059203444
024118,2024,13,Villaverla,6114.0,15.7881,212.62675825973173,0.8234049695656855
024119,2024,7,Zanè,6616.0,7.645,105.80411124546553,0.9156311314584696
024120,2024,1,Zermeghedo,1363.0,2.9709,73.36757153338225,0.3365983372042142
024121,2024,1,Zovencedo,798.0,9.0441,125.31328320802004,0.11056932143607434
024122,2024,3,Zugliano,6794.0,13.7301,44.156608772446276,0.21849804444250223
024123,2024,3,Val Liona,3043.0,27.8442,98.5869208018403,0.10774236645333678
024124,2024,9,Barbarano Mossano,6300.0,33.4857,142.85714285714286,0.26877144572160655
024125,2024,12,Valbrenta,4914.0,93.3681,244.2002442002442,0.12852355354773204
024126,2024,12,Colceresa,5944.0,19.4004,201.8842530282638,0.6185439475474732
024127,2024,8,Lusiana Conco,4600.0,61.1912,173.91304347826087,0.13073775314097452
024128,2024,8,,,,,
025001,2024,5,Agordo,4074.0,23.7425,122.72950417280315,0.21059281878487943
025003,2024,6,Alleghe,1164.0,29.7145,515.4639175257732,0.2019216207575426
025005,2024,7,Auronzo di Cadore,3150.0,220.5522,222.22222222222223,0.0317385181376563
025006,2024,112,Belluno,35522.0,147.2211,315.2975620742076,0.76076051598582
025007,2024,3,Borca di Cadore,839.0,26.7552,357.56853396901073,0.11212773591675637
025008,2024,3,Calalzo di Cadore,1906.0,43.5069,157.39769150052467,0.06895457961840536
025010,2024,5,Cencenighe Agordino,1258.0,18.1305,397.456279809221,0.2757783844902236
025011,2024,4,Cesiomaggiore,3925.0,82.0893,101.9108280254777,0.04872742245335263
025012,2024,1,Chies d'Alpago,1262.0,44.9711,79.2393026941363,0.02223650299859243
025014,2024,9,Colle Santa Lucia,355.0,15.3388,2535.211267605634,0.5867473335593397
025015,2024,2,Comelico Superiore,2096.0,96.0918,95.41984732824427,0.02081343049042686
025016,2024,18,Cortina d'Ampezzo,5669.0,252.8033,317.51631681072496,0.07120160219427515
025018,2024,4,Domegge di Cadore,2266.0,50.357,176.522506619594,0.07943284945489207
025019,2024,2,Falcade,1860.0,52.795,107.52688172043011,0.0378823752249266
025021,2024,62,Feltre,20491.0,99.7878,302.571860816944,0.6213184377248521
025022,2024,5,Fonzaso,3082.0,27.6181,162.23231667748215,0.1810406943272709
025026,2024,9,Lamon,2699.0,54.352,333.45683586513525,0.16558728289667354
025027,2024,4,La Valle Agordina,1067.0,48.6721,374.88284910965325,0.08218260564060313
025029,2024,5,Limana,5309.0,39.1203,94.17969485778866,0.12781088079590391
025030,2024,5,Livinallongo del Col di Lana,1315.0,100.0052,380.22813688212926,0.04999740013519297
025032,2024,2,Lorenzago di Cadore,557.0,27.3486,359.0664272890485,0.07312988599050774
025035,2024,1,Ospitale di Cadore,269.0,39.7816,371.74721189591077,0.025137249381623667
025036,2024,8,Pedavena,4323.0,25.0553,185.05667360629192,0.3192937222863027
025037,2024,5,Perarolo di Cadore,367.0,43.9431,1362.3978201634877,0.11378350639804656
025039,2024,16,Pieve di Cadore,3729.0,67.1701,429.0694556181282,0.23820122346103398
025040,2024,15,Ponte nelle Alpi,8003.0,58.14,187.4297138573035,0.2579979360165119
025043,2024,2,Rivamonte Agordino,619.0,23.304,323.10177705977384,0.08582217645039479
025044,2024,1,Rocca Pietore,1174.0,73.2883,85.17887563884157,0.013644742748842583
025045,2024,1,San Gregorio nelle Alpi,1573.0,19.1176,63.57279084551812,0.0523078210654057
025046,2024,1,San Nicolò di Comelico,373.0,24.1594,268.0965147453083,0.04139175641779183
025047,2024,1,San Pietro di Cadore,1557.0,52.1269,64.22607578676943,0.019183953006988715
025048,2024,18,Santa Giustina,6649.0,35.9234,270.71740111294935,0.5010661574349866
025049,2024,1,San Tomaso Agordino,611.0,19.1806,163.66612111292963,0.052136012429225366
025050,2024,1,Santo Stefano di Cadore,2418.0,100.6204,41.35649296939619,0.009938342522987385
025051,2024,10,San Vito di Cadore,1955.0,61.6156,511.50895140664966,0.16229656126046002
025053,2024,24,Sedico,10177.0,91.2029,235.82588189053746,0.26314952704354794
025054,2024,2,Selva di Cadore,489.0,33.3266,408.997955010225,0.06001212244873465
025055,2024,3,Seren del Grappa,2417.0,62.5288,124.12081092263136,0.04797789178746434
025056,2024,2,Sospirolo,3091.0,65.8581,64.70397929472664,0.030368322195751172
025058,2024,3,Sovramonte,1318.0,50.5416,227.6176024279211,0.05935704449404055
025059,2024,1,Taibon Agordino,1728.0,90.0587,57.87037037037037,0.01110386892104816
025062,2024,3,Vallada Agordina,473.0,12.9989,634.2494714587738,0.23078875904884258
025063,2024,1,Valle di Cadore,1847.0,40.6394,54.141851651326476,0.02460666249993848
025065,2024,2,Vigo di Cadore,1363.0,70.0659,146.7351430667645,0.028544555910935278
025066,2024,2,Vodo Cadore,829.0,46.8767,241.25452352231602,0.04266511934500509
025067,2024,1,Voltago Agordino,830.0,23.4694,120.48192771084338,0.042608673421561695
025071,2024,17,Longarone,5119.0,122.3607,332.0961125219769,0.1389334974383115
025072,2024,17,Alpago,6648.0,80.3408,255.71600481347775,0.211598590006572
025073,2024,7,Val di Zoldo,2842.0,141.6513,246.30541871921181,0.04941712501050114
025074,2024,22,Borgo Valbelluna,13488.0,167.6916,163.1079478054567,0.13119321420989483
025075,2024,20,,,,,
026001,2024,18,Altivole,7084.0,21.9467,254.0937323546019,0.8201688636560394
026002,2024,7,Arcade,4503.0,8.2724,155.4519209415945,0.846187321696243
026003,2024,17,Asolo,9057.0,25.3668,187.70012145301976,0.670167305296687
026004,2024,7,Borso del Grappa,5909.0,33.139,118.46336097478424,0.21123147952563442
026005,2024,7,Breda di Piave,7665.0,25.7608,91.32420091324201,0.2717306915934288
026006,2024,18,Caerano di San Marco,7899.0,12.0885,227.87694644891758,1.489018488646234
026007,2024,6,Cappella Maggiore,4651.0,11.0891,129.00451515803053,0.5410718633613187
026008,2024,25,Carbonera,11238.0,19.8826,222.45951236874888,1.2573808254453642
026009,2024,27,Casale sul Sile,13149.0,26.9182,205.3388090349076,1.0030388361777534
026010,2024,13,Casier,11335.0,13.4217,114.68901632112923,0.9685807312039458
026012,2024,81,Castelfranco Veneto,33357.0,51.609,242.82759240938933,1.56949369296053
026013,2024,9,Castello di Godego,7123.0,18.1318,126.35125649305067,0.4963655014946117
026014,2024,2,Cavaso del Tomba,2863.0,18.973,69.85679357317498,0.1054129552522005
026015,2024,12,Cessalto,3833.0,28.1773,313.07070180015654,0.42587472894847983
026016,2024,2,Chiarano,3647.0,19.9235,54.839594187003016,0.10038396868020177
026017,2024,7,Cimadolmo,3377.0,17.8957,207.28457210541902,0.3911554172231318
026018,2024,5,Cison di Valmarino,2582.0,28.812,193.64833462432225,0.1735388032764126
026019,2024,9,Codognè,5296.0,21.7507,169.93957703927492,0.4137797863976792
026020,2024,20,Colle Umberto,5067.0,13.5797,394.7108742845865,1.472786585859776
026021,2024,105,Conegliano,34480.0,36.3983,304.5243619489559,2.8847501119557784
026022,2024,3,Cordignano,6899.0,26.2483,43.48456298014205,0.11429311612561575
026023,2024,8,Cornuda,6293.0,12.5101,127.12537740346417,0.6394832974956236
026025,2024,8,Crocetta del Montello,6080.0,26.5683,131.57894736842104,0.3011107221764283
026026,2024,17,Farra di Soligo,8521.0,28.3399,199.5071001056214,0.5998609733979301
026027,2024,6,Follina,3658.0,24.0814,164.02405686167305,0.2491549494630711
026028,2024,10,Fontanelle,5654.0,35.3529,176.86593562079943,0.2828622262954383
026029,2024,21,Fonte,5989.0,14.5967,350.6428452162297,1.438681345783636
026030,2024,3,Fregona,2819.0,42.7229,106.4207165661582,0.07021995229724573
026031,2024,6,Gaiarine,6021.0,28.7778,99.6512207274539,0.20849404749494402
026032,2024,7,Giavera del Montello,5185.0,20.1877,135.00482160077144,0.3467457907537758
026033,2024,20,Godega di Sant'Urbano,5918.0,24.342,337.95201081446436,0.8216251745953497
026034,2024,6,Gorgo al Monticano,4039.0,27.0883,148.55162168853676,0.22149784224185348
026035,2024,22,Istrana,9181.0,26.4776,239.62531314671605,0.8308910173127474
026036,2024,18,Loria,9272.0,23.2505,194.13287316652287,0.7741768994215179
026037,2024,6,Mansuè,4985.0,27.0947,120.36108324974926,0.22144552255607186
026038,2024,19,Mareno di Piave,9608.0,27.7706,197.75187343880103,0.6841767912828675
026039,2024,11,Maser,5129.0,25.8539,214.46675765256387,0.42546772440521546
026040,2024,11,Maserada sul Piave,9217.0,28.7696,119.34468916133233,0.3823480340359268
026041,2024,2,Meduna di Livenza,2925.0,15.3788,68.37606837606837,0.13004915858194396
026042,2024,1,Miane,3163.0,30.8836,31.61555485298767,0.03237964486005517
026043,2024,70,Mogliano Veneto,27561.0,46.2562,253.98207612205653,1.5133106480860945
026044,2024,13,Monastier di Treviso,4438.0,25.2613,292.9247408742677,0.5146211794325708
026045,2024,2,Monfumo,1305.0,11.4548,153.25670498084293,0.17459929461884974
026046,2024,96,Montebelluna,31129.0,49.0063,308.39410196279994,1.958931810807998
026047,2024,6,Morgano,4424.0,11.761,135.623869801085,0.5101607006206955
026048,2024,2,Moriago della Battaglia,2811.0,13.7573,71.14905727499111,0.14537736329076198
026049,2024,9,Motta di Livenza,10641.0,37.7775,84.57851705666761,0.2382370458606313
026050,2024,17,Nervesa della Battaglia,6583.0,34.9727,258.2409235910679,0.48609343859639087
026051,2024,46,Oderzo,20344.0,42.3532,226.11089264648055,1.0861044738059933
026052,2024,9,Ormelle,4480.0,18.8269,200.8928571428571,0.47803940106974596
026053,2024,3,Orsago,3859.0,10.7066,77.74034724021767,0.28020099751555116
026055,2024,41,Paese,22026.0,38.089,186.14364841550895,1.0764262648008611
026056,2024,30,Pederobba,7334.0,27.3165,409.0537223888737,1.0982373290868157
026057,2024,19,Pieve di Soligo,11805.0,19.0228,160.9487505294367,0.9988014382740711
026058,2024,12,Ponte di Piave,8285.0,32.4357,144.84007242003622,0.36996272625532983
026059,2024,20,Ponzano Veneto,12910.0,22.2704,154.91866769945779,0.8980530210503629
026060,2024,1,Portobuffolè,739.0,5.0807,135.31799729364008,0.19682327238372666
026062,2024,10,Povegliano,5097.0,12.9146,196.1938395134393,0.7743174391773652
026063,2024,45,Preganziol,16896.0,23.1084,266.33522727272725,1.9473438230253934
026064,2024,20,Quinto di Treviso,9945.0,19.0403,201.1060834590246,1.050403617590059
026065,2024,9,Refrontolo,1696.0,13.0349,530.6603773584906,0.6904540886389615
026066,2024,13,Resana,9407.0,24.8911,138.19496119910704,0.5222750300308142
026067,2024,4,Revine Lago,2109.0,18.7927,189.6633475580844,0.21284860610769074
026068,2024,29,Riese Pio X,10938.0,30.6437,265.1307368805997,0.9463609159468341
026069,2024,29,Roncade,14668.0,61.7762,197.7092991546223,0.46943644963594394
026070,2024,14,Salgareda,6596.0,27.551,212.24984839296542,0.5081485245544627
026071,2024,36,San Biagio di Callalta,12795.0,48.5044,281.3599062133646,0.7422007075646746
026072,2024,12,San Fior,6875.0,17.8168,174.54545454545456,0.6735216200440034
026073,2024,13,San Pietro di Feletto,5092.0,19.2525,255.30243519245877,0.6752369822101025
026074,2024,5,San Polo di Piave,4946.0,20.9825,101.09179134654266,0.23829381627546764
026075,2024,13,Santa Lucia di Piave,9120.0,19.8098,142.54385964912282,0.6562408504881423
026076,2024,21,San Vendemiano,9897.0,18.4963,212.1855107608366,1.1353622075766503
026077,2024,6,San Zenone degli Ezzelini,7317.0,19.9661,82.00082000820008,0.30050936337091366
026078,2024,5,Sarmede,2975.0,18.0133,168.0672268907563,0.2775726824068882
026079,2024,2,Segusino,1838.0,18.2274,108.8139281828074,0.10972491962649637
026080,2024,11,Sernaglia della Battaglia,6171.0,20.1512,178.25311942959001,0.5458731986184445
026081,2024,33,Silea,10195.0,18.9531,323.68808239333003,1.7411399718251896
026082,2024,23,Spresiano,12313.0,25.7247,186.79444489563875,0.8940823410963005
026083,2024,51,Susegana,11707.0,44.098,435.63679849662594,1.1565150346954511
026084,2024,5,Tarzo,4228.0,23.9059,118.25922421948913,0.20915338891236054
026085,2024,13,Trevignano,10704.0,26.4946,121.44992526158444,0.4906660225102474
026086,2024,355,Treviso,84837.0,55.5781,418.4494972712378,6.387407989837724
026087,2024,19,Valdobbiadene,10140.0,62.8942,187.3767258382643,0.3020946287575007
026088,2024,19,Vazzola,6858.0,26.1591,277.04870224555265,0.7263246824240895
026089,2024,29,Vedelago,16491.0,61.8489,175.85349584621915,0.46888465275857777
026090,2024,4,Vidor,3672.0,13.4259,108.93246187363836,0.29793160979897065
026091,2024,58,Villorba,17768.0,30.5337,326.4295362449347,1.8995405077013268
026092,2024,89,Vittorio Veneto,27479.0,82.8023,323.88369300192875,1.074849370126192
026093,2024,25,Volpago del Montello,10083.0,44.8222,247.94208072994147,0.557759324620389
026094,2024,1,Zenson di Piave,1729.0,9.4961,57.83689994216309,0.10530638893861691
026095,2024,19,Zero Branco,11457.0,26.0637,165.8374792703151,0.7289832218756355
026096,2024,6,Pieve del Grappa,6550.0,37.3385,91.6030534351145,0.16069204708276977
027001,2024,5,Annone Veneto,3817.0,25.9339,130.99292638197537,0.1927978437489155
027002,2024,24,Campagna Lupia,7157.0,87.591,335.3360346513902,0.27400075350207215
027003,2024,12,Campolongo Maggiore,10689.0,23.6146,112.26494527083919,0.5081602059742701
027004,2024,26,Camponogara,13036.0,21.299,199.44768333844738,1.220714587539321
027005,2024,27,Caorle,11242.0,153.834,240.17078811599362,0.17551386559538204
027006,2024,43,Cavarzere,13181.0,140.4375,326.2271451331462,0.30618602581219406
027007,2024,9,Ceggia,6104.0,22.1039,147.4442988204456,0.4071679658340836
027008,2024,239,Chioggia,48223.0,187.9113,495.61412603944177,1.2718766779858368
027009,2024,4,Cinto Caomaggiore,3172.0,21.3196,126.10340479192938,0.18762078087769
027010,2024,12,Cona,2875.0,65.1112,417.39130434782606,0.18430008969271033
027011,2024,9,Concordia Sagittaria,10256.0,66.8349,87.75351014040562,0.1346601850230942
027012,2024,36,Dolo,15053.0,24.284,239.1549857171328,1.4824575852413113
027013,2024,34,Eraclea,12060.0,95.4535,281.92371475953564,0.35619437736699017
027014,2024,18,Fiesso d'Artico,8465.0,6.3104,212.640283520378,2.8524340770791077
027015,2024,7,Fossalta di Piave,4150.0,9.6402,168.67469879518072,0.7261260139831124
027016,2024,22,Fossalta di Portogruaro,5833.0,31.1041,377.1644093948226,0.7073022527576751
027017,2024,14,Fossò,7053.0,10.1823,198.49709343541755,1.3749349361146304
027018,2024,9,Gruaro,2760.0,17.4881,326.0869565217391,0.5146356665389608
027019,2024,176,Jesolo,26511.0,96.3967,663.8753724868923,1.8257886421423142
027020,2024,28,Marcon,17558.0,25.5472,159.47146599840528,1.0960105217010083
027021,2024,30,Martellago,21394.0,20.1706,140.2262316537347,1.4873132182483417
027022,2024,12,Meolo,6236.0,26.612,192.43104554201412,0.45092439500977005
027023,2024,89,Mira,37969.0,99.1344,234.40174879506966,0.8977711066995917
027024,2024,72,Mirano,27159.0,45.6303,265.1054898928532,1.5778988961282305
027025,2024,32,Musile di Piave,11322.0,44.8684,282.6355767532238,0.7131968155762184
027026,2024,23,Noale,16108.0,24.6898,142.7861931959275,0.9315587813591036
027027,2024,24,Noventa di Piave,6997.0,17.9961,343.00414463341434,1.3336222848283796
027028,2024,30,Pianiga,12258.0,20.0674,244.73813020068525,1.4949619781336896
027029,2024,97,Portogruaro,24592.0,102.3109,394.43721535458684,0.9480905749045312
027030,2024,5,Pramaggiore,4659.0,24.2151,107.31916720326251,0.20648273184913546
027031,2024,27,Quarto d'Altino,8046.0,28.3286,335.5704697986577,0.953100400302168
027032,2024,18,Salzano,12858.0,17.1836,139.99066728884742,1.047510416909146
027033,2024,146,San Donà di Piave,41807.0,78.8769,349.2238141937953,1.850985523011173
027034,2024,69,San Michele al Tagliamento,11714.0,114.4092,589.0387570428546,0.6030983522304151
027035,2024,35,Santa Maria di Sala,17541.0,28.051,199.53252380137963,1.2477273537485296
027036,2024,29,San Stino di Livenza,12799.0,67.9666,226.58020157824828,0.42668016349206817
027037,2024,36,Scorzè,19045.0,33.2872,189.02599107377264,1.0814967915595184
027038,2024,51,Spinea,27877.0,14.9588,182.94651504824768,3.4093643875177153
027039,2024,19,Stra,7543.0,8.8154,251.88916876574308,2.155319100664746
027040,2024,5,Teglio Veneto,2244.0,11.4427,222.81639928698752,0.43695980843682
027041,2024,3,Torre di Mosto,4768.0,37.9981,62.91946308724832,0.07895131598685197
027042,2024,669,Venezia,256083.0,415.8927,261.2434249833062,1.608587984352695
027043,2024,16,Vigonovo,9936.0,12.8657,161.0305958132045,1.2436167484085592
027044,2024,45,Cavallino-Treporti,13395.0,44.7138,335.94624860022395,1.0064007085060989
028001,2024,47,Abano Terme,20095.0,21.4081,233.88902712117442,2.1954307014634646
028002,2024,3,Agna,3193.0,18.8041,93.95552771688068,0.15953967485814266
028003,2024,44,Albignasego,26441.0,21.1553,166.4082296433569,2.079857057096803
028004,2024,4,Anguillara Veneta,4182.0,21.665,95.64801530368246,0.18462958689129932
028006,2024,2,Arre,2130.0,12.3439,93.89671361502347,0.16202334756438402
028007,2024,10,Arzergrande,4899.0,13.6428,204.12329046744236,0.7329873632978567
028008,2024,3,Bagnoli di Sopra,3408.0,34.977,88.02816901408451,0.08577064928381509
028009,2024,4,Baone,3059.0,24.4195,130.76168682576005,0.1638035176805422
028011,2024,1,Battaglia Terme,3805.0,6.2291,26.281208935611037,0.16053683517683132
028012,2024,11,Boara Pisani,2416.0,16.6614,455.2980132450331,0.6602086259257925
028013,2024,22,Borgoricco,8862.0,20.3938,248.2509591514331,1.0787592307465996
028014,2024,6,Bovolenta,3491.0,22.7798,171.87052420509883,0.26339125014267023
028015,2024,16,Brugine,7154.0,19.547,223.65110427732736,0.818539929400931
028016,2024,31,Cadoneghe,15972.0,12.9249,194.08965689957427,2.398471168055459
028017,2024,48,Campodarsego,14780.0,25.7182,324.76319350473614,1.866382561765598
028018,2024,7,Campodoro,2613.0,11.2241,267.89131266743203,0.6236580215785675
028019,2024,30,Camposampiero,11874.0,21.1245,252.65285497726126,1.4201519562593197
028020,2024,15,Campo San Martino,5683.0,13.1599,263.9450994193208,1.1398262904733318
028021,2024,1,Candiana,2243.0,22.268,44.58314757021846,0.04490749056942698
028023,2024,12,Carmignano di Brenta,7494.0,14.6815,160.12810248198556,0.817355174879951
028027,2024,7,Casale di Scodosia,4781.0,21.3152,146.41288433382138,0.3284041435219937
028028,2024,13,Casalserugo,5330.0,15.5043,243.90243902439025,0.8384770676521996
028030,2024,13,Cervarese Santa Croce,5648.0,17.7049,230.16997167138808,0.7342600071166739
028031,2024,5,Cinto Euganeo,1960.0,19.7569,255.1020408163265,0.2530761404876271
028032,2024,53,Cittadella,20072.0,36.6783,264.04942208051017,1.4449960876049326
028033,2024,24,Codevigo,6411.0,70.0181,374.3565746373421,0.3427685127131413
028034,2024,19,Conselve,10069.0,24.2861,188.697983911014,0.7823405157682789
028035,2024,13,Correzzola,5090.0,42.3257,255.4027504911591,0.30714199647022966
028036,2024,13,Curtarolo,7103.0,14.729,183.02125862311698,0.88261253309797
028037,2024,37,Este,15990.0,32.8074,231.3946216385241,1.1277943390820364
028038,2024,14,Fontaniva,7918.0,20.6111,176.81232634503664,0.6792456491890292
028039,2024,9,Galliera Veneta,7127.0,8.9542,126.28034236003928,1.0051149181389738
028040,2024,10,Galzignano Terme,4290.0,18.2007,233.1002331002331,0.5494294175498744
028041,2024,5,Gazzo,4300.0,22.7096,116.27906976744185,0.2201712051291084
028042,2024,5,Grantorto,4514.0,14.1029,110.76650420912715,0.35453701011848626
028044,2024,30,Legnaro,9221.0,14.9138,325.3443227415682,2.0115597634405717
028045,2024,17,Limena,8055.0,15.1553,211.04903786468032,1.12171979439536
028046,2024,22,Loreggia,7636.0,19.1159,288.10895756940806,1.1508744029839035
028047,2024,7,Lozzo Atestino,2984.0,24.0731,234.58445040214477,0.29078099621569303
028048,2024,23,Maserà di Padova,9144.0,17.5821,251.5310586176728,1.3081486284346011
028049,2024,1,Masi,1746.0,13.7649,57.2737686139748,0.07264854811876584
028050,2024,3,Massanzago,6070.0,13.2228,49.423393739703464,0.2268808421816862
028052,2024,7,Megliadino San Vitale,1821.0,15.2476,384.4041735310269,0.45908864345864264
028053,2024,1,Merlara,2518.0,21.3456,39.714058776806986,0.046848062364140616
028054,2024,25,Mestrino,11649.0,19.218,214.61069619709846,1.3008637735456343
028055,2024,58,Monselice,17258.0,50.5708,336.0760227141036,1.1469069107073648
028056,2024,22,Montagnana,8894.0,45.0279,247.35776928266247,0.48858596559022294
028057,2024,29,Montegrotto Terme,11366.0,15.37,255.14692943867672,1.8867924528301887
028058,2024,36,Noventa Padovana,11507.0,7.0781,312.853045972017,5.086110679419618
028059,2024,15,Ospedaletto Euganeo,5569.0,21.4782,269.34817741066615,0.6983825460234098
028060,2024,1028,Padova,209730.0,93.0257,490.1540075334955,11.05070964260414
028061,2024,5,Pernumia,3769.0,13.1797,132.66118333775538,0.37937130587190904
028062,2024,1,Piacenza d'Adige,1259.0,18.4889,79.42811755361397,0.05408650595762863
028063,2024,28,Piazzola sul Brenta,11046.0,40.9328,253.48542458808618,0.6840480006254153
028064,2024,11,Piombino Dese,9484.0,29.6247,115.98481653310839,0.3713117769968978
028065,2024,62,Piove di Sacco,20075.0,35.7342,308.8418430884184,1.7350325458524327
028066,2024,4,Polverara,3358.0,9.8439,119.11852293031568,0.40634301445565274
028067,2024,3,Ponso,2401.0,10.8489,124.94793835901709,0.2765257307192434
028068,2024,3,Pontelongo,3674.0,10.8862,81.65487207403375,0.2755782550384891
028069,2024,32,Ponte San Nicolò,13393.0,13.521,238.93078473829613,2.3666888543746762
028070,2024,5,Pozzonovo,3502.0,24.4761,142.7755568246716,0.20428091076601257
028071,2024,9,Rovolon,4906.0,27.6862,183.44883815735832,0.32507169636858796
028072,2024,58,Rubano,16721.0,14.5124,346.86920638717777,3.996582233124776
028073,2024,12,Saccolongo,4930.0,13.7992,243.4077079107505,0.8696156298915879
028075,2024,19,San Giorgio delle Pertiche,10145.0,18.8582,187.28437654016759,1.007519275434559
028076,2024,15,San Giorgio in Bosco,6413.0,28.3502,233.89989084671762,0.5290967964952628
028077,2024,18,San Martino di Lupari,13110.0,24.1222,137.29977116704805,0.7462005953022527
028078,2024,7,San Pietro in Gu,4368.0,17.9003,160.25641025641025,0.3910548985212538
028079,2024,6,San Pietro Viminario,3044.0,13.3064,197.10906701708277,0.4509108398965911
028080,2024,11,Santa Giustina in Colle,7168.0,17.9675,153.45982142857142,0.6122165020175316
028082,2024,18,Sant'Angelo di Piove di Sacco,7216.0,13.9648,249.44567627494456,1.2889550870760769
028083,2024,8,Sant'Elena,2521.0,8.9164,317.33439111463707,0.8972230945224531
028084,2024,6,Sant'Urbano,1942.0,31.9186,308.9598352214212,0.1879781694685857
028085,2024,16,Saonara,10426.0,13.5443,153.4624976021485,1.181308742423012
028086,2024,46,Selvazzano Dentro,22920.0,19.5168,200.6980802792321,2.3569437612723396
028087,2024,12,Solesino,6843.0,10.1429,175.36168347216133,1.183093592562285
028088,2024,16,Stanghella,4113.0,19.8106,389.0104546559689,0.8076484306381432
028089,2024,27,Teolo,8941.0,31.2006,301.97964433508554,0.8653679736928136
028090,2024,6,Terrassa Padovana,2690.0,14.8125,223.04832713754647,0.4050632911392405
028091,2024,13,Tombolo,8268.0,11.0202,157.23270440251574,1.1796519119435218
028092,2024,6,Torreglia,6137.0,18.8543,97.7676389115203,0.3182297937340554
028093,2024,26,Trebaseleghe,12941.0,30.6561,200.91183061587202,0.8481183190294918
028094,2024,7,Tribano,4267.0,19.2263,164.0496836184673,0.3640846132641226
028095,2024,1,Urbana,2049.0,17.022,48.80429477794046,0.058747503231112684
028096,2024,5,Veggiano,4753.0,16.4121,105.1967178624027,0.3046532741087369
028097,2024,1,Vescovana,1759.0,22.2473,56.85048322910745,0.04494927474345201
028099,2024,29,Vigodarzere,13035.0,19.916,222.47794399693132,1.456115685880699
028100,2024,80,Vigonza,23080.0,33.3229,346.6204506065858,2.4007514351992176
028101,2024,12,Villa del Conte,5564.0,17.3484,215.6721782890007,0.6917064397869543
028102,2024,3,Villa Estense,2135.0,16.0063,140.5152224824356,0.1874262009333825
028103,2024,18,Villafranca Padovana,10491.0,23.9549,171.57563625965113,0.7514120284367708
028104,2024,13,Villanova di Camposampiero,6163.0,12.2262,210.93623235437286,1.0632903109715202
028105,2024,6,Vo',3258.0,20.3663,184.1620626151013,0.2946043218454015
028106,2024,38,Due Carrare,8941.0,26.5644,425.00838832345374,1.4304859134781889
028107,2024,9,Borgo Veneto,7045.0,39.1705,127.750177430802,0.2297647464290729
028108,2024,4,,,,,
029001,2024,44,Adria,18950.0,113.3883,232.18997361477574,0.38804709127837705
029002,2024,5,Ariano nel Polesine,4098.0,81.4577,122.01073694485115,0.06138155140643548
029003,2024,9,Arquà Polesine,2628.0,19.9278,342.4657534246575,0.45163038569234937
029004,2024,21,Badia Polesine,10053.0,44.5341,208.89286780065652,0.4715487682472532
029005,2024,4,Bagnolo di Po,1195.0,21.358,334.7280334728033,0.18728345350688266
029006,2024,2,Bergantino,2453.0,17.9675,81.53281695882593,0.11131209127591483
029007,2024,1,Bosaro,1453.0,6.1227,68.82312456985547,0.16332663694121874
029008,2024,2,Calto,683.0,10.8475,292.82576866764276,0.18437427978796958
029009,2024,6,Canaro,2620.0,32.6473,229.00763358778627,0.1837824261118071
029010,2024,4,Canda,878.0,14.3743,455.5808656036446,0.27827442031959815
029011,2024,2,Castelguglielmo,1521.0,22.1291,131.49243918474687,0.09037873207676769
029012,2024,6,Castelmassa,4016.0,11.8404,149.402390438247,0.5067396371744197
029013,2024,9,Castelnovo Bariano,2624.0,37.9133,342.9878048780488,0.2373837149496351
029014,2024,2,Ceneselli,1583.0,28.6176,126.34238787113075,0.0698870625069887
029015,2024,7,Ceregnano,3515.0,30.1699,199.1465149359886,0.2320193305247946
029017,2024,3,Corbola,2217.0,18.547,135.31799729364008,0.16175122661346847
029018,2024,4,Costa di Rovigo,2443.0,16.0651,163.7331150225133,0.24898693441061678
029019,2024,1,Crespino,1747.0,31.855,57.240984544934165,0.03139224611520954
029021,2024,4,Ficarolo,2197.0,18.0738,182.06645425580336,0.2213148314134272
029022,2024,10,Fiesso Umbertiano,3891.0,27.5396,257.0033410434336,0.36311348022483986
029023,2024,10,Frassinelle Polesine,1370.0,21.9767,729.92700729927,0.4550273698962992
029024,2024,5,Fratta Polesine,2542.0,20.9677,196.6955153422502,0.23846201538556921
029026,2024,1,Gavello,1470.0,24.3701,68.02721088435374,0.04103388988965987
029027,2024,4,Giacciano con Baruchella,2068.0,18.4203,193.42359767891682,0.21715172934208454
029028,2024,2,Guarda Veneta,1110.0,17.2052,180.18018018018017,0.11624392625485318
029029,2024,20,Lendinara,11517.0,55.0601,173.65633411478683,0.3632394419915692
029030,2024,1,Loreo,3326.0,39.8436,30.066145520144318,0.02509813370277786
029031,2024,4,Lusia,3398.0,17.6764,117.71630370806356,0.2262904211264737
029032,2024,4,Melara,1697.0,17.5809,235.7100766057749,0.22751963778873666
029033,2024,45,Occhiobello,12052.0,32.3261,373.3820112844341,1.3920639978221934
029034,2024,4,Papozze,1392.0,21.4869,287.35632183908046,0.18615993931185978
029035,2024,1,Pettorazza Grimani,1513.0,21.4544,66.09385327164573,0.04661048549481692
029036,2024,2,Pincara,1121.0,17.5061,178.4121320249777,0.11424589143212938
029037,2024,9,Polesella,3723.0,16.4116,241.74053182917004,0.5483926003558459
029038,2024,2,Pontecchio Polesine,2192.0,11.5313,91.24087591240875,0.17344098236972413
029039,2024,8,Porto Tolle,9203.0,257.0646,86.9281755949147,0.031120582141609544
029040,2024,16,Rosolina,6295.0,74.693,254.16997617156474,0.21421016695004888
029041,2024,166,Rovigo,50535.0,108.8039,328.48520827149497,1.5256806051988945
029043,2024,3,San Bellino,1064.0,15.8257,281.9548872180451,0.18956507453066848
029044,2024,4,San Martino di Venezze,3777.0,31.0456,105.90415673815197,0.12884273455819825
029045,2024,7,Stienta,3165.0,24.0221,221.16903633491313,0.2913983373643437
029046,2024,17,Taglio di Po,8030.0,78.6785,211.70610211706102,0.2160691929815642
029047,2024,5,Trecenta,2581.0,35.0778,193.72336303758235,0.14254029614171926
029048,2024,9,Villadose,4867.0,32.074,184.91884117526197,0.2806011099332793
029049,2024,7,Villamarzana,1153.0,14.1513,607.1118820468344,0.49465420138079186
029050,2024,6,Villanova del Ghebbo,1991.0,11.7258,301.35610246107484,0.5116921659929387
029051,2024,1,Villanova Marchesana,865.0,18.0497,115.60693641618498,0.05540258286841332
029052,2024,27,Porto Viro,13911.0,133.3075,194.09100711667026,0.20253924197813325
030001,2024,4,Aiello del Friuli,2179.0,13.3473,183.5704451583295,0.29968607883242304
030002,2024,5,Amaro,848.0,33.2611,589.6226415094341,0.1503257559130636
030003,2024,1,Ampezzo,941.0,73.6275,106.26992561105206,0.013581881769719195
030004,2024,14,Aquileia,3187.0,37.4382,439.2845936617509,0.37394960227788726
030005,2024,2,Arta Terme,2033.0,42.7698,98.3767830791933,0.046761967556546914
030006,2024,4,Artegna,2830.0,11.2209,141.34275618374556,0.3564776443957258
030007,2024,1,Attimis,1685.0,33.2372,59.347181008902076,0.0300867702453877
030008,2024,9,Bagnaria Arsa,3452.0,19.233,260.7184241019699,0.4679457182966776
030009,2024,6,Basiliano,5238.0,43.0279,114.5475372279496,0.13944440700103886
030010,2024,3,Bertiolo,2391.0,26.0516,125.47051442910914,0.11515607486680281
030011,2024,6,Bicinicco,1797.0,16.0085,333.889816360601,0.3748008870287659
030012,2024,2,Bordano,713.0,14.9043,280.50490883590464,0.13418946210154117
030013,2024,15,Buja,6364.0,25.5056,235.7008170961659,0.5881061413963992
030014,2024,7,Buttrio,3884.0,17.7768,180.22657054582905,0.3937716574411592
030016,2024,27,Campoformido,7863.0,21.9325,343.38038916444106,1.2310498119229454
030018,2024,3,Carlino,2728.0,30.2261,109.97067448680353,0.0992519709787237
030019,2024,4,Cassacco,2844.0,11.6785,140.64697609001408,0.3425097401207347
030020,2024,16,Castions di Strada,3710.0,32.8328,431.266846361186,0.4873175604882922
030021,2024,4,Cavazzo Carnico,961.0,39.4345,416.2330905306972,0.10143402350733495
030023,2024,23,Cervignano del Friuli,13560.0,29.1668,169.6165191740413,0.7885678236899489
030024,2024,1,Chiopris-Viscone,665.0,9.213,150.37593984962407,0.10854227721697603
030025,2024,1,Chiusaforte,621.0,100.1977,161.0305958132045,0.009980269008170846
030026,2024,12,Cividale del Friuli,10969.0,50.6458,109.39921597228555,0.23693968700267345
030027,2024,30,Codroipo,15909.0,75.201,188.57250612860645,0.3989308652810468
030028,2024,3,Colloredo di Monte Albano,2176.0,21.7505,137.86764705882354,0.13792786372727064
030030,2024,2,Corno di Rosazzo,3121.0,12.6215,64.08202499198974,0.15845977102563089
030031,2024,5,Coseano,2091.0,23.7787,239.12003825920613,0.2102722184139587
030032,2024,7,Dignano,2313.0,27.6037,302.63726761781237,0.2535891927531454
030035,2024,1,Enemonzo,1278.0,23.7602,78.24726134585289,0.042087187818284355
030036,2024,3,Faedis,2801.0,46.7805,107.10460549803642,0.06412928463782987
030037,2024,24,Fagagna,6055.0,37.1864,396.36663914120555,0.6453972420024525
030042,2024,1,Forni di Sotto,557.0,93.5943,179.53321364452424,0.010684411337015181
030043,2024,22,Gemona del Friuli,10634.0,56.0573,206.88358096671058,0.39245557670455056
030044,2024,17,Gonars,4621.0,19.8169,367.8857390175287,0.8578536501672814
030046,2024,40,Latisana,13268.0,37.7963,301.4772384684956,1.0583046488677463
030047,2024,2,Lauco,678.0,34.7578,294.9852507374631,0.05754104114759852
030048,2024,7,Lestizza,3674.0,34.3383,190.5280348394121,0.20385400558559977
030049,2024,66,Lignano Sabbiadoro,6870.0,15.7064,960.6986899563319,4.202108694544899
030051,2024,1,Lusevera,605.0,53.0467,165.2892561983471,0.01885131403084452
030052,2024,4,Magnano in Riviera,2291.0,8.3404,174.5962461807071,0.4795933048774639
030053,2024,8,Majano,5840.0,28.2752,136.986301369863,0.282933454051607
030054,2024,5,Malborghetto Valbruna,909.0,124.211,550.0550055005501,0.040254083776799156
030055,2024,9,Manzano,6316.0,31.0425,142.49525015832805,0.2899251026818072
030056,2024,1,Marano Lagunare,1742.0,85.8033,57.4052812858783,0.011654563402573096
030057,2024,6,Martignacco,6898.0,26.677,86.98173383589446,0.2249128462720696
030058,2024,6,Mereto di Tomba,2536.0,27.2869,236.59305993690853,0.21988573271423284
030060,2024,2,Moimacco,1659.0,11.7658,120.55455093429777,0.16998419147019325
030061,2024,2,Montenars,495.0,20.5915,404.04040404040404,0.09712745550348445
030062,2024,12,Mortegliano,4850.0,30.0528,247.4226804123711,0.3992972368631209
030063,2024,2,Moruzzo,2434.0,17.776,82.16926869350863,0.11251125112511251
030064,2024,8,Muzzana del Turgnano,2400.0,24.2909,333.33333333333337,0.32934144062179666
030065,2024,6,Nimis,2586.0,33.8948,232.0185614849188,0.17701830369260182
030066,2024,6,Osoppo,2826.0,22.404,212.31422505307856,0.2678093197643278
030067,2024,2,Ovaro,1791.0,57.9039,111.66945840312674,0.034539987807384306
030068,2024,13,Pagnacco,5152.0,14.9331,252.32919254658384,0.8705493166187864
030069,2024,5,Palazzolo dello Stella,2881.0,34.55,173.55085039916696,0.14471780028943562
030070,2024,15,Palmanova,5376.0,13.2774,279.01785714285717,1.1297392561796737
030071,2024,2,Paluzza,2003.0,69.7487,99.8502246630055,0.0286743695581423
030072,2024,6,Pasian di Prato,9299.0,15.414,64.52306699645123,0.3892565200467108
030073,2024,2,Paularo,2382.0,84.2423,83.9630562552477,0.02374104220801189
030074,2024,14,Pavia di Udine,5527.0,34.336,253.30197213678306,0.407735321528425
030075,2024,11,Pocenia,2399.0,23.9831,458.5243851604835,0.45865630381393563
030076,2024,4,Pontebba,1345.0,99.6625,297.3977695167286,0.040135457167941806
030077,2024,3,Porpetto,2480.0,18.0541,120.96774193548387,0.16616724178995354
030078,2024,4,Povoletto,5410.0,38.4131,73.93715341959334,0.10413114276119345
030079,2024,28,Pozzuolo del Friuli,6893.0,34.3697,406.2091977368345,0.8146710620110155
030080,2024,4,Pradamano,3554.0,15.9086,112.54924029262803,0.2514363300353268
030081,2024,1,Prato Carnico,870.0,81.7207,114.94252873563218,0.012236801691615467
030082,2024,4,Precenicco,1450.0,27.2302,275.8620689655172,0.14689572606885
030083,2024,5,Premariacco,4015.0,39.885,124.53300124533001,0.1253604111821487
030084,2024,1,Preone,260.0,22.4728,384.61538461538464,0.044498237869780355
030085,2024,1,Prepotto,729.0,33.2345,137.1742112482853,0.03008921452105493
030087,2024,1,Ragogna,2810.0,22.0271,35.587188612099645,0.04539862260579014
030090,2024,16,Reana del Rojale,4790.0,20.332,334.0292275574113,0.7869368483179224
030091,2024,9,Remanzacco,6110.0,30.9872,147.29950900163666,0.29044250529250787
030092,2024,1,Resia,937.0,119.3121,106.72358591248667,0.008381379591843577
030095,2024,6,Rive d'Arcano,2380.0,22.5658,252.10084033613447,0.2658890887980927
030097,2024,9,Ronchis,1948.0,18.3968,462.0123203285421,0.48921551574186817
030098,2024,3,Ruda,2817.0,19.4636,106.49627263045794,0.15413387040424176
030099,2024,29,San Daniele del Friuli,7923.0,34.7795,366.02297109680677,0.8338245230667491
030100,2024,15,San Giorgio di Nogaro,7375.0,25.9373,203.38983050847457,0.578317712329348
030101,2024,6,San Giovanni al Natisone,6101.0,24.0601,98.3445336830028,0.24937552212999947
030102,2024,1,San Leonardo,1047.0,26.9138,95.51098376313276,0.03715565992167587
030103,2024,2,San Pietro al Natisone,2129.0,23.9685,93.94081728511038,0.08344285207668399
030104,2024,5,Santa Maria la Longa,2313.0,19.6031,216.16947686986597,0.25506169942509094
030105,2024,1,San Vito al Torre,1219.0,11.9224,82.03445447087778,0.08387572971884856
030106,2024,2,San Vito di Fagagna,1690.0,8.5705,118.34319526627219,0.23335861384983375
030108,2024,1,Savogna,351.0,22.1649,284.90028490028493,0.04511637769626752
030109,2024,3,Sedegliano,3681.0,50.422,81.49959250203749,0.059497838245210426
030110,2024,1,Socchieve,866.0,66.1145,115.47344110854503,0.015125275090940716
030111,2024,1,Stregna,317.0,19.6913,315.45741324921136,0.050783848704757946
030113,2024,2,Taipana,554.0,65.4414,361.01083032490976,0.030561693362305818
030114,2024,3,Talmassons,3900.0,43.0497,76.92307692307692,0.06968689677279981
030116,2024,26,Tarcento,8830.0,35.4193,294.4507361268403,0.73406306731076
030117,2024,3,Tarvisio,4102.0,208.3559,73.13505607020966,0.014398440360940104
030118,2024,22,Tavagnacco,14780.0,15.3441,148.84979702300404,1.4337758486975452
030120,2024,5,Terzo d'Aquileia,2760.0,28.3598,181.15942028985506,0.1763058977848927
030121,2024,16,Tolmezzo,9998.0,64.6226,160.03200640128026,0.247591399912724
030122,2024,2,Torreano,2059.0,34.9904,97.13453132588634,0.057158534912433126
030123,2024,5,Torviscosa,2677.0,48.6221,186.77624206200971,0.1028338965203066
030124,2024,4,Trasaghis,2116.0,77.8492,189.0359168241966,0.05138138863340921
030126,2024,5,Treppo Grande,1686.0,11.3221,296.55990510083035,0.44161418818063786
030127,2024,15,Tricesimo,7604.0,17.683,197.26459758022094,0.8482723519764745
030128,2024,1,Trivignano Udinese,1586.0,18.4599,63.05170239596469,0.054171474385018334
030129,2024,332,Udine,98156.0,57.1924,338.23709197603813,5.80496709352991
030130,2024,7,Varmo,2663.0,34.9183,262.86143447239954,0.2004679494706214
030131,2024,8,Venzone,1976.0,54.5509,404.8582995951417,0.14665202590608037
030132,2024,4,Verzegnis,845.0,39.3306,473.37278106508876,0.10170198268015236
030133,2024,4,Villa Santina,2166.0,12.9947,184.67220683287164,0.3078178026426158
030135,2024,4,Visco,816.0,3.5386,490.19607843137254,1.1303905499350024
030137,2024,2,Forgaria nel Friuli,1714.0,28.9391,116.68611435239205,0.06911064960555097
030188,2024,3,Rivignano Teor,6174.0,47.7536,48.59086491739553,0.06282248877571533
030190,2024,10,Fiumicello Villa Vicentina,6275.0,28.7989,159.3625498007968,0.3472354846886513
031001,2024,2,Capriva del Friuli,1622.0,6.32,123.30456226880395,0.3164556962025316
031002,2024,13,Cormons,7250.0,35.085,179.3103448275862,0.3705287159754881
031003,2024,17,Doberdò del Lago-Doberdob,1340.0,27.0526,1268.6567164179103,0.6284054028078632
031005,2024,8,Farra d'Isonzo,1698.0,10.251,471.1425206124852,0.780411667154424
031006,2024,12,Fogliano Redipuglia,2977.0,7.9241,403.09035942223716,1.5143675622468167
031007,2024,103,Gorizia,34087.0,41.2626,302.1679819285945,2.496207219128218
031008,2024,22,Gradisca d'Isonzo,6373.0,11.22,345.2063392436843,1.9607843137254901
031009,2024,13,Grado,7959.0,119.5156,163.3371026510868,0.10877241130028213
031010,2024,3,Mariano del Friuli,1475.0,8.5915,203.38983050847457,0.3491823313740325
031011,2024,1,Medea,965.0,7.3593,103.62694300518135,0.1358824888236653
031012,2024,122,Monfalcone,29233.0,20.6446,417.3365716826874,5.909535665500906
031014,2024,7,Mossa,1525.0,6.2051,459.0163934426229,1.1281043013005432
031015,2024,7,Romans d'Isonzo,3706.0,15.4983,188.8828926065839,0.4516624403966887
031016,2024,22,Ronchi dei Legionari,11851.0,17.1084,185.6383427558856,1.2859180285707605
031017,2024,8,Sagrado,2155.0,13.9395,371.22969837587004,0.573908676781807
031018,2024,15,San Canzian d'Isonzo,6110.0,33.8903,245.49918166939443,0.4426045210576477
031019,2024,1,San Floriano del Collio-Števerjan,747.0,10.6311,133.86880856760374,0.09406364346116583
031020,2024,1,San Lorenzo Isontino,1518.0,4.4013,65.87615283267458,0.22720559834594325
031021,2024,3,San Pier d'Isonzo,1977.0,9.028,151.74506828528072,0.33229951262738144
031022,2024,10,Savogna d'Isonzo-Sovodnje ob Soči,1740.0,16.9815,574.7126436781609,0.5888761299060742
031023,2024,10,Staranzano,7266.0,18.8163,137.62730525736308,0.5314541115947344
031024,2024,1,Turriaco,2808.0,5.1749,35.612535612535616,0.19324044909080368
031025,2024,11,Villesse,1670.0,12.0535,658.6826347305389,0.9125980005807443
032001,2024,34,Duino Aurisina-Devin Nabrežina,8373.0,45.3135,406.0671205063896,0.7503282686175202
032002,2024,1,Monrupino-Repentabor,857.0,12.6103,116.68611435239205,0.07930025455381712
032003,2024,11,Muggia,12966.0,13.8518,84.83726669751658,0.7941206197028544
032004,2024,8,San Dorligo della Valle-Dolina,5832.0,24.2218,137.1742112482853,0.3302809865493068
032005,2024,13,Sgonico-Zgonik,2052.0,31.4024,633.5282651072124,0.4139810969862176
032006,2024,837,Trieste,200609.0,85.1039,417.22953606268914,9.835036937202643
033002,2024,21,Alseno,4673.0,55.2695,449.39011341750484,0.3799563954803282
033003,2024,2,Besenzone,946.0,23.9471,211.41649048625794,0.08351741964580263
033004,2024,3,Bettola,2612.0,122.3705,114.85451761102604,0.024515712528754886
033005,2024,8,Bobbio,3487.0,106.5214,229.4235732721537,0.0751022799174626
033006,2024,20,Borgonovo Val Tidone,7989.0,51.2167,250.3442233070472,0.390497630655626
033007,2024,26,Cadeo,5911.0,38.4792,439.85789206564027,0.6756897232790703
033008,2024,5,Calendasco,2407.0,36.9357,207.7274615704196,0.1353703869156399
033010,2024,13,Caorso,4740.0,40.9806,274.26160337552744,0.31722327149919716
033011,2024,26,Carpaneto Piacentino,7640.0,63.0763,340.31413612565444,0.4121991936749619
033012,2024,22,Castell'Arquato,4548.0,52.7485,483.7291116974494,0.4170734712835436
033013,2024,50,Castel San Giovanni,13813.0,44.0397,361.97784695576627,1.135339250721508
033014,2024,21,Castelvetro Piacentino,5223.0,35.0518,402.06777713957496,0.5991133122977993
033016,2024,1,Coli,853.0,71.6896,117.23329425556857,0.01394902468419408
033017,2024,1,Corte Brugnatella,552.0,46.3089,181.15942028985506,0.021594121216440037
033018,2024,16,Cortemaggiore,4614.0,36.4718,346.7706978760295,0.43869510142082374
033019,2024,1,Farini,1078.0,112.3548,92.7643784786642,0.0089003763079103
033020,2024,3,Ferriere,1137.0,178.4949,263.8522427440633,0.016807202894872628
033021,2024,55,Fiorenzuola d'Arda,14947.0,59.769,367.966816083495,0.920209473138249
033022,2024,2,Gazzola,2104.0,44.4768,95.05703422053232,0.04496726383193036
033023,2024,14,Gossolengo,5666.0,31.0994,247.08789269325803,0.4501694566454658
033024,2024,9,Gragnano Trebbiense,4491.0,34.612,200.4008016032064,0.2600254247081937
033025,2024,2,Gropparello,2144.0,56.33,93.28358208955224,0.03550505947097461
033026,2024,4,Lugagnano Val d'Arda,3857.0,54.3974,103.70754472387866,0.07353292620603191
033027,2024,13,Monticelli d'Ongina,5118.0,46.3298,254.00547088706526,0.2805969376081917
033028,2024,3,Morfasso,926.0,83.9336,323.97408207343415,0.03574253934062163
033032,2024,581,Piacenza,102731.0,118.2281,565.5547011126145,4.9142293583335945
033033,2024,3,Pianello Val Tidone,2173.0,36.2849,138.05798435342842,0.08267902074967824
033035,2024,15,Podenzano,9138.0,44.3354,164.14970453053186,0.3383300928828882
033036,2024,3,Ponte dell'Olio,4573.0,43.9148,65.6024491581019,0.06831409911920355
033037,2024,23,Pontenure,6512.0,33.8481,353.1941031941032,0.6795063829284361
033038,2024,33,Rivergaro,7012.0,43.8291,470.62179121505994,0.7529244269218397
033039,2024,36,Rottofreno,12211.0,35.1646,294.81614937351566,1.0237568463739102
033040,2024,5,San Giorgio Piacentino,5600.0,49.194,89.28571428571428,0.1016384111883563
033041,2024,2,San Pietro in Cerro,808.0,27.3456,247.52475247524754,0.07313790884091041
033042,2024,12,Sarmato,2896.0,27.2585,414.36464088397787,0.4402296531357191
033043,2024,14,Travo,2110.0,81.0121,663.5071090047394,0.17281369079433812
033044,2024,9,Vernasca,2017.0,72.5658,446.20723847297967,0.12402536732179623
033045,2024,9,Vigolzone,4193.0,42.0366,214.64345337467208,0.21409914217610368
033046,2024,3,Villanova sull'Arda,1681.0,36.5647,178.4651992861392,0.08204634524555103
033048,2024,3,Ziano Piacentino,2451.0,32.7755,122.39902080783352,0.09153178441213711
033049,2024,7,Alta Val Tidone,2937.0,100.8556,238.33844058563162,0.06940616088744701
034001,2024,5,Albareto,2101.0,104.1033,237.9819133745835,0.04802921713336657
034002,2024,3,Bardi,2044.0,189.894,146.77103718199606,0.015798287465638723
034003,2024,4,Bedonia,3200.0,169.5556,125.0,0.02359108162750154
034004,2024,20,Berceto,1988.0,131.7046,1006.0362173038229,0.1518549845639408
034005,2024,2,Bore,676.0,43.0043,295.85798816568047,0.04650697720925582
034006,2024,13,Borgo Val di Taro,6715.0,151.4879,193.596425912137,0.08581543476409667
034007,2024,11,Busseto,6827.0,76.5911,161.12494507104145,0.14361982005742183
034008,2024,5,Calestano,2049.0,57.3542,244.0214738897023,0.08717757374350964
034009,2024,50,Collecchio,14634.0,58.831,341.67008336750035,0.849892063707909
034010,2024,19,Colorno,9008.0,48.4061,210.9236234458259,0.3925125139187003
034011,2024,2,Compiano,1061.0,37.532,188.5014137606032,0.053287861025258454
034012,2024,1,Corniglio,1755.0,165.6975,56.98005698005698,0.006035094072028848
034013,2024,13,Felino,9151.0,38.3458,142.06097694241066,0.3390201795242243
034014,2024,100,Fidenza,26987.0,95.1166,370.54878274724865,1.051341195963691
034015,2024,36,Fontanellato,7013.0,53.9754,513.3323827178098,0.6669705087873364
034016,2024,19,Fontevivo,5624.0,26.0045,337.83783783783787,0.7306427733661481
034017,2024,16,Fornovo di Taro,5906.0,57.5224,270.9109380291229,0.2781525110217933
034018,2024,20,Langhirano,10599.0,70.8424,188.69704689121613,0.28231680462547853
034019,2024,4,Lesignano de' Bagni,5033.0,47.485,79.4754619511226,0.08423712751395178
034020,2024,17,Medesano,10703.0,88.7682,158.83397178361207,0.19151002273336623
034023,2024,17,Montechiarugolo,11077.0,48.2015,153.47115645030243,0.3526861197265645
034024,2024,2,Neviano degli Arduini,3466.0,105.9563,57.703404500865545,0.01887570630533531
034025,2024,37,Noceto,13138.0,79.1728,281.6258182371746,0.4673322151041772
034026,2024,1,Palanzano,1060.0,69.8016,94.33962264150944,0.014326319167468942
034027,2024,780,Parma,195998.0,260.5979,397.96324452290327,2.9931169821399175
034028,2024,1,Pellegrino Parmense,955.0,82.0786,104.71204188481677,0.012183443674721548
034030,2024,4,Roccabianca,2878.0,40.459,138.9854065323141,0.09886551817889715
034031,2024,12,Sala Baganza,5757.0,30.7549,208.44189682126105,0.3901817271394152
034032,2024,37,Salsomaggiore Terme,19819.0,81.4989,186.6895403400777,0.45399385758580785
034033,2024,12,San Secondo Parmense,5767.0,37.7094,208.08045777700713,0.3182230425305096
034035,2024,4,Solignano,1722.0,73.1352,232.28803716608596,0.05469322569706516
034036,2024,12,Soragna,4790.0,45.3863,250.52192066805844,0.2643969656041581
034038,2024,15,Terenzo,1172.0,72.6961,1279.863481228669,0.2063384418146228
034039,2024,3,Tizzano Val Parma,2122.0,78.3864,141.3760603204524,0.03827194513333946
034040,2024,2,Tornolo,894.0,67.4779,223.71364653243847,0.029639333767055583
034041,2024,17,Torrile,7702.0,37.147,220.72189041807323,0.4576412630898862
034042,2024,29,Traversetolo,9556.0,54.8602,303.4742570113018,0.528616373983325
034045,2024,3,Varano de' Melegari,2617.0,64.9214,114.63507833397018,0.04620972437439735
034049,2024,14,Sissa Trecasali,7729.0,72.7144,181.1359813688705,0.19253407853190016
034050,2024,3,Polesine Zibello,3139.0,48.5037,95.57183816502071,0.06185095157689001
034051,2024,17,Sorbolo Mezzani,12683.0,66.9713,134.03768824410628,0.2538400777646544
035001,2024,10,Albinea,8743.0,43.8883,114.37721605856113,0.22785115850921545
035002,2024,21,Bagnolo in Piano,9628.0,26.9392,218.11383464894058,0.7795331709924571
035003,2024,13,Baiso,3209.0,75.553,405.11062636335305,0.17206464336293728
035004,2024,23,Bibbiano,10140.0,28.1622,226.82445759368838,0.8166975591395559
035005,2024,7,Boretto,5311.0,18.0943,131.80192054227075,0.3868621610120314
035006,2024,11,Brescello,5675.0,24.0376,193.83259911894274,0.45761640097181083
035008,2024,27,Cadelbosco di Sopra,10704.0,43.5957,252.2421524663677,0.6193271354743701
035009,2024,13,Campagnola Emilia,5635.0,24.3929,230.70097604259092,0.5329419626202706
035010,2024,19,Campegine,5292.0,22.6234,359.0325018896447,0.8398383974115297
035011,2024,13,Carpineti,3877.0,89.567,335.31080732525146,0.14514274230464347
035012,2024,59,Casalgrande,18946.0,37.7068,311.4113797107569,1.5647045095314374
035013,2024,8,Casina,4455.0,63.8037,179.57351290684625,0.12538457801036618
035014,2024,30,Castellarano,15364.0,58.058,195.26165061181985,0.5167246546556892
035015,2024,27,Castelnovo di Sotto,8415.0,35.0143,320.85561497326205,0.7711135164775534
035016,2024,27,Castelnovo ne' Monti,10360.0,96.6802,260.6177606177606,0.2792712468530268
035017,2024,18,Cavriago,9828.0,16.9945,183.15018315018315,1.0591662008296803
035018,2024,13,Canossa,3676.0,53.0823,353.64526659412405,0.24490272652089304
035020,2024,93,Correggio,24966.0,77.5093,372.50660898822395,1.1998560172779267
035021,2024,13,Fabbrico,6618.0,23.6332,196.43396796615292,0.5500736252390704
035022,2024,18,Gattatico,5715.0,42.1447,314.96062992125985,0.42709996749294693
035023,2024,14,Gualtieri,6317.0,35.6438,221.6241886971664,0.3927751810974139
035024,2024,38,Guastalla,14746.0,52.9206,257.69700257697,0.7180568625450203
035026,2024,12,Luzzara,8520.0,38.5245,140.84507042253523,0.3114900907214889
035027,2024,19,Montecchio Emilia,10433.0,24.3868,182.1144445509441,0.7791100103334591
035028,2024,34,Novellara,13368.0,58.1064,254.33871932974264,0.585133479272507
035029,2024,18,Poviglio,7176.0,43.5507,250.8361204013378,0.41331138190660544
035030,2024,27,Quattro Castella,13115.0,46.3056,205.87113991612657,0.5830828236757541
035032,2024,22,Reggiolo,9072.0,42.6623,242.50440917107582,0.5156777763974282
035033,2024,839,Reggio nell'Emilia,170601.0,230.6805,491.7907866894098,3.6370651182046165
035034,2024,15,Rio Saliceto,5962.0,22.5618,251.59342502515935,0.6648405712310188
035035,2024,11,Rolo,4021.0,14.1703,273.5637901019647,0.7762714974277186
035036,2024,50,Rubiera,14869.0,25.1941,336.2700921380052,1.9845916305801756
035037,2024,16,San Martino in Rio,8219.0,22.7176,194.6708845358316,0.7042997499735887
035038,2024,13,San Polo d'Enza,6173.0,32.2932,210.5945245423619,0.4025615299815441
035039,2024,23,Sant'Ilario d'Enza,11159.0,20.2331,206.11165875078413,1.1367511651699442
035040,2024,67,Scandiano,25672.0,50.0478,260.9847304456217,1.3387201835045697
035041,2024,7,Toano,4195.0,67.2538,166.86531585220501,0.1040833380418653
035042,2024,3,Vetto,1801.0,53.3728,166.5741254858412,0.056208405779723004
035043,2024,15,Vezzano sul Crostolo,4323.0,37.8178,346.98126301179735,0.39663861990914334
035044,2024,16,Viano,3309.0,44.9712,483.5297673012995,0.3557832568399331
035045,2024,6,Villa Minozzo,3540.0,168.0773,169.4915254237288,0.035697860448734006
035046,2024,9,Ventasso,3992.0,258.1724,225.45090180360722,0.034860426598660434
036001,2024,10,Bastiglia,4134.0,10.4662,241.89646831156267,0.9554566127152165
036002,2024,36,Bomporto,10142.0,38.8735,354.9595740485112,0.9260807490964281
036003,2024,48,Campogalliano,8605.0,35.6891,557.8152237071471,1.3449484576523363
036004,2024,14,Camposanto,3192.0,22.7072,438.59649122807014,0.6165445321307779
036005,2024,357,Carpi,71730.0,131.5407,497.69970723546635,2.713988902294119
036006,2024,78,Castelfranco Emilia,32908.0,102.5111,237.02443174911875,0.7608932105889021
036007,2024,34,Castelnuovo Rangone,15081.0,22.4407,225.44924076652742,1.5151042525411418
036008,2024,45,Castelvetro di Modena,11284.0,49.783,398.79475363346336,0.9039230259325473
036009,2024,13,Cavezzo,6960.0,26.7719,186.7816091954023,0.485583765067104
036010,2024,17,Concordia sulla Secchia,8162.0,40.9448,208.28228375398186,0.4151931380785838
036011,2024,4,Fanano,2951.0,89.9056,135.54727211114877,0.044491110676086916
036012,2024,27,Finale Emilia,15047.0,105.1257,179.43776168006912,0.2568353884920624
036013,2024,70,Fiorano Modenese,16988.0,26.2317,412.05556863668477,2.6685270112116255
036014,2024,4,Fiumalbo,1196.0,39.1349,334.44816053511704,0.10221055886178321
036015,2024,71,Formigine,34541.0,46.7584,205.5528212848499,1.5184437448672323
036016,2024,1,Frassinoro,1801.0,95.4568,55.52470849528041,0.010475943044392855
036017,2024,10,Guiglia,4003.0,48.296,249.8126405196103,0.20705648500911047
036018,2024,7,Lama Mocogno,2656.0,63.907,263.55421686746985,0.10953416683618383
036019,2024,53,Maranello,17379.0,32.5808,304.9657632775189,1.6267249422973038
036020,2024,18,Marano sul Panaro,5297.0,45.4654,339.8149896167642,0.3959054577766829
036021,2024,17,Medolla,6301.0,26.9959,269.7984446913188,0.6297252545756948
036022,2024,90,Mirandola,24103.0,137.0459,373.39750238559515,0.6567142833167574
036023,2024,1014,Modena,186414.0,183.173,543.9505616530947,5.535750356220622
036024,2024,1,Montecreto,914.0,31.2213,109.40919037199124,0.03202941581548494
036025,2024,2,Montefiorino,2084.0,45.277,95.96928982725528,0.04417253793316695
036026,2024,3,Montese,3208.0,81.0046,93.51620947630923,0.03703493381857327
036027,2024,42,Nonantola,16010.0,55.32,262.3360399750156,0.7592190889370932
036028,2024,17,Novi di Modena,9983.0,51.808,170.28949213663228,0.3281346510191476
036029,2024,2,Palagano,2073.0,60.411,96.4785335262904,0.03310655344225389
036030,2024,65,Pavullo nel Frignano,17979.0,143.7304,361.5328994938539,0.45223557438092427
036031,2024,2,Pievepelago,2185.0,76.5344,91.53318077803205,0.02613203997156834
036032,2024,2,Polinago,1580.0,53.7389,126.58227848101266,0.037216988066372775
036033,2024,6,Prignano sulla Secchia,3753.0,79.6652,159.8721023181455,0.07531519408725516
036034,2024,11,Ravarino,6194.0,28.5303,177.59121730707136,0.3855550064317585
036036,2024,21,San Cesario sul Panaro,6533.0,27.3097,321.4449716822287,0.768957549881544
036037,2024,22,San Felice sul Panaro,10741.0,51.6636,204.82264221208453,0.42583172678636405
036038,2024,8,San Possidonio,3471.0,17.0582,230.48112935753383,0.46898265936616995
036039,2024,24,San Prospero,5975.0,34.557,401.67364016736406,0.694504731313482
036040,2024,149,Sassuolo,40722.0,38.4032,365.895584696233,3.879885009582535
036041,2024,31,Savignano sul Panaro,9289.0,25.554,333.7280654537625,1.213117320184707
036042,2024,42,Serramazzoni,8404.0,93.9602,499.7620180866254,0.44699777139682545
036043,2024,4,Sestola,2435.0,52.4711,164.27104722792606,0.07623244033382186
036044,2024,34,Soliera,15474.0,50.9283,219.7234070052992,0.6676052410938516
036045,2024,68,Spilamberto,12845.0,29.7918,529.3888672635267,2.282507267100343
036046,2024,100,Vignola,25726.0,22.8613,388.7118090647594,4.37420444156719
036047,2024,9,Zocca,4567.0,69.3646,197.06590759798556,0.12974918041767702
037001,2024,32,Anzola dell'Emilia,12353.0,36.5961,259.0463854934024,0.8744101147390022
037002,2024,41,Argelato,9741.0,35.1033,420.90134483112615,1.1679813578780343
037003,2024,5,Baricella,7074.0,45.4839,70.68136839129205,0.10992900784673258
037005,2024,62,Bentivoglio,5801.0,51.1055,1068.7812446129979,1.2131766639598478
037006,2024,1946,Bologna,391686.0,140.8566,496.8265396261291,13.815469065702283
037007,2024,4,Borgo Tossignano,3228.0,29.2729,123.91573729863693,0.13664515644162348
037008,2024,52,Budrio,18368.0,120.1849,283.1010452961673,0.4326666661119658
037009,2024,34,Calderara di Reno,13479.0,40.7517,252.2442317679353,0.8343210221904853
037011,2024,101,Casalecchio di Reno,36052.0,17.3334,280.1508931543326,5.8269006657666695
037012,2024,5,Casalfiumanese,3373.0,82.0283,148.2359916987845,0.0609545729949298
037013,2024,2,Castel d'Aiano,1857.0,45.2605,107.70059235325795,0.04418864130975133
037014,2024,3,Castel del Rio,1189.0,52.5914,252.3128679562658,0.057043547043813245
037015,2024,3,Castel di Casio,3307.0,47.3257,90.71666162685213,0.06339050452502552
037016,2024,15,Castel Guelfo di Bologna,4529.0,28.6088,331.1989401633915,0.5243141970302844
037017,2024,20,Castello d'Argile,6554.0,29.0706,305.15715593530666,0.6879802962443156
037019,2024,57,Castel Maggiore,18631.0,30.9004,305.94171005313723,1.844636315387503
037020,2024,55,Castel San Pietro Terme,20786.0,148.4147,264.60117386702586,0.3705832373747344
037021,2024,50,Castenaso,15870.0,35.7333,315.05986137366097,1.3992550366185044
037022,2024,17,Castiglione dei Pepoli,5418.0,65.7611,313.7689184200812,0.25851149083576763
037024,2024,24,Crevalcore,13675.0,102.7526,175.50274223034737,0.2335707320301384
037025,2024,23,Dozza,6609.0,24.2317,348.0102889998487,0.9491698890296595
037026,2024,5,Fontanelice,1945.0,36.5572,257.0694087403599,0.13677196284179313
037027,2024,5,Gaggio Montano,4810.0,58.6697,103.95010395010395,0.08522286631770744
037028,2024,14,Galliera,5504.0,37.1536,254.3604651162791,0.3768140906937686
037030,2024,47,Granarolo dell'Emilia,12471.0,34.3693,376.8743484884933,1.3674994835507268
037031,2024,11,Grizzana Morandi,3882.0,77.4024,283.3590932509016,0.14211445639928477
037032,2024,324,Imola,69855.0,205.0213,463.81790852480134,1.580323605401
037033,2024,2,Lizzano in Belvedere,2161.0,85.447,92.5497454881999,0.02340632204758505
037034,2024,19,Loiano,4328.0,52.4056,439.0018484288355,0.3625566733326209
037035,2024,35,Malalbergo,9085.0,53.8163,385.2504127682994,0.6503605784864437
037036,2024,28,Marzabotto,6731.0,74.5263,415.9857376318526,0.3757062942880567
037037,2024,30,Medicina,16599.0,159.1056,180.7337791433219,0.1885540169547772
037038,2024,12,Minerbio,8941.0,43.0663,134.21317526003804,0.27864014322103364
037039,2024,20,Molinella,15648.0,127.8402,127.8118609406953,0.15644531219444274
037040,2024,4,Monghidoro,3699.0,48.2812,108.13733441470669,0.0828479822373926
037041,2024,14,Monterenzio,6105.0,105.2554,229.3202293202293,0.13300980282246802
037042,2024,24,Monte San Pietro,10695.0,74.6857,224.4039270687237,0.3213466567227729
037044,2024,16,Monzuno,6346.0,65.0081,252.12732429877087,0.24612317541967849
037045,2024,6,Mordano,4613.0,21.4513,130.0672013873835,0.279703328003431
037046,2024,50,Ozzano dell'Emilia,13927.0,64.9471,359.01486321533713,0.7698573146453036
037047,2024,46,Pianoro,17472.0,107.129,263.2783882783883,0.4293888676268797
037048,2024,17,Pieve di Cento,7132.0,15.9368,238.36231071228266,1.0667135183976708
037050,2024,14,Sala Bolognese,8478.0,45.6367,165.13328615239445,0.30677064730797804
037051,2024,11,San Benedetto Val di Sambro,4203.0,66.4675,261.71782060433026,0.16549441456350847
037052,2024,30,San Giorgio di Piano,9048.0,30.4326,331.56498673740055,0.9857849805800358
037053,2024,85,San Giovanni in Persiceto,28048.0,114.4106,303.0519110096976,0.7429381543318538
037054,2024,141,San Lazzaro di Savena,32665.0,44.7241,431.65467625899277,3.1526626583877597
037055,2024,35,San Pietro in Casale,12678.0,65.8561,276.06878056475784,0.5314617780281553
037056,2024,17,Sant'Agata Bolognese,7339.0,34.7917,231.63918790025886,0.4886222863499053
037057,2024,83,Sasso Marconi,14761.0,96.4485,562.2925276065307,0.8605628910765849
037059,2024,20,Vergato,7608.0,59.9401,262.88117770767616,0.33366644366626014
037060,2024,88,Zola Predosa,19113.0,37.7472,460.41960968973996,2.3312987453374023
037061,2024,89,Valsamoggia,31503.0,178.1313,282.51277656096244,0.49963145163146505
037062,2024,7,Alto Reno Terme,6835.0,73.6224,102.41404535479151,0.09507975833441996
038001,2024,63,Argenta,21140.0,311.663,298.0132450331126,0.20214141556745588
038003,2024,34,Bondeno,13905.0,174.753,244.5163610212154,0.19456032228345152
038004,2024,89,Cento,35107.0,64.7415,253.51069587261802,1.3746978367816625
038005,2024,34,Codigoro,11297.0,169.2711,300.9648579268832,0.20086122202785947
038006,2024,97,Comacchio,22081.0,283.7461,439.2916987455278,0.3418549188869909
038007,2024,33,Copparo,15874.0,157.0042,207.88711099911805,0.21018546000680238
038008,2024,603,Ferrara,131669.0,405.1396,457.9665676810791,1.4883758585929394
038010,2024,4,Jolanda di Savoia,2686.0,108.3382,148.92032762472078,0.03692141829936255
038011,2024,6,Lagosanto,4760.0,34.4368,126.05042016806723,0.17423221669841565
038012,2024,3,Masi Torello,2332.0,22.7071,128.6449399656947,0.13211726728644343
038014,2024,20,Mesola,6549.0,84.2986,305.3901358986105,0.23725186420652303
038017,2024,21,Ostellato,5769.0,173.3408,364.01456058242326,0.12114862744374089
038018,2024,36,Poggio Renatico,9787.0,80.2322,367.8348830080719,0.44869765505619935
038019,2024,21,Portomaggiore,11506.0,126.6429,182.5134712324005,0.16582058686274556
038022,2024,7,Vigarano Mainarda,7590.0,42.0182,92.22661396574439,0.1665944757271849
038023,2024,12,Voghiera,3646.0,40.3268,329.1278113000549,0.2975688623942391
038025,2024,4,Goro,3588.0,26.6198,111.48272017837235,0.15026408913665767
038027,2024,19,Fiscaglia,8493.0,116.1817,223.71364653243847,0.16353694256496504
038028,2024,19,Terre del Reno,9826.0,51.0347,193.36454304905354,0.3722957125250075
038029,2024,18,Riva del Po,7573.0,111.8218,237.68651789251288,0.160970401120354
038030,2024,9,Tresignana,6883.0,43.0586,130.75693738195554,0.20901747850603597
039001,2024,35,Alfonsine,11626.0,106.7905,301.04937209702393,0.32774450910895636
039002,2024,45,Bagnacavallo,16402.0,79.5793,274.3567857578344,0.5654736847396244
039003,2024,8,Bagnara di Romagna,2414.0,9.9578,331.4001657000828,0.8033903070959448
039004,2024,27,Brisighella,7244.0,194.319,372.72225289895084,0.13894678338196473
039005,2024,5,Casola Valsenio,2502.0,84.4135,199.84012789768187,0.059232231811262415
039006,2024,32,Castel Bolognese,9549.0,32.3734,335.1136244632946,0.9884658392383872
039007,2024,150,Cervia,28774.0,82.2725,521.3039549593383,1.8232094563797139
039008,2024,24,Conselice,9554.0,60.1994,251.2036843207034,0.39867506985119455
039009,2024,33,Cotignola,7329.0,35.139,450.2660663119116,0.9391274652095961
039010,2024,308,Faenza,59063.0,215.7569,521.4770668608096,1.4275325609517007
039011,2024,18,Fusignano,8082.0,24.5496,222.71714922048997,0.733209502395151
039012,2024,121,Lugo,31934.0,117.0548,378.9064946452057,1.0337038720325864
039013,2024,29,Massa Lombarda,10501.0,37.2479,276.1641748404914,0.7785673823222249
039014,2024,813,Ravenna,156463.0,653.8119,519.611665377757,1.2434769082667354
039015,2024,12,Riolo Terme,5699.0,44.2582,210.5632567117038,0.27113619623030305
039016,2024,27,Russi,12136.0,46.2594,222.47857613711273,0.5836651577841476
039017,2024,12,Sant'Agata sul Santerno,2898.0,9.3707,414.0786749482402,1.280587362737042
039018,2024,38,Solarolo,4473.0,26.0383,849.5416946121171,1.4593886697672276
040001,2024,17,Bagno di Romagna,5621.0,233.5005,302.4372887386586,0.0728049832869737
040003,2024,32,Bertinoro,11016.0,57.2533,290.48656499636894,0.5589197478573287
040004,2024,4,Borghi,2878.0,30.2325,138.9854065323141,0.13230794674605142
040005,2024,12,Castrocaro Terme e Terra del Sole,6264.0,38.9501,191.57088122605364,0.3080865004197679
040007,2024,439,Cesena,96520.0,249.4614,454.82801491918775,1.759791294364579
040008,2024,122,Cesenatico,25992.0,45.1634,469.3751923668822,2.701302382017297
040009,2024,13,Civitella di Romagna,3701.0,117.929,351.2564171845447,0.110235819857711
040011,2024,3,Dovadola,1567.0,38.9702,191.44862795149967,0.07698189898948428
040012,2024,520,Forlì,117407.0,228.1972,442.90374509185995,2.2787308520875804
040013,2024,24,Forlimpopoli,13099.0,24.4588,183.22009313688068,0.9812419251966572
040014,2024,5,Galeata,2385.0,63.1294,209.64360587002096,0.07920240014953414
040015,2024,19,Gambettola,10661.0,7.7713,178.21967920457743,2.4448933897803458
040016,2024,30,Gatteo,9289.0,14.138,322.9626439875121,2.1219408685811287
040018,2024,17,Longiano,7219.0,23.576,235.48968001108187,0.7210722768917543
040019,2024,16,Meldola,9910.0,79.0775,161.45307769929366,0.2023331541841864
040020,2024,17,Mercato Saraceno,6821.0,99.3304,249.2303181351708,0.1711459935729646
040022,2024,2,Modigliana,4357.0,101.1628,45.90314436538903,0.019770113124587298
040031,2024,5,Portico e San Benedetto,745.0,61.0511,671.1409395973154,0.08189860624951885
040032,2024,12,Predappio,6183.0,91.3883,194.0805434255216,0.1313078369988281
040033,2024,3,Premilcuore,716.0,98.5567,418.99441340782124,0.030439330862336095
040037,2024,5,Roncofreddo,3416.0,51.526,146.37002341920376,0.09703838838644567
040041,2024,43,San Mauro Pascoli,12184.0,17.2873,352.92186474064346,2.487375125091831
040043,2024,6,Santa Sofia,4053.0,148.8602,148.03849000740192,0.04030627394024729
040044,2024,7,Sarsina,3301.0,100.7182,212.05695243865495,0.06950084493170053
040045,2024,67,Savignano sul Rubicone,17858.0,23.3027,375.1819912644193,2.8752033026215846
040046,2024,4,Sogliano al Rubicone,3117.0,93.4291,128.32852101379532,0.042813213442064624
040050,2024,6,Verghereto,1750.0,117.8823,342.85714285714283,0.0508982264512993
041001,2024,10,Acqualagna,4240.0,50.6846,235.84905660377356,0.19729858773670897
041002,2024,2,Apecchio,1749.0,103.1077,114.35105774728416,0.019397193420084047
041007,2024,23,Cagli,8072.0,226.4575,284.93557978196236,0.10156431118421778
041008,2024,10,Cantiano,2021.0,83.2457,494.8045522018802,0.12012632484320511
041010,2024,15,Cartoceto,7974.0,23.2029,188.11136192626034,0.6464709152735219
041013,2024,289,Fano,60136.0,120.3167,480.5773579885593,2.4019940706485468
041014,2024,19,Fermignano,8290.0,43.7022,229.19179734620025,0.43476072142821187
041015,2024,20,Fossombrone,9123.0,106.8757,219.22613175490517,0.18713327725572793
041016,2024,1,Fratte Rosa,882.0,15.63,113.37868480725623,0.06397952655150352
041017,2024,1,Frontino,291.0,10.3673,343.64261168384877,0.09645712962873651
041018,2024,4,Frontone,1222.0,36.0741,327.33224222585926,0.11088287718889729
041019,2024,28,Gabicce Mare,5597.0,4.9349,500.2680007146686,5.67387383736246
041020,2024,8,Gradara,4881.0,17.5257,163.90083999180496,0.45647249467924245
041021,2024,1,Isola del Piano,556.0,23.3024,179.85611510791367,0.04291403460587751
041022,2024,1,Lunano,1465.0,15.0143,68.25938566552901,0.06660317164303364
041023,2024,2,Macerata Feltria,1904.0,40.0743,105.04201680672269,0.04990729719545943
041025,2024,1,Mercatello sul Metauro,1298.0,68.3532,77.04160246533128,0.014629892967703048
041026,2024,3,Mercatino Conca,1008.0,13.9454,297.6190476190476,0.21512470061812497
041027,2024,6,Mombaroccio,2042.0,28.2059,293.8295788442703,0.21272145189481634
041028,2024,3,Mondavio,3663.0,29.6355,81.9000819000819,0.10122994381738118
041029,2024,67,Mondolfo,14307.0,24.3413,468.30222967778013,2.7525234888851458
041030,2024,4,Montecalvo in Foglia,2723.0,18.247,146.89680499449136,0.21921411738915986
041034,2024,7,Montefelcino,2517.0,39.0064,278.108859753675,0.17945773001353624
041035,2024,5,Monte Grimano Terme,1075.0,23.9678,465.1162790697674,0.20861322274051017
041036,2024,18,Montelabbate,6933.0,19.565,259.62786672436175,0.9200102223358037
041038,2024,4,Monte Porzio,2801.0,18.2874,142.80614066404857,0.21872983584325817
041041,2024,1,Peglio,651.0,21.3607,153.60983102918587,0.04681494520310664
041043,2024,4,Pergola,5849.0,112.3954,68.38775859121218,0.035588645086898574
041044,2024,461,Pesaro,95950.0,152.8116,480.4585721730068,3.016786683733434
041045,2024,4,Petriano,2768.0,11.2713,144.50867052023122,0.35488364252570687
041047,2024,2,Piandimeleto,2054.0,39.9011,97.37098344693281,0.05012393142043703
041048,2024,1,Pietrarubbia,610.0,13.2885,163.9344262295082,0.07525303834142304
041049,2024,3,Piobbico,1839.0,48.1975,163.13213703099512,0.06224389231806629
041051,2024,14,San Costanzo,4583.0,40.886,305.4767619463234,0.34241549674705274
041054,2024,9,San Lorenzo in Campo,3176.0,28.798,283.37531486146094,0.3125217028960345
041057,2024,6,Sant'Angelo in Vado,3919.0,67.3367,153.1002806838479,0.0891044556683057
041058,2024,3,Sant'Ippolito,1463.0,19.8757,205.0580997949419,0.15093808016824567
041064,2024,1,Tavoleto,852.0,12.4065,117.37089201877934,0.08060290976504252
041065,2024,27,Tavullia,7878.0,42.0639,342.7265803503427,0.6418805674224216
041066,2024,15,Urbania,6886.0,77.5329,217.83328492593665,0.1934662575500207
041067,2024,55,Urbino,14007.0,226.4923,392.6608124509174,0.24283386234322316
041068,2024,38,Vallefoglia,14908.0,39.5691,254.8966997585189,0.9603453199592612
041069,2024,33,Colli al Metauro,12202.0,46.1679,270.44746762825764,0.7147823487747981
041070,2024,5,Terre Roveresche,5143.0,70.3655,97.21952167995333,0.07105754950934762
041071,2024,9,Sassocorvaro Auditore,4870.0,87.5458,184.80492813141683,0.10280333265559284
042001,2024,10,Agugliano,4747.0,21.8901,210.65936380872128,0.4568275156349217
042002,2024,409,Ancona,99273.0,124.8683,411.9952051413778,3.2754510151896037
042003,2024,4,Arcevia,4272.0,128.331,93.63295880149813,0.031169397885156356
042004,2024,1,Barbara,1281.0,11.0386,78.06401249024199,0.09059119815918684
042005,2024,3,Belvedere Ostrense,2133.0,29.4501,140.64697609001408,0.10186722625729625
042006,2024,40,Camerano,7160.0,20.0041,558.659217877095,1.9995900840327732
042007,2024,4,Camerata Picena,2525.0,11.8916,158.41584158415841,0.3363718927646406
042008,2024,5,Castelbellino,4956.0,6.0471,100.88781275221952,0.8268426187759421
042010,2024,72,Castelfidardo,18517.0,33.3901,388.8318842145056,2.1563277738012165
042012,2024,13,Castelplanio,3465.0,15.3181,375.18037518037517,0.8486692213786305
042013,2024,6,Cerreto d'Esi,3486.0,16.9129,172.1170395869191,0.35475879358359597
042014,2024,33,Chiaravalle,14389.0,17.602,229.34185836402807,1.8747869560277242
042015,2024,4,Corinaldo,4848.0,49.2789,82.50825082508251,0.0811706430135413
042016,2024,5,Cupramontana,4418.0,27.4029,113.17338162064281,0.18246244010670404
042017,2024,51,Fabriano,29484.0,272.0776,172.975172975173,0.18744652260972602
042018,2024,105,Falconara Marittima,25727.0,25.8148,408.13153496326817,4.067434185041139
042019,2024,11,Filottrano,9034.0,71.2015,121.76223156962587,0.15449112729366657
042020,2024,6,Genga,1679.0,73.1543,357.35556879094696,0.08201841860287092
042021,2024,170,Jesi,39440.0,108.9032,431.0344827586207,1.5610193272557649
042022,2024,30,Loreto,12825.0,17.8954,233.91812865497076,1.676408462509919
042023,2024,28,Maiolati Spontini,6150.0,21.4923,455.2845528455285,1.302792162774575
042024,2024,2,Mergo,991.0,7.2775,201.81634712411704,0.27481964960494676
042025,2024,12,Monsano,3299.0,14.6644,363.7465898757199,0.8183082840075284
042026,2024,2,Montecarotto,1845.0,24.3854,108.40108401084011,0.08201628843488316
042027,2024,24,Montemarciano,9896.0,22.3106,242.5222312045271,1.0757218541859026
042029,2024,11,Monte Roberto,3052.0,13.5694,360.41939711664486,0.8106474862558404
042030,2024,13,Monte San Vito,6744.0,21.8135,192.76393831553975,0.5959612166777454
042031,2024,5,Morro d'Alba,1813.0,19.4605,275.78599007170436,0.2569307057886488
042032,2024,25,Numana,3741.0,10.9349,668.2705159048382,2.286257761845101
042033,2024,2,Offagna,2051.0,10.6305,97.51340809361287,0.1881379050844269
042034,2024,83,Osimo,34826.0,106.7377,238.32768621145124,0.7776071622304022
042035,2024,13,Ostra,6464.0,47.2517,201.1138613861386,0.2751223765494152
042036,2024,10,Ostra Vetere,3125.0,30.0164,320.0,0.33315121067149955
042037,2024,2,Poggio San Marcello,648.0,13.3629,308.641975308642,0.14966811096393748
042038,2024,7,Polverigi,4584.0,24.9832,152.70506108202443,0.28018828652854716
042040,2024,3,Rosora,1890.0,9.4061,158.73015873015873,0.31894196319409746
042041,2024,2,San Marcello,1983.0,25.7778,100.85728693898135,0.07758614001194827
042042,2024,1,San Paolo di Jesi,920.0,10.1118,108.69565217391305,0.09889436104353329
042043,2024,1,Santa Maria Nuova,4048.0,18.2869,24.70355731225296,0.05468395408735215
042044,2024,8,Sassoferrato,6876.0,137.2273,116.34671320535195,0.05829743790047606
042045,2024,214,Senigallia,44323.0,117.7689,482.81930374749004,1.8171181016380384
042046,2024,13,Serra de' Conti,3650.0,24.543,356.16438356164383,0.5296825978894186
042047,2024,5,Serra San Quirico,2596.0,49.333,192.6040061633282,0.10135203616240651
042048,2024,9,Sirolo,4069.0,16.6769,221.18456623248954,0.5396686434529199
042049,2024,7,Staffolo,2112.0,27.4964,331.43939393939394,0.25457878122226907
042050,2024,10,Trecastelli,7467.0,39.3019,133.92259274139548,0.2544406250079512
043002,2024,2,Apiro,2073.0,53.7792,96.4785335262904,0.03718909913126264
043003,2024,4,Appignano,4065.0,22.6722,98.40098400984009,0.17642751916443927
043007,2024,25,Camerino,6312.0,129.8821,396.0709759188847,0.19248225891019624
043009,2024,16,Castelraimondo,4364.0,44.8463,366.63611365719527,0.35677413744277675
043010,2024,1,Castelsantangelo sul Nera,241.0,70.6713,414.9377593360996,0.014150015635767278
043011,2024,2,Cessapalombo,443.0,27.5803,451.4672686230248,0.0725155273873018
043012,2024,14,Cingoli,9797.0,148.1969,142.90088802694703,0.09446891264257215
043013,2024,207,Civitanova Marche,41894.0,46.0658,494.10416766124024,4.493572237972639
043014,2024,2,Colmurano,1190.0,11.1987,168.0672268907563,0.1785921580183414
043015,2024,43,Corridonia,14941.0,61.9643,287.7986747874975,0.6939479668131489
043017,2024,5,Fiastra,642.0,84.4799,778.816199376947,0.05918567611940828
043019,2024,2,Fiuminata,1288.0,76.2168,155.27950310559004,0.02624093375738682
043020,2024,3,Gagliole,538.0,24.0501,557.6208178438661,0.12473960607232402
043021,2024,1,Gualdo,736.0,22.2234,135.8695652173913,0.0449976151263983
043023,2024,154,Macerata,41079.0,92.5263,374.88741205968984,1.6643916378370256
043024,2024,18,Matelica,9364.0,81.1,192.22554463904314,0.22194821208384713
043025,2024,8,Mogliano,4407.0,29.2582,181.52938506920808,0.2734276202910637
043026,2024,15,Montecassiano,6961.0,33.3569,215.486280706795,0.4496820747731354
043028,2024,17,Montecosaro,7384.0,21.8779,230.2275189599133,0.7770398438606996
043029,2024,4,Montefano,3315.0,33.9412,120.6636500754148,0.11785087150719478
043030,2024,11,Montelupone,3436.0,32.6715,320.13969732246795,0.3366848782578088
043031,2024,13,Monte San Giusto,7543.0,20.0369,172.34522073445578,0.648802958541491
043032,2024,2,Monte San Martino,697.0,18.4669,286.94404591104734,0.1083018806621577
043033,2024,34,Morrovalle,9979.0,42.5803,340.7155025553663,0.7984913211038908
043034,2024,8,Muccia,849.0,25.9085,942.2850412249704,0.30877897215199646
043036,2024,4,Petriolo,1868.0,15.6459,214.13276231263384,0.2556580318166421
043038,2024,4,Pieve Torina,1284.0,74.7979,311.52647975077883,0.05347743720077703
043039,2024,2,Pioraco,1001.0,19.4522,199.8001998001998,0.1028161339077328
043041,2024,14,Pollenza,6350.0,39.5473,220.4724409448819,0.35400646820389764
043042,2024,47,Porto Recanati,12163.0,17.2489,386.41782454986435,2.7248114372510712
043043,2024,52,Potenza Picena,15652.0,48.5522,332.22591362126246,1.0710122301358127
043044,2024,61,Recanati,20865.0,103.4588,292.3556194584232,0.5896066840133464
043045,2024,2,Ripe San Ginesio,819.0,10.1694,244.2002442002442,0.19666843668259681
043046,2024,11,San Ginesio,3149.0,78.0195,349.3172435693871,0.14099039342728423
043047,2024,41,San Severino Marche,12009.0,194.2547,341.41060871013406,0.2110631042646587
043048,2024,1,Sant'Angelo in Pontano,1285.0,27.3837,77.82101167315176,0.03651807462103368
043049,2024,7,Sarnano,3080.0,63.1659,227.27272727272725,0.11081928698870751
043050,2024,1,Sefro,416.0,42.537,240.3846153846154,0.02350894515363096
043051,2024,5,Serrapetrona,910.0,37.6468,549.4505494505495,0.132813413092215
043052,2024,7,Serravalle di Chienti,1031.0,95.9871,678.9524733268671,0.072926466160557
043053,2024,87,Tolentino,18498.0,95.1181,470.32111579630237,0.9146524163119323
043054,2024,31,Treia,9123.0,93.5356,339.80050422010305,0.33142461266084783
043055,2024,9,Urbisaglia,2448.0,22.8633,367.6470588235294,0.3936439621576938
043056,2024,1,Ussita,381.0,55.2948,262.4671916010499,0.018084883207824243
043057,2024,3,Visso,1005.0,100.4148,298.5074626865672,0.029876074044861912
043058,2024,1,Valfornace,919.0,48.6127,108.8139281828074,0.020570756201568726
044001,2024,7,Acquasanta Terme,2575.0,138.3914,271.84466019417476,0.05058117773214232
044002,2024,9,Acquaviva Picena,3668.0,21.0624,245.36532170119958,0.4273017319963537
044005,2024,1,Appignano del Tronto,1708.0,23.1943,58.5480093676815,0.0431140409497161
044006,2024,3,Arquata del Tronto,1040.0,92.1821,288.46153846153845,0.032544279203880144
044007,2024,189,Ascoli Piceno,46554.0,158.0203,405.9801520814538,1.1960488620765815
044010,2024,2,Carassai,985.0,22.2382,203.04568527918784,0.0899353364930615
044011,2024,19,Castel di Lama,8458.0,10.9762,224.63939465594703,1.7310180208086587
044013,2024,4,Castorano,2270.0,14.0833,176.2114537444934,0.2840243408860139
044014,2024,8,Colli del Tronto,3655.0,5.939,218.87824897400822,1.3470281192119886
044015,2024,4,Comunanza,2981.0,54.3954,134.1831600134183,0.07353562985105358
044016,2024,2,Cossignano,872.0,14.9507,229.35779816513764,0.13377300059528985
044017,2024,28,Cupra Marittima,5355.0,17.3366,522.875816993464,1.6150802348788111
044020,2024,11,Folignano,8916.0,14.8568,123.373710183939,0.7404017015777288
044021,2024,3,Force,1175.0,34.3072,255.3191489361702,0.08744520100736872
044023,2024,61,Grottammare,15960.0,17.9947,382.2055137844612,3.389887022289896
044027,2024,7,Maltignano,2305.0,8.1726,303.6876355748373,0.8565205687296578
044029,2024,5,Massignano,1651.0,16.3038,302.8467595396729,0.3066769710128927
044031,2024,20,Monsampolo del Tronto,4486.0,15.4334,445.8314757021846,1.2958907304936047
044032,2024,3,Montalto delle Marche,1964.0,33.94,152.74949083503054,0.0883912787271656
044034,2024,1,Montedinove,479.0,11.9333,208.76826722338203,0.08379911675730939
044036,2024,4,Montefiore dell'Aso,1991.0,28.2074,200.90406830738326,0.1418067599282458
044038,2024,1,Montegallo,463.0,48.4639,215.98272138228944,0.02063391514096059
044045,2024,45,Monteprandone,12820.0,26.3736,351.0140405616225,1.7062517062517062
044054,2024,7,Offida,4770.0,49.6025,146.7505241090147,0.1411219192581019
044063,2024,13,Ripatransone,4061.0,74.2773,320.1181974883034,0.17501982436087474
044064,2024,5,Roccafluvione,1926.0,60.6319,259.6053997923157,0.08246484111499063
044066,2024,261,San Benedetto del Tronto,46976.0,25.4053,555.6028610354223,10.273446879194498
044071,2024,11,Spinetoli,7248.0,12.5824,151.76600441501103,0.8742370295015259
044073,2024,2,Venarotta,1929.0,30.2096,103.68066355624676,0.06620412054446269
045001,2024,27,Aulla,10781.0,59.9874,250.4405899267229,0.4500945198491683
045003,2024,275,Carrara,60833.0,71.2778,452.05727154669347,3.8581437698694403
045005,2024,2,Comano,672.0,53.8314,297.6190476190476,0.037153037075015695
045006,2024,6,Filattiera,2209.0,48.7783,271.6161158895428,0.12300551679742835
045007,2024,7,Fivizzano,7300.0,181.1155,95.89041095890411,0.038649370153299965
045008,2024,4,Fosdinovo,4629.0,48.3949,86.41175199827177,0.08265333743844909
045009,2024,12,Licciana Nardi,4804.0,55.6777,249.7918401332223,0.2155261442193194
045010,2024,405,Massa,66977.0,93.8397,604.6851904385087,4.3158705750338076
045011,2024,38,Montignoso,10050.0,16.7091,378.1094527363184,2.274209861692132
045012,2024,3,Mulazzo,2293.0,62.5051,130.8329699084169,0.0479960835195848
045013,2024,9,Podenzana,2106.0,17.1035,427.35042735042737,0.5262080860642558
045014,2024,31,Pontremoli,6950.0,182.5158,446.04316546762595,0.1698483090231092
045015,2024,5,Tresana,1925.0,44.4507,259.7402597402597,0.11248416785337464
045016,2024,14,Villafranca in Lunigiana,4592.0,29.3197,304.8780487804878,0.4774946537652159
045017,2024,1,Zeri,992.0,73.6187,100.80645161290322,0.013583505277870975
046001,2024,53,Altopascio,15619.0,28.5991,339.33030283628915,1.8532051707920878
046002,2024,9,Bagni di Lucca,5629.0,164.7064,159.88630307337007,0.054642685408703
046003,2024,13,Barga,9574.0,66.4641,135.78441612701067,0.19559431332102592
046004,2024,24,Borgo a Mozzano,6719.0,72.2028,357.19601131120703,0.33239708155362396
046005,2024,205,Camaiore,31761.0,85.4275,645.4456723654797,2.399695648356794
046006,2024,5,Camporgiano,2062.0,27.0912,242.48302618816686,0.18456177651783603
046007,2024,153,Capannori,46389.0,156.1777,329.8195692944448,0.9796533051773717
046008,2024,1,Careggine,522.0,24.081,191.57088122605364,0.04152651467962294
046009,2024,12,Castelnuovo di Garfagnana,5685.0,28.4824,211.08179419525067,0.4213128107181979
046010,2024,1,Castiglione di Garfagnana,1700.0,48.5253,58.8235294117647,0.020607806649314893
046011,2024,8,Coreglia Antelminelli,5161.0,52.9404,155.00871924045725,0.15111332743991357
046013,2024,101,Forte dei Marmi,7217.0,9.1872,1399.4734654288486,10.99355625217694
046015,2024,11,Gallicano,3580.0,31.0403,307.2625698324022,0.3543780182536896
046017,2024,402,Lucca,89378.0,185.7334,449.7751124437781,2.164392618667402
046018,2024,95,Massarosa,21951.0,68.2379,432.7821055988338,1.3921882121225888
046019,2024,1,Minucciano,1853.0,57.2823,53.96654074473826,0.01745739958067326
046021,2024,1,Montecarlo,4353.0,15.63,22.97266253158741,0.06397952655150352
046022,2024,3,Pescaglia,3342.0,70.5479,89.76660682226212,0.042524299093240195
046023,2024,2,Piazza al Serchio,2178.0,27.0295,91.82736455463728,0.07399322961948981
046024,2024,139,Pietrasanta,23121.0,42.1153,601.18506984992,3.3004632520722876
046025,2024,3,Pieve Fosciana,2318.0,28.7546,129.42191544434857,0.10433113310565961
046026,2024,20,Porcari,8830.0,17.8894,226.50056625141565,1.1179804800608182
046027,2024,3,San Romano in Garfagnana,1368.0,26.1567,219.29824561403507,0.11469336728257004
046028,2024,46,Seravezza,12556.0,39.4678,366.35871296591273,1.1655070715874714
046030,2024,5,Stazzema,2898.0,80.1265,172.5327812284334,0.06240132790025772
046031,2024,1,Vagli Sotto,865.0,41.2192,115.60693641618498,0.024260538778045182
046033,2024,402,Viareggio,61251.0,32.5275,656.3158152519959,12.358773345630619
046034,2024,1,Villa Basilica,1494.0,36.5731,66.93440428380187,0.027342500362288132
047002,2024,53,Agliana,18112.0,11.6792,292.62367491166077,4.537982053565313
047003,2024,20,Buggiano,8768.0,16.0642,228.10218978102188,1.2450044197656902
047005,2024,17,Lamporecchio,7372.0,22.2518,230.60227889310906,0.7639831384427327
047006,2024,14,Larciano,6279.0,24.9667,222.9654403567447,0.5607469148906343
047007,2024,2,Marliana,3130.0,43.0435,63.89776357827476,0.04646462299766515
047008,2024,20,Massa e Cozzile,7707.0,16.0119,259.5043466978072,1.2490710034411905
047009,2024,45,Monsummano Terme,20899.0,32.6232,215.32130723958082,1.379386448907526
047010,2024,27,Montale,10757.0,32.1174,250.99934926094636,0.8406658073193969
047011,2024,69,Montecatini-Terme,20452.0,17.6864,337.3753178173284,3.9013026958567036
047012,2024,52,Pescia,19250.0,79.1246,270.12987012987014,0.6571913159750571
047013,2024,33,Pieve a Nievole,9167.0,12.6668,359.98690956692485,2.605235734360691
047014,2024,386,Pistoia,89729.0,236.3969,430.184221377704,1.6328471312441069
047016,2024,21,Ponte Buggianese,8792.0,29.5227,238.85350318471336,0.7113170543344612
047017,2024,54,Quarrata,26924.0,45.9127,200.5645520725004,1.1761451624496053
047018,2024,6,Sambuca Pistoiese,1444.0,77.2396,415.5124653739612,0.07768036085116961
047020,2024,48,Serravalle Pistoiese,11664.0,42.0349,411.522633744856,1.1419082714601438
047021,2024,10,Uzzano,5612.0,7.8501,178.1895937277263,1.2738691226863352
047022,2024,34,Chiesina Uzzanese,4505.0,7.251,754.7169811320755,4.68900841263274
047023,2024,2,Abetone Cutigliano,1973.0,74.9918,101.36847440446022,0.026669582541024486
047024,2024,18,San Marcello Piteglio,7709.0,134.7274,233.49331949669218,0.13360311265562907
048001,2024,163,Bagno a Ripoli,25323.0,74.0913,643.6836077873869,2.199988392699278
048002,2024,75,Barberino di Mugello,10870.0,133.3254,689.9724011039558,0.5625334707415091
048004,2024,61,Borgo San Lorenzo,18207.0,146.3627,335.0359751743835,0.4167728526462002
048005,2024,127,Calenzano,18420.0,76.9699,689.4679695982627,1.649995647649276
048006,2024,219,Campi Bisenzio,47871.0,28.7516,457.4794760919972,7.616967403553193
048008,2024,16,Capraia e Limite,7856.0,24.9167,203.66598778004072,0.6421396091777803
048010,2024,44,Castelfiorentino,17437.0,66.3437,252.33698457303436,0.6632129350639172
048011,2024,27,Cerreto Guidi,10932.0,49.305,246.9813391877058,0.5476118040766657
048012,2024,35,Certaldo,15632.0,75.2749,223.899692937564,0.4649624243937886
048013,2024,13,Dicomano,5439.0,61.6319,239.01452472881041,0.21092972957186132
048014,2024,203,Empoli,48674.0,62.4217,417.0604429469532,3.2520741985559507
048015,2024,50,Fiesole,13845.0,42.1928,361.14120621162874,1.1850363095125236
048017,2024,2291,Firenze,368419.0,102.3156,621.8463217152209,22.391502371094926
048018,2024,37,Firenzuola,4499.0,271.9594,822.4049788841965,0.13604971918602554
048019,2024,82,Fucecchio,22990.0,65.1757,356.67681600695954,1.2581376187750954
048020,2024,10,Gambassi Terme,4792.0,83.2314,208.6811352253756,0.12014696376607868
048021,2024,31,Greve in Chianti,13426.0,169.3743,230.89527781915683,0.1830265866781442
048022,2024,75,Impruneta,14497.0,48.7144,517.3484169138443,1.5395858308836814
048024,2024,102,Lastra a Signa,19814.0,42.8991,514.7875239729484,2.3776722588585777
048026,2024,3,Marradi,2954.0,154.0525,101.5572105619499,0.019473880657568037
048027,2024,6,Montaione,3505.0,104.7585,171.18402282453638,0.057274588696859925
048028,2024,31,Montelupo Fiorentino,14269.0,24.6575,217.25418739925715,1.2572239683666229
048030,2024,32,Montespertoli,13242.0,124.8777,241.65533907264765,0.2562507157002411
048032,2024,33,Pelago,7713.0,54.5602,427.84908595877096,0.6048364925348514
048033,2024,47,Pontassieve,20477.0,114.3984,229.52580944474286,0.41084490692177517
048035,2024,38,Reggello,16534.0,121.6458,229.82944236119513,0.3123823428346889
048036,2024,23,Rignano sull'Arno,8615.0,54.1439,266.9762042948346,0.4247939287712928
048037,2024,25,Rufina,7165.0,45.8797,348.91835310537334,0.5449033014601229
048038,2024,50,San Casciano in Val di Pesa,16690.0,107.8317,299.58058717795086,0.4636855395954993
048039,2024,10,San Godenzo,1067.0,99.1989,937.207122774133,0.10080756943877403
048041,2024,261,Scandicci,50460.0,59.6923,517.2413793103448,4.372423243868974
048043,2024,258,Sesto Fiorentino,49315.0,48.811,523.1673932880462,5.28569379852902
048044,2024,69,Signa,19211.0,18.8084,359.1692259642913,3.6685736160438953
048046,2024,17,Vaglia,5187.0,56.9411,327.7424330055909,0.2985541199590454
048049,2024,27,Vicchio,8056.0,138.861,335.15392254220455,0.1944390433599067
048050,2024,50,Vinci,14744.0,54.1848,339.12099837221916,0.9227680087404585
048052,2024,93,Figline e Incisa Valdarno,23316.0,97.9012,398.8677303139475,0.9499372837105163
048053,2024,52,Scarperia e San Piero,12071.0,115.8099,430.78452489437495,0.44901169934522006
048054,2024,45,Barberino Tavarnelle,11953.0,122.9905,376.4745252237932,0.36588191770909134
049001,2024,21,Bibbona,3185.0,65.6114,659.3406593406594,0.32006632993656586
049002,2024,32,Campiglia Marittima,12585.0,83.276,254.27095748907428,0.3842643738892358
049003,2024,18,Campo nell'Elba,4710.0,55.7876,382.1656050955414,0.32265234568255313
049004,2024,11,Capoliveri,3857.0,39.5606,285.1957479906663,0.27805442789037577
049006,2024,51,Castagneto Carducci,8792.0,142.3149,580.0727934485897,0.358360227917105
049007,2024,136,Cecina,27982.0,42.4945,486.0267314702308,3.2004141712456904
049008,2024,57,Collesalvetti,16381.0,107.9895,347.9641047555094,0.5278290944952981
049009,2024,997,Livorno,155370.0,104.7138,641.6940207247217,9.521190139217563
049010,2024,7,Marciana,2050.0,45.4509,341.4634146341463,0.15401235179061362
049011,2024,2,Marciana Marina,1894.0,5.859,105.59662090813093,0.3413551800648575
049012,2024,125,Piombino,32648.0,130.3251,382.87184513599607,0.9591398740534249
049013,2024,16,Porto Azzurro,3704.0,13.3301,431.9654427645789,1.2002910705846168
049014,2024,47,Portoferraio,11914.0,48.0293,394.49387275474237,0.9785693316371465
049017,2024,120,Rosignano Marittimo,30138.0,120.6514,398.1684252438782,0.9946009743774212
049018,2024,23,San Vincenzo,6573.0,33.1539,349.9163243572189,0.6937343721251497
049020,2024,5,Suvereto,2985.0,92.3809,167.50418760469012,0.05412374202892589
049021,2024,6,Rio,3348.0,36.5182,179.21146953405017,0.16430163589662142
050001,2024,45,Bientina,8544.0,29.4899,526.685393258427,1.525946171401056
050002,2024,6,Buti,5538.0,23.0257,108.34236186348862,0.26057839718227893
050003,2024,11,Calci,6372.0,25.1051,172.6302573760201,0.43815798383595367
050004,2024,65,Calcinaia,12700.0,14.8907,511.81102362204723,4.365140658263211
050005,2024,14,Capannoli,6363.0,22.725,220.02200220022002,0.616061606160616
050006,2024,1,Casale Marittimo,1053.0,14.3589,94.9667616334283,0.06964321779523501
050008,2024,188,Cascina,45005.0,78.6061,417.7313631818687,2.3916718931482417
050009,2024,24,Castelfranco di Sotto,13419.0,48.2483,178.8508830762352,0.49742685234505674
050010,2024,2,Castellina Marittima,1877.0,45.5735,106.55301012253595,0.04388515255576157
050011,2024,2,Castelnuovo di Val di Cecina,2121.0,89.0162,94.2951438000943,0.022467820464140236
050012,2024,3,Chianni,1318.0,61.9916,227.6176024279211,0.04839365333367747
050014,2024,9,Fauglia,3647.0,42.4313,246.77817384151356,0.2121075715332785
050015,2024,2,Guardistallo,1168.0,23.6101,171.23287671232876,0.0847095099131304
050016,2024,5,Lajatico,1272.0,72.6651,393.0817610062893,0.06880882294251299
050019,2024,8,Montecatini Val di Cecina,1683.0,154.9495,475.34165181224006,0.051629724523151094
050020,2024,10,Montescudaio,2134.0,20.1518,468.6035613870665,0.4962335870741075
050021,2024,1,Monteverdi Marittimo,747.0,98.0741,133.86880856760374,0.010196371926940955
050022,2024,38,Montopoli in Val d'Arno,11060.0,30.1734,343.5804701627486,1.2593874074515965
050024,2024,11,Palaia,4519.0,73.644,243.41668510732464,0.14936722611482264
050025,2024,9,Peccioli,4649.0,92.5368,193.59001935900193,0.09725860414451332
050026,2024,566,Pisa,89969.0,185.069,629.1055808111682,3.0583187892083497
050027,2024,7,Pomarance,5473.0,227.8437,127.90060295998539,0.03072281568461186
050028,2024,56,Ponsacco,15466.0,19.8828,362.0845726108884,2.8165047176454023
050029,2024,159,Pontedera,29270.0,46.0346,543.2183122651178,3.453923787759642
050030,2024,2,Riparbella,1554.0,58.9604,128.7001287001287,0.033921072448626535
050031,2024,112,San Giuliano Terme,30915.0,91.94,362.28368106097366,1.2181857733304329
050032,2024,88,San Miniato,27785.0,102.5828,316.71765341011337,0.8578436151089656
050033,2024,36,Santa Croce sull'Arno,14549.0,16.7885,247.43968657639698,2.1443249843642973
050034,2024,3,Santa Luce,1607.0,66.6216,186.6832607342875,0.045030440577830615
050035,2024,30,Santa Maria a Monte,13307.0,38.0351,225.44525437739534,0.788745132785243
050036,2024,13,Terricciola,4439.0,43.283,292.8587519711647,0.30034886676062195
050037,2024,67,Vecchiano,11933.0,67.5491,561.4681974356826,0.9918710982085625
050038,2024,38,Vicopisano,8541.0,26.8681,444.912773679897,1.4143166059378967
050039,2024,27,Volterra,9830.0,252.6378,274.66937945066127,0.10687236826793141
050040,2024,39,Casciana Terme Lari,12134.0,81.3978,321.4109114883797,0.47912842853246645
050041,2024,9,Crespina Lorenzana,5393.0,46.4332,166.8829964769145,0.1938268308020985
051001,2024,16,Anghiari,5428.0,130.9192,294.76787030213706,0.12221278467940533
051002,2024,358,Arezzo,97373.0,384.7537,367.6583857948302,0.9304653860378731
051003,2024,1,Badia Tedalda,996.0,118.7171,100.4016064257028,0.008423386352934834
051004,2024,28,Bibbiena,11846.0,86.5122,236.3667060611177,0.32365377368741055
051005,2024,13,Bucine,9947.0,131.6157,130.6926711571328,0.09877241089019015
051006,2024,4,Capolona,5211.0,47.5561,76.76069852235655,0.08411118657753684
051007,2024,4,Caprese Michelangelo,1361.0,66.5302,293.9015429831006,0.060123071928237105
051008,2024,6,Castel Focognano,2987.0,56.6283,200.87043856712418,0.1059540900927628
051010,2024,4,Castel San Niccolò,2544.0,83.2702,157.23270440251574,0.04803639237086016
051011,2024,2,Castiglion Fibocchi,2086.0,25.4628,95.87727708533077,0.07854595723958087
051012,2024,24,Castiglion Fiorentino,13012.0,111.4256,184.44512757454658,0.21539035912752544
051013,2024,8,Cavriglia,9447.0,60.8681,84.68296813803323,0.13143173517819678
051014,2024,1,Chitignano,880.0,14.8936,113.63636363636363,0.06714293387763873
051015,2024,4,Chiusi della Verna,1894.0,102.3216,211.19324181626186,0.03909243014182733
051016,2024,36,Civitella in Val di Chiana,8808.0,100.326,408.7193460490463,0.35883021350397704
051017,2024,78,Cortona,21413.0,342.7316,364.2646990146173,0.22758333343059114
051018,2024,28,Foiano della Chiana,9224.0,40.7826,303.5559410234172,0.6865673105687229
051020,2024,2,Loro Ciuffenna,5837.0,86.5219,34.26417680315231,0.023115534910814486
051021,2024,10,Lucignano,3458.0,44.9309,289.1844997108155,0.2225639815806049
051022,2024,7,Marciano della Chiana,3433.0,23.6944,203.90329158170698,0.29542845566885
051023,2024,1,Montemignaio,521.0,25.943,191.93857965451056,0.038546043248660525
051024,2024,5,Monterchi,1718.0,29.4156,291.03608847497094,0.1699778348903303
051025,2024,19,Monte San Savino,8626.0,89.8062,220.26431718061676,0.2115666847055103
051026,2024,61,Montevarchi,24161.0,56.6641,252.47299366748067,1.0765193482293023
051027,2024,1,Ortignano Raggiolo,845.0,36.3016,118.34319526627219,0.027546995173766447
051030,2024,10,Pieve Santo Stefano,3015.0,156.0867,331.6749585406302,0.06406695765878835
051031,2024,16,Poppi,5957.0,97.0817,268.59157293939904,0.164809639715827
051033,2024,44,San Giovanni Valdarno,16637.0,21.4497,264.47075794914946,2.0513107409427636
051034,2024,41,Sansepolcro,15444.0,91.1928,265.4752654752655,0.44959689800071934
051037,2024,9,Subbiano,6297.0,77.8418,142.92520247737016,0.11561911466589929
051039,2024,30,Terranuova Bracciolini,12105.0,85.8786,247.83147459727385,0.34933033375020084
051040,2024,6,Castelfranco Piandiscò,9812.0,55.991,61.149612719119446,0.10716007929845868
051041,2024,11,Pratovecchio Stia,5469.0,138.2261,201.1336624611446,0.07957976098580515
051042,2024,24,Laterina Pergine Valdarno,6502.0,70.5358,369.1171947093202,0.34025275108526454
052001,2024,3,Abbadia San Salvatore,6121.0,58.9933,49.0115994118608,0.05085323248572296
052002,2024,11,Asciano,6933.0,215.6315,158.66147410933218,0.05101295497179216
052003,2024,5,Buonconvento,3058.0,64.8436,163.50555918901242,0.07710861210666897
052004,2024,6,Casole d'Elsa,3720.0,148.7041,161.29032258064515,0.04034858487425699
052005,2024,10,Castellina in Chianti,2733.0,99.799,365.89828027808267,0.10020140482369562
052006,2024,20,Castelnuovo Berardenga,8960.0,177.1077,223.2142857142857,0.1129256379028128
052007,2024,2,Castiglione d'Orcia,2157.0,141.5389,92.72137227630968,0.014130391009114807
052008,2024,3,Cetona,2516.0,53.5433,119.23688394276628,0.056029419180364304
052009,2024,15,Chianciano Terme,6813.0,36.5614,220.16732716864817,0.41026875338471724
052010,2024,4,Chiusdino,1801.0,141.5667,222.09883398112163,0.02825523233924362
052011,2024,24,Chiusi,8124.0,58.0687,295.4209748892172,0.4133035525162437
052012,2024,85,Colle di Val d'Elsa,21752.0,92.0349,390.7686649503494,0.9235626919788038
052013,2024,3,Gaiole in Chianti,2638.0,128.8832,113.72251705837756,0.023276889462707322
052015,2024,47,Montepulciano,13484.0,165.5399,348.5612577870068,0.28391946594144374
052016,2024,28,Monteriggioni,10011.0,99.7309,279.6923384277295,0.2807555130857136
052017,2024,9,Monteroni d'Arbia,9040.0,105.8556,99.5575221238938,0.08502148209447588
052018,2024,1,Monticiano,1535.0,109.5005,65.14657980456026,0.00913237839096625
052019,2024,3,Murlo,2417.0,114.6246,124.12081092263136,0.026172392313691825
052020,2024,3,Piancastagnaio,4016.0,69.6264,74.7011952191235,0.043087104891248146
052021,2024,7,Pienza,2022.0,122.8667,346.19188921859546,0.0569723122701269
052022,2024,97,Poggibonsi,28781.0,70.6019,337.02790035092596,1.3739007023890293
052023,2024,3,Radda in Chianti,1505.0,80.4148,199.33554817275746,0.03730656545809975
052025,2024,1,Radicondoli,919.0,132.5264,108.8139281828074,0.007545666372888723
052026,2024,6,Rapolano Terme,5174.0,83.0208,115.96443757247778,0.07227104532839963
052027,2024,2,San Casciano dei Bagni,1546.0,92.1425,129.366106080207,0.021705510486474754
052028,2024,27,San Gimignano,7574.0,138.5687,356.48270398732507,0.19484919754605476
052030,2024,6,San Quirico d'Orcia,2636.0,42.2351,227.6176024279211,0.142061934267943
052031,2024,8,Sarteano,4528.0,84.8432,176.67844522968198,0.09429158730458069
052032,2024,241,Siena,54123.0,118.5306,445.2820427544667,2.0332302375926554
052033,2024,30,Sinalunga,12195.0,78.6758,246.00246002460025,0.3813116612732251
052034,2024,25,Sovicille,9944.0,143.5768,251.40788415124698,0.17412283878732498
052035,2024,13,Torrita di Siena,7078.0,58.339,183.66770274088725,0.22283549598039049
052036,2024,2,Trequanda,1203.0,63.9492,166.25103906899417,0.03127482439186104
052037,2024,9,Montalcino,5673.0,310.3936,158.64621893178213,0.028995443205014536
053001,2024,13,Arcidosso,4302.0,93.2541,302.185030218503,0.13940405837384096
053002,2024,3,Campagnatico,2378.0,162.2885,126.1564339781329,0.018485598178552394
053003,2024,13,Capalbio,3914.0,187.3488,332.1410321921308,0.0693892888558667
053004,2024,8,Castel del Piano,4813.0,67.7697,166.216496987326,0.11804685574821785
053005,2024,1,Castell'Azzara,1350.0,64.2308,74.07407407407408,0.015568854817315058
053006,2024,34,Castiglione della Pescaia,7134.0,209.1009,476.5909728062798,0.16260092615574587
053007,2024,8,Cinigiano,2414.0,161.5518,331.4001657000828,0.04951972060973633
053008,2024,12,Civitella Paganico,3020.0,192.9001,397.35099337748346,0.06220836588472479
053009,2024,78,Follonica,20648.0,56.0491,377.76055792328555,1.3916369754376072
053010,2024,16,Gavorrano,8264.0,164.0818,193.6108422071636,0.09751233835806287
053011,2024,414,Grosseto,81643.0,473.5252,507.0857268841175,0.8742934906104258
053012,2024,3,Isola del Giglio,1345.0,24.0114,223.04832713754647,0.12494065318973488
053013,2024,10,Magliano in Toscana,3373.0,250.8568,296.471983397569,0.03986338022329871
053014,2024,14,Manciano,7105.0,372.4982,197.04433497536945,0.0375840742317681
053015,2024,13,Massa Marittima,8169.0,283.4428,159.138205410699,0.04586463300531889
053016,2024,32,Monte Argentario,12064.0,60.4003,265.2519893899204,0.5297986930528491
053017,2024,2,Montieri,1148.0,108.2049,174.21602787456445,0.01848345130396128
053018,2024,59,Orbetello,14450.0,226.8069,408.3044982698962,0.26013317936976343
053019,2024,7,Pitigliano,3641.0,101.9591,192.25487503433123,0.06865498028130887
053020,2024,2,Roccalbegna,947.0,124.8586,211.19324181626186,0.01601811969700125
053021,2024,11,Roccastrada,8756.0,284.4636,125.62814070351759,0.0386692708662901
053022,2024,7,Santa Fiora,2490.0,63.4512,281.12449799196787,0.11032100259727161
053023,2024,11,Scansano,4268.0,273.56,257.7319587628866,0.04021055709899108
053024,2024,24,Scarlino,3829.0,88.2265,626.7955079655263,0.2720271120354995
053026,2024,3,Sorano,3118.0,174.5585,96.21552277100706,0.01718621550941375
053027,2024,3,Monterotondo Marittimo,1269.0,102.6929,236.4066193853428,0.029213314649795655
053028,2024,3,Semproniano,988.0,81.6534,303.6437246963563,0.036740662360661036
054001,2024,56,Assisi,28004.0,187.1913,199.9714326524782,0.2991592023774609
054002,2024,51,Bastia Umbra,21379.0,27.6014,238.5518499462089,1.8477323614019578
054003,2024,8,Bettona,4297.0,45.0747,186.17640214102863,0.1774831557392506
054004,2024,7,Bevagna,4833.0,56.2226,144.83757500517277,0.12450509225827336
054005,2024,5,Campello sul Clitunno,2361.0,49.7616,211.77467174925877,0.10047908427381756
054006,2024,9,Cannara,4256.0,32.8087,211.46616541353382,0.27431748286277724
054007,2024,9,Cascia,2977.0,180.8336,302.3177695666779,0.049769511860627676
054008,2024,5,Castel Ritaldi,3072.0,22.4414,162.76041666666669,0.22280249895282825
054009,2024,36,Castiglione del Lago,15160.0,205.2661,237.46701846965698,0.17538210157449283
054010,2024,7,Cerreto di Spoleto,1014.0,74.7826,690.335305719921,0.09360466204705373
054011,2024,4,Citerna,3419.0,23.5288,116.99327288680901,0.17000442011492298
054012,2024,20,Città della Pieve,7571.0,110.9444,264.1658961828028,0.18027047782492853
054013,2024,101,Città di Castello,38657.0,387.317,261.27221460537544,0.2607683112282704
054014,2024,12,Collazzone,3400.0,55.5632,352.94117647058823,0.2159702824891295
054015,2024,68,Corciano,21391.0,63.723,317.8907016969754,1.0671186227892597
054016,2024,1,Costacciaro,1119.0,41.0597,89.36550491510278,0.02435478096527739
054017,2024,21,Deruta,9478.0,44.56,221.56573116691285,0.4712746858168761
054018,2024,216,Foligno,55831.0,264.656,386.8818398380828,0.8161537996493561
054019,2024,5,Fossato di Vico,2650.0,35.391,188.67924528301887,0.14127885620638017
054020,2024,7,Fratta Todina,1823.0,17.4281,383.98244651673065,0.4016502085712154
054021,2024,5,Giano dell'Umbria,3756.0,44.4751,133.1203407880724,0.11242245661055288
054022,2024,11,Gualdo Cattaneo,5759.0,96.6236,191.00538287897206,0.11384382283417302
054023,2024,28,Gualdo Tadino,14408.0,124.2833,194.3364797334814,0.22529173267848537
054024,2024,69,Gubbio,30923.0,525.7677,223.134883420108,0.1312366659267962
054025,2024,1,Lisciano Niccone,590.0,35.1821,169.4915254237288,0.028423544927676292
054026,2024,35,Magione,14612.0,129.7327,239.52915411990142,0.2697854897030587
054027,2024,29,Marsciano,18201.0,161.5281,159.33190484039338,0.17953532543254083
054028,2024,7,Massa Martana,3642.0,78.4082,192.20208676551346,0.08927637670549765
054029,2024,1,Monte Castello di Vibio,1455.0,31.9491,68.72852233676977,0.0312997862224601
054030,2024,14,Montefalco,5461.0,69.5123,256.36330342428124,0.2014032049004277
054031,2024,2,Monteleone di Spoleto,574.0,62.165,348.4320557491289,0.032172444301455806
054032,2024,1,Monte Santa Maria Tiberina,1120.0,72.5288,89.28571428571428,0.013787626432534386
054033,2024,4,Montone,1603.0,51.0941,249.53212726138491,0.07828692549629018
054034,2024,10,Nocera Umbra,5601.0,157.1641,178.53954650955188,0.06362776231976641
054035,2024,13,Norcia,4617.0,275.57,281.56811782542775,0.04717494647457996
054036,2024,1,Paciano,950.0,16.9058,105.26315789473684,0.05915129718794734
054037,2024,4,Panicale,5421.0,79.2582,73.78712414683638,0.0504679641980262
054038,2024,23,Passignano sul Trasimeno,5651.0,81.3321,407.0076092726951,0.2827911734727125
054039,2024,502,Perugia,164721.0,449.6117,304.75774187869183,1.1165189873840027
054040,2024,6,Piegaro,3419.0,99.0764,175.48990933021352,0.060559325934329465
054041,2024,1,Pietralunga,1995.0,140.4153,50.12531328320802,0.007121731036432639
054043,2024,2,Preci,700.0,82.0201,285.7142857142857,0.024384266783386024
054044,2024,23,San Giustino,10975.0,79.9788,209.56719817767652,0.28757620769503917
054045,2024,1,Sant'Anatolia di Narco,526.0,46.5485,190.11406844106463,0.021482969376027155
054046,2024,2,Scheggia e Pascelupo,1315.0,64.1501,152.0912547528517,0.031176880472516804
054049,2024,4,Sigillo,2319.0,26.4743,172.488141440276,0.15108992494607978
054050,2024,22,Spello,8371.0,61.6445,262.8120893561104,0.356885042461209
054051,2024,142,Spoleto,36914.0,348.1366,384.677899983746,0.4078858700866269
054052,2024,39,Todi,15877.0,222.8556,245.63834477546138,0.17500121154684917
054053,2024,17,Torgiano,6644.0,37.6662,255.86995785671286,0.451333025364916
054054,2024,20,Trevi,8130.0,71.1853,246.00246002460025,0.2809568829519578
054055,2024,15,Tuoro sul Trasimeno,3738.0,55.8849,401.28410914927764,0.26840881884015183
054056,2024,29,Umbertide,16367.0,200.8295,177.1858006965235,0.1444010964524634
054057,2024,11,Valfabbrica,3253.0,92.3024,338.1494005533354,0.11917349928062541
054058,2024,1,Vallo di Nera,350.0,36.2211,285.7142857142857,0.02760821730980009
055001,2024,9,Acquasparta,4456.0,81.6058,201.97486535008974,0.11028627867136895
055002,2024,3,Allerona,1686.0,82.6127,177.9359430604982,0.03631402919890041
055003,2024,3,Alviano,1403.0,23.8952,213.82751247327158,0.12554822725903111
055004,2024,22,Amelia,11682.0,132.4964,188.32391713747646,0.1660422471855839
055006,2024,3,Attigliano,1950.0,10.512,153.84615384615384,0.2853881278538813
055007,2024,18,Baschi,2657.0,68.5686,677.4557771923222,0.26251082857167857
055008,2024,1,Calvi dell'Umbria,1693.0,46.0063,59.06674542232723,0.021736153526799588
055009,2024,8,Castel Giorgio,2037.0,42.1444,392.73441335297,0.18982355900190773
055010,2024,3,Castel Viscardo,2758.0,26.2156,108.77447425670776,0.114435679519065
055011,2024,8,Fabro,2648.0,34.5504,302.11480362537765,0.23154579975919234
055012,2024,2,Ferentillo,1820.0,69.5861,109.89010989010988,0.028741372199332912
055013,2024,7,Ficulle,1583.0,64.6187,442.1983575489577,0.10832777508677828
055014,2024,3,Giove,1857.0,15.0882,161.55088852988692,0.19883087445818587
055016,2024,2,Lugnano in Teverina,1429.0,29.8297,139.95801259622112,0.06704727167889721
055017,2024,10,Montecastrilli,4821.0,62.4282,207.42584526031942,0.16018401940148844
055018,2024,1,Montecchio,1592.0,49.2172,62.814070351758794,0.020318100176361112
055019,2024,1,Montefranco,1256.0,10.0869,79.61783439490446,0.0991384865518643
055020,2024,2,Montegabbione,1118.0,51.0591,178.89087656529517,0.039170294815223924
055021,2024,1,Monteleone d'Orvieto,1376.0,24.0978,72.67441860465117,0.04149756409298774
055022,2024,69,Narni,18405.0,197.9836,374.89812550937245,0.348513715277427
055023,2024,74,Orvieto,19931.0,281.2704,371.2809191711404,0.2630920281693346
055024,2024,1,Otricoli,1735.0,27.4114,57.636887608069166,0.03648117206709617
055028,2024,1,Porano,1913.0,13.604,52.27391531625719,0.07350779182593355
055029,2024,22,San Gemini,4836.0,27.8956,454.9214226633582,0.7886548416237685
055031,2024,1,Stroncone,4685.0,71.1557,21.344717182497334,0.014053687898509888
055032,2024,430,Terni,107982.0,212.4261,398.2145172343539,2.0242333686868044
056001,2024,10,Acquapendente,5346.0,131.6022,187.05574261129817,0.07598657165305747
056003,2024,11,Bagnoregio,3501.0,72.8081,314.1959440159954,0.15108209114095822
056004,2024,1,Barbarano Romano,1004.0,37.5635,99.60159362549801,0.026621587445259363
056005,2024,1,Bassano Romano,4578.0,37.5457,21.8435998252512,0.02663420844464213
056006,2024,1,Bassano in Teverina,1251.0,12.1676,79.93605115907275,0.082185476182649
056007,2024,3,Blera,3035.0,92.9142,98.84678747940693,0.03228785266407073
056008,2024,8,Bolsena,3757.0,63.5714,212.9358530742614,0.12584275318775426
056009,2024,3,Bomarzo,1684.0,39.6448,178.14726840855107,0.07567196706755994
056011,2024,3,Canepina,2945.0,20.8477,101.86757215619694,0.1439007660317445
056012,2024,9,Canino,5122.0,124.0375,175.7126122608356,0.0725587020054419
056013,2024,6,Capodimonte,1647.0,61.2907,364.29872495446267,0.0978941340203326
056014,2024,5,Capranica,6357.0,40.9683,78.65345288658172,0.12204558158380992
056015,2024,8,Caprarola,5265.0,57.5769,151.94681861348528,0.13894461146744613
056017,2024,2,Castel Sant'Elia,2477.0,23.9151,80.74283407347598,0.08362917152761226
056018,2024,6,Castiglione in Teverina,2280.0,19.8891,263.1578947368421,0.30167277554037136
056019,2024,2,Celleno,1304.0,23.8237,153.37423312883436,0.08395001616037812
056020,2024,2,Cellere,1076.0,37.195,185.87360594795538,0.05377066810055115
056021,2024,46,Civita Castellana,15455.0,84.2211,297.6383047557425,0.5461814200954392
056022,2024,6,Civitella d'Agliano,1500.0,32.9552,400.0,0.18206534932271692
056023,2024,4,Corchiano,3574.0,33.0306,111.91941801902631,0.12109982864374247
056024,2024,14,Fabrica di Roma,8094.0,34.7859,172.9676303434643,0.4024619170411
056025,2024,2,Faleria,1984.0,25.6785,100.80645161290322,0.07788616936347528
056027,2024,2,Gallese,2649.0,37.1735,75.50018875047188,0.053801767388058704
056029,2024,3,Graffignano,2151.0,29.1023,139.47001394700138,0.1030846359222467
056030,2024,1,Grotte di Castro,2450.0,33.42,40.816326530612244,0.029922202274087373
056033,2024,2,Lubriano,890.0,16.6891,224.71910112359552,0.11983869711368499
056034,2024,14,Marta,3283.0,33.5404,426.43923240938165,0.4174070672979452
056035,2024,28,Montalto di Castro,8770.0,189.6215,319.27023945267956,0.1476625804563301
056036,2024,27,Montefiascone,13005.0,104.93,207.61245674740485,0.2573144000762413
056037,2024,9,Monte Romano,1914.0,86.14,470.21943573667716,0.10448107731599722
056038,2024,4,Monterosi,4729.0,10.6834,84.5844787481497,0.3744126401707321
056039,2024,40,Nepi,9185.0,83.7096,435.49265106151336,0.47784244578877455
056041,2024,2,Oriolo Romano,3708.0,19.311,53.937432578209275,0.10356791466003833
056042,2024,14,Orte,9081.0,69.5589,154.16804316705208,0.20126827767546643
056043,2024,3,Piansano,1922.0,26.6051,156.08740894901143,0.1127603354244111
056045,2024,20,Ronciglione,8343.0,52.5258,239.72192256981901,0.3807652620236151
056047,2024,2,San Lorenzo Nuovo,1995.0,26.735,100.25062656641605,0.07480830372171311
056048,2024,28,Soriano nel Cimino,7992.0,78.5355,350.35035035035037,0.35652666628467383
056049,2024,8,Sutri,6539.0,60.9413,122.34286588163327,0.13127386517845863
056050,2024,58,Tarquinia,16153.0,279.3305,359.0664272890485,0.20763933763051298
056051,2024,1,Tessennano,296.0,14.7309,337.83783783783787,0.06788451486331452
056052,2024,20,Tuscania,8168.0,208.691,244.8579823702253,0.09583546966567796
056053,2024,2,Valentano,2722.0,43.4947,73.47538574577516,0.04598261397365656
056054,2024,1,Vallerano,2445.0,15.4516,40.899795501022496,0.06471821688368842
056056,2024,1,Vejano,2157.0,44.3071,46.36068613815484,0.022569746158064962
056057,2024,37,Vetralla,13446.0,113.771,275.17477316674103,0.3252146856404532
056058,2024,5,Vignanello,4325.0,20.5289,115.60693641618498,0.24355908012606617
056059,2024,287,Viterbo,66113.0,406.2267,434.1052440518506,0.7065020590719419
056060,2024,3,Vitorchiano,5234.0,30.143,57.31753916698509,0.09952559466542812
057002,2024,4,Amatrice,2320.0,174.3849,172.41379310344828,0.022937765827201785
057003,2024,8,Antrodoco,2371.0,63.9041,337.4103753690426,0.1251875857730568
057006,2024,1,Borbona,589.0,47.9485,169.7792869269949,0.020855709771942812
057007,2024,18,Borgorose,4260.0,145.8039,422.5352112676056,0.12345348786966603
057008,2024,3,Borgo Velino,934.0,18.2929,321.19914346895075,0.16399805388976052
057009,2024,5,Cantalice,2481.0,37.624,201.53164046755342,0.13289389751222622
057010,2024,3,Cantalupo in Sabina,1634.0,10.6212,183.5985312117503,0.2824539600045193
057011,2024,3,Casaprota,699.0,14.5461,429.18454935622316,0.20624084806236725
057012,2024,1,Casperia,1210.0,25.3087,82.64462809917354,0.03951210453322375
057014,2024,1,Castelnuovo di Farfa,994.0,8.8422,100.6036217303823,0.11309402637352695
057015,2024,7,Castel Sant'Angelo,1209.0,31.2697,578.9909015715467,0.22385887936244991
057016,2024,16,Cittaducale,6503.0,71.2532,246.0402890973397,0.22455131839692813
057018,2024,1,Collalto Sabino,395.0,22.3698,253.16455696202533,0.044703126536669975
057019,2024,1,Colle di Tora,359.0,14.3718,278.5515320334262,0.06958070666165686
057021,2024,2,Collevecchio,1507.0,26.9475,132.71400132714,0.07421838760552926
057022,2024,4,Colli sul Velino,465.0,12.7551,860.2150537634409,0.313600050176008
057024,2024,1,Configni,583.0,22.9256,171.52658662092625,0.043619360016749834
057025,2024,5,Contigliano,3772.0,53.5447,132.5556733828208,0.09337992368992636
057026,2024,1,Cottanello,531.0,36.6915,188.32391713747646,0.02725426869983511
057027,2024,22,Fara in Sabina,13738.0,54.9624,160.1397583345465,0.4002736416168144
057028,2024,1,Fiamignano,1215.0,100.618,82.30452674897118,0.009938579578206683
057029,2024,2,Forano,3024.0,17.6853,66.13756613756614,0.11308827104996805
057030,2024,2,Frasso Sabino,727.0,4.3898,275.1031636863824,0.4556016219417741
057031,2024,1,Greccio,1492.0,17.8535,67.02412868632707,0.05601142633097152
057032,2024,1,Labro,375.0,11.7424,266.6666666666667,0.08516146613980106
057033,2024,3,Leonessa,2141.0,204.0152,140.12143858010276,0.01470478670216729
057034,2024,2,Longone Sabino,553.0,34.3338,361.6636528028933,0.05825163541466427
057035,2024,13,Magliano Sabina,3527.0,43.1617,368.5851998865892,0.30119295579182465
057037,2024,1,Micigliano,114.0,36.8517,877.1929824561403,0.027135790207778746
057039,2024,1,Montasola,382.0,12.7472,261.7801047120419,0.0784486004769675
057040,2024,2,Montebuono,872.0,19.6813,229.35779816513764,0.10161930360291241
057043,2024,1,Monte San Giovanni in Sabina,648.0,30.757,154.320987654321,0.03251292388724518
057044,2024,5,Montopoli di Sabina,4081.0,37.9405,122.51899044351876,0.13178529539673964
057045,2024,1,Morro Reatino,344.0,15.7311,290.69767441860466,0.0635683455066715
057049,2024,1,Pescorocchiano,1925.0,94.7727,51.94805194805195,0.010551561789418261
057050,2024,2,Petrella Salto,1055.0,102.9304,189.5734597156398,0.019430605535390905
057051,2024,2,Poggio Bustone,1986.0,22.3815,100.70493454179255,0.08935951567142507
057052,2024,1,Poggio Catino,1240.0,14.9813,80.64516129032258,0.0667498815189603
057053,2024,9,Poggio Mirteto,6152.0,26.3948,146.29388816644993,0.34097625289829814
057054,2024,8,Poggio Moiano,2763.0,26.9469,289.5403546869345,0.2968801606121669
057055,2024,2,Poggio Nativo,2513.0,16.4995,79.58615200955033,0.12121579441801265
057056,2024,2,Poggio San Lorenzo,522.0,8.6696,383.1417624521073,0.2306911506874596
057057,2024,2,Posta,589.0,66.0132,339.5585738539898,0.030296970908848534
057059,2024,155,Rieti,45907.0,206.455,337.6391400004357,0.7507689326971979
057060,2024,2,Rivodutri,1138.0,26.7897,175.7469244288225,0.07465555791964823
057061,2024,1,Roccantica,552.0,16.7231,181.15942028985506,0.05979752557839157
057062,2024,1,Rocca Sinibalda,783.0,49.5551,127.7139208173691,0.020179557704454232
057063,2024,1,Salisano,514.0,17.5958,194.55252918287937,0.05683174393889451
057064,2024,3,Scandriglia,3138.0,63.3505,95.60229445506693,0.04735558519664407
057065,2024,2,Selci,1081.0,7.7281,185.01387604070305,0.2587958230354162
057066,2024,1,Stimigliano,2211.0,11.3837,45.22840343735866,0.08784490104271898
057067,2024,1,Tarano,1382.0,19.9796,72.3589001447178,0.050051052073114576
057069,2024,3,Torricella in Sabina,1364.0,25.7914,219.94134897360706,0.11631784238156906
057072,2024,1,Vacone,226.0,9.1848,442.4778761061947,0.10887553349011411
058001,2024,1,Affile,1439.0,15.1123,69.49270326615705,0.06617126446669269
058002,2024,4,Agosta,1703.0,9.4997,234.87962419260128,0.4210659283977388
058003,2024,80,Albano Laziale,39672.0,23.8082,201.6535591853196,3.3601868263875474
058004,2024,6,Allumiere,3831.0,92.1659,156.61707126076743,0.06509999902350001
058005,2024,49,Anguillara Sabazia,19018.0,75.2338,257.6506467557051,0.6513030047664746
058006,2024,1,Anticoli Corrado,825.0,16.2155,121.21212121212122,0.06166939039807592
058007,2024,76,Anzio,57838.0,43.6586,131.40150074345587,1.7407795943983546
058008,2024,2,Arcinazzo Romano,1262.0,28.3109,158.4786053882726,0.07064416885369239
058009,2024,47,Ariccia,18307.0,18.5919,256.7323974436008,2.5279826160854997
058011,2024,28,Artena,13664.0,54.797,204.91803278688525,0.5109768782962572
058012,2024,3,Bellegra,2727.0,18.7794,110.01100110011001,0.15974951276398608
058013,2024,48,Bracciano,18560.0,143.0603,258.6206896551724,0.33552285295081863
058015,2024,18,Campagnano di Roma,10990.0,46.9371,163.7852593266606,0.3834919498648191
058016,2024,4,Canale Monterano,4128.0,36.9174,96.89922480620154,0.10834999214462557
058018,2024,28,Capena,10695.0,29.5069,261.8045815801777,0.9489305891164439
058019,2024,1,Capranica Prenestina,316.0,20.3617,316.4556962025316,0.049111812864348264
058020,2024,4,Carpineto Romano,4141.0,86.2892,96.59502535619416,0.046355743244809317
058022,2024,38,Castel Gandolfo,8585.0,14.1906,442.6324985439721,2.6778289853846915
058023,2024,12,Castel Madama,7133.0,28.8029,168.23216038132622,0.4166247148724607
058024,2024,26,Castelnuovo di Porto,8423.0,30.5654,308.6786180695714,0.8506350317679467
058026,2024,12,Cave,10728.0,17.8793,111.85682326621924,0.6711672157187362
058027,2024,2,Cerreto Laziale,1080.0,12.0754,185.1851851851852,0.16562598340427645
058028,2024,1,Cervara di Roma,442.0,31.7432,226.24434389140274,0.03150281005065652
058029,2024,55,Cerveteri,37504.0,134.3187,146.65102389078498,0.4094738856168203
058030,2024,3,Ciciliano,1259.0,18.8473,238.28435266084196,0.15917399309184868
058031,2024,2,Cineto Romano,584.0,10.3668,342.4657534246575,0.19292356368406838
058032,2024,160,Civitavecchia,52069.0,73.7376,307.2845647122088,2.1698563555092654
058033,2024,1,Civitella San Paolo,1993.0,20.7493,50.175614651279474,0.04819439691941414
058034,2024,43,Colleferro,20698.0,26.9893,207.74954101845591,1.5932239813555742
058035,2024,4,Colonna,4224.0,3.5491,94.6969696969697,1.1270462934265024
058036,2024,44,Fiano Romano,15722.0,41.1862,279.86261289912227,1.068319000053416
058037,2024,1,Filacciano,457.0,5.6584,218.8183807439825,0.17672840378905696
058038,2024,13,Formello,13249.0,31.1449,98.1206128764435,0.4174038125022074
058039,2024,72,Frascati,22624.0,22.4759,318.2461103253183,3.2034312307849744
058040,2024,25,Gallicano nel Lazio,6408.0,25.6995,390.1373283395755,0.9727815716259071
058041,2024,1,Gavignano,1920.0,15.0431,52.083333333333336,0.06647565993711402
058042,2024,7,Genazzano,5724.0,32.065,122.29210342417889,0.21830656479026977
058043,2024,56,Genzano di Roma,23221.0,17.9002,241.16101804401188,3.1284566652886556
058044,2024,1,Gerano,1163.0,10.1242,85.98452278589853,0.09877323640386401
058046,2024,62,Grottaferrata,20337.0,18.396,304.86305748143775,3.370297890845836
058047,2024,107,Guidonia Montecelio,87875.0,79.4718,121.76386913229018,1.3463895369174979
058049,2024,15,Labico,6333.0,11.7531,236.85457129322597,1.276259029532634
058050,2024,26,Lanuvio,12851.0,43.763,202.31888568982959,0.5941091789868154
058052,2024,2,Magliano Romano,1423.0,20.5174,140.54813773717498,0.09747823798337021
058053,2024,1,Mandela,921.0,13.7166,108.57763300760044,0.07290436405523235
058054,2024,16,Manziana,7655.0,23.9991,209.01371652514698,0.6666916676042018
058056,2024,6,Marcellina,7095.0,15.356,84.56659619450316,0.3907267517582704
058057,2024,102,Marino,45321.0,24.1913,225.06122989342688,4.216391843348642
058058,2024,2,Mazzano Romano,2995.0,29.0667,66.7779632721202,0.0688072605421324
058059,2024,34,Mentana,22612.0,24.2684,150.3626393065629,1.4009988297539187
058060,2024,34,Monte Compatri,11844.0,24.5711,287.06518068220197,1.3837394337249858
058062,2024,8,Montelanico,2062.0,35.1398,387.97284190106694,0.22766208117291503
058063,2024,10,Montelibretti,5107.0,45.4257,195.8096729978461,0.22013970065403504
058064,2024,16,Monte Porzio Catone,8557.0,9.125,186.98141872151456,1.7534246575342465
058065,2024,61,Monterotondo,41258.0,40.9352,147.8501139173009,1.4901600578475247
058067,2024,2,Moricone,2480.0,19.5872,80.64516129032258,0.10210749877471002
058068,2024,9,Morlupo,8424.0,24.0841,106.83760683760684,0.37369052611473963
058069,2024,10,Nazzano,1339.0,12.3969,746.8259895444362,0.8066532762222813
058070,2024,2,Nemi,1872.0,7.3249,106.83760683760684,0.2730412701879889
058071,2024,6,Nerola,1900.0,17.096,315.7894736842105,0.3509592887225082
058072,2024,101,Nettuno,48500.0,71.6278,208.24742268041237,1.4100670410092173
058073,2024,2,Olevano Romano,6455.0,26.1597,30.983733539891553,0.07645347614842678
058074,2024,42,Palestrina,21921.0,47.0165,191.5970986725058,0.8933034147586485
058075,2024,8,Palombara Sabina,12835.0,75.8028,62.32956758862485,0.10553699863329587
058077,2024,3,Pisoniano,739.0,12.92,405.95399188092017,0.23219814241486067
058078,2024,1,Poli,2275.0,21.7449,43.956043956043956,0.04598779483924966
058079,2024,157,Pomezia,63767.0,86.5727,246.20885410949236,1.8135047191551148
058080,2024,9,Ponzano Romano,1117.0,19.5196,805.7296329453895,0.4610750220291399
058081,2024,18,Riano,10274.0,25.4484,175.19953280124588,0.7073136228603764
058082,2024,6,Rignano Flaminio,10005.0,38.5618,59.97001499250374,0.15559439652713308
058083,2024,2,Riofreddo,733.0,12.3841,272.8512960436562,0.16149740392923184
058086,2024,25,Rocca di Papa,16999.0,39.7161,147.0674745573269,0.629467646621899
058088,2024,9,Rocca Priora,11978.0,28.2646,75.13775254633495,0.318419507086603
058091,2024,13924,Roma,2770226.0,1287.3716,502.6304713045073,10.815835924918648
058092,2024,5,Roviano,1258.0,8.5016,397.456279809221,0.5881245883127882
058093,2024,1,Sacrofano,7231.0,28.4283,13.829345871940257,0.03517621525029636
058094,2024,1,Sambuci,851.0,8.3046,117.50881316098707,0.12041519158056979
058095,2024,4,San Gregorio da Sassola,1454.0,35.4501,275.1031636863824,0.11283466055102807
058096,2024,4,San Polo dei Cavalieri,2762.0,42.5287,144.8225923244026,0.09405413285616536
058097,2024,65,Santa Marinella,18516.0,48.9057,351.047742492979,1.3290884293650842
058098,2024,10,Sant'Angelo Romano,4833.0,21.3566,206.91082143596108,0.4682393264845528
058099,2024,3,Sant'Oreste,3504.0,43.8935,85.61643835616438,0.0683472495927643
058102,2024,22,Segni,8985.0,60.8581,244.85253199777404,0.3614966619069606
058103,2024,17,Subiaco,8515.0,63.2313,199.64768056371108,0.2688541908833125
058104,2024,126,Tivoli,55150.0,68.644,228.46781504986402,1.8355573684517217
058105,2024,15,Tolfa,4828.0,168.2671,310.68765534382766,0.0891439859604165
058106,2024,1,Torrita Tiberina,1047.0,10.7793,95.51098376313276,0.09277040253077659
058107,2024,8,Trevignano Romano,5696.0,38.9862,140.4494382022472,0.20520081464723416
058108,2024,1,Vallepietra,251.0,52.9396,398.40637450199205,0.018889451374774272
058110,2024,59,Valmontone,15662.0,40.9131,376.707955561231,1.4420808982941893
058111,2024,193,Velletri,52312.0,118.2667,368.94020492430036,1.6319048388092336
058112,2024,4,Vicovaro,3676.0,35.9435,108.8139281828074,0.1112857679413524
058114,2024,40,Zagarolo,18010.0,28.0351,222.09883398112163,1.4267828543504393
058115,2024,23,Lariano,13191.0,22.4985,174.3613069517095,1.0222903749138832
058116,2024,87,Ladispoli,40160.0,25.9515,216.63346613545815,3.3524073752962256
058117,2024,110,Ardea,48667.0,72.0684,226.0258491380196,1.5263277663996981
058118,2024,73,Ciampino,38675.0,12.9981,188.75242404654168,5.616205445411252
058119,2024,49,San Cesareo,15714.0,23.6431,311.8238513427517,2.072486264491543
058120,2024,300,Fiumicino,79995.0,213.8908,375.0234389649353,1.4025848704105084
058122,2024,53,Fonte Nuova,32139.0,19.9404,164.90867793024051,2.6579206033981264
059001,2024,317,Aprilia,73429.0,178.123,431.70954255130806,1.7796691050566182
059002,2024,1,Bassiano,1439.0,32.4003,69.49270326615705,0.030863911753903513
059004,2024,1,Castelforte,4172.0,29.7046,23.969319271332694,0.03366481959023181
059005,2024,98,Cisterna di Latina,36481.0,144.1568,268.6329870343466,0.6798153122155874
059006,2024,15,Cori,10482.0,85.3114,143.10246136233542,0.17582644289039917
059007,2024,156,Fondi,39237.0,143.913,397.5839131432067,1.08398824289675
059008,2024,164,Formia,37341.0,74.1642,439.1955223480892,2.2113094997316765
059009,2024,83,Gaeta,19755.0,29.2033,420.1467982789167,2.842144552156777
059010,2024,34,Itri,10344.0,101.097,328.69296210363495,0.33631067192893954
059011,2024,466,Latina,127560.0,277.6174,365.3182815929759,1.6785691386779071
059012,2024,3,Lenola,4075.0,45.2423,73.61963190184049,0.06630962616843088
059013,2024,2,Maenza,2996.0,42.1331,66.75567423230974,0.04746861731038068
059014,2024,74,Minturno,19971.0,42.1345,370.5372790546292,1.7562804827397975
059015,2024,10,Monte San Biagio,6159.0,65.1013,162.3640201331385,0.15360676361301542
059017,2024,38,Pontinia,14849.0,112.1023,255.90948885446832,0.33897609594093964
059018,2024,8,Ponza,3301.0,10.1563,242.35080278703424,0.7876884298415762
059019,2024,30,Priverno,13763.0,56.9808,217.97573203516674,0.5264931345295257
059020,2024,4,Prossedi,1167.0,35.3661,342.7592116538132,0.1131026604573306
059021,2024,1,Roccagorga,4199.0,24.4927,23.815194093831863,0.04082849175468609
059023,2024,1,Roccasecca dei Volsci,1057.0,23.5035,94.6073793755913,0.04254685472376455
059024,2024,44,Sabaudia,19938.0,145.3721,220.6841207744006,0.30267155802248163
059025,2024,25,San Felice Circeo,10129.0,32.6307,246.8160726626518,0.7661496688701132
059026,2024,13,Santi Cosma e Damiano,6813.0,31.6104,190.81168354616176,0.411257054640245
059027,2024,10,Sermoneta,9977.0,44.9962,100.23053021950487,0.2222409892390913
059028,2024,42,Sezze,23576.0,100.471,178.14726840855107,0.4180310736431408
059029,2024,6,Sonnino,7433.0,63.8186,80.72110856989103,0.09401647795470286
059030,2024,13,Sperlonga,3116.0,19.4897,417.201540436457,0.66701898951754
059031,2024,7,Spigno Saturnia,2851.0,38.7401,245.5278849526482,0.18069132500948631
059032,2024,187,Terracina,44495.0,136.5876,420.2719406674907,1.3690847485423274
060002,2024,1,Acuto,1883.0,13.4662,53.10674455655868,0.07425999910888001
060003,2024,74,Alatri,27768.0,96.9573,266.4938058196485,0.7632225732358471
060004,2024,3,Alvito,2526.0,51.7134,118.76484560570071,0.058012043300189116
060005,2024,4,Amaseno,4102.0,77.7258,97.51340809361287,0.051462963391820986
060006,2024,77,Anagni,20853.0,112.8135,369.2514266532393,0.6825424262167205
060007,2024,21,Aquino,4992.0,19.2368,420.6730769230769,1.0916576561590285
060008,2024,14,Arce,5403.0,39.5217,259.11530631130853,0.3542357742708436
060009,2024,6,Arnara,2222.0,12.2884,270.02700270027003,0.4882653559454445
060010,2024,8,Arpino,6898.0,56.2398,115.97564511452595,0.1422480165292195
060011,2024,9,Atina,4139.0,29.8889,217.44382701135538,0.3011151296969778
060012,2024,4,Ausonia,2441.0,19.6376,163.86726751331423,0.2036908787224508
060013,2024,2,Belmonte Castello,692.0,14.0535,289.01734104046244,0.14231330273597326
060014,2024,10,Boville Ernica,8425.0,28.1885,118.69436201780415,0.3547545985064831
060015,2024,7,Broccostella,2688.0,11.7934,260.41666666666663,0.5935523258771855
060016,2024,4,Campoli Appennino,1596.0,32.4273,250.62656641604008,0.12335285392246656
060018,2024,3,Casalvieri,2383.0,27.2708,125.8917331095258,0.1100077738826877
060019,2024,137,Cassino,35418.0,83.4187,386.80896719182334,1.6423176098404795
060020,2024,8,Castelliri,3256.0,15.3207,245.7002457002457,0.522169352575274
060021,2024,1,Castelnuovo Parano,875.0,9.8819,114.28571428571429,0.10119511429988161
060022,2024,19,Castrocielo,3841.0,27.9148,494.66284821661026,0.6806425265450585
060023,2024,7,Castro dei Volsci,4483.0,58.45,156.14543832255188,0.11976047904191617
060024,2024,77,Ceccano,22610.0,61.061,340.55727554179566,1.2610340479192939
060025,2024,26,Ceprano,8408.0,38.0302,309.2293054234063,0.683667190811513
060026,2024,11,Cervaro,7794.0,39.409,141.13420579933282,0.2791240579563044
060027,2024,2,Colfelice,1822.0,14.5176,109.76948408342481,0.13776381771091642
060028,2024,1,Collepardo,903.0,24.6784,110.74197120708749,0.04052126556016598
060030,2024,1,Coreno Ausonio,1531.0,26.3838,65.31678641410844,0.03790204595244051
060031,2024,5,Esperia,3649.0,108.5646,137.02384214853384,0.04605552822927547
060032,2024,1,Falvaterra,540.0,12.7328,185.1851851851852,0.07853732093490827
060033,2024,60,Ferentino,20247.0,80.9996,296.340198547933,0.7407443987377715
060035,2024,25,Fiuggi,10119.0,32.9774,247.05998616464078,0.7580949377452436
060036,2024,7,Fontana Liri,2757.0,16.1111,253.89916575988394,0.4344830582641781
060038,2024,150,Frosinone,44491.0,46.8443,337.1468386864759,3.2020971601667654
060039,2024,1,Fumone,2002.0,14.8358,49.95004995004995,0.0674045214953019
060040,2024,2,Gallinaro,1192.0,17.737,167.78523489932886,0.11275864013080003
060041,2024,4,Giuliano di Roma,2358.0,33.5444,169.63528413910092,0.11924494103337664
060042,2024,3,Guarcino,1520.0,40.3728,197.3684210526316,0.07430745452383783
060043,2024,13,Isola del Liri,10945.0,16.014,118.77569666514391,0.8117896840264769
060044,2024,17,Monte San Giovanni Campano,12228.0,48.7118,139.02518809290154,0.34899141481119567
060045,2024,5,Morolo,3172.0,26.571,157.62925598991174,0.1881750780926574
060046,2024,28,Paliano,7975.0,70.6362,351.09717868338555,0.3963973146913339
060047,2024,2,Pastena,1265.0,42.1606,158.10276679841897,0.047437655061834984
060048,2024,7,Patrica,3090.0,27.3072,226.53721682847896,0.2563426495576258
060050,2024,1,Picinisco,1096.0,62.1469,91.24087591240875,0.01609090718925642
060051,2024,7,Pico,2683.0,32.9312,260.9019754006709,0.21256437663978237
060052,2024,21,Piedimonte San Germano,6336.0,17.3244,331.43939393939394,1.2121631917988502
060053,2024,4,Piglio,4386.0,35.3812,91.19927040583676,0.1130543904672538
060054,2024,7,Pignataro Interamna,2403.0,24.4058,291.3025384935497,0.28681706807398244
060055,2024,3,Pofi,3951.0,30.6809,75.93014426727412,0.09778070395588134
060056,2024,18,Pontecorvo,12470.0,88.8006,144.34643143544506,0.20270133309910068
060057,2024,1,Posta Fibreno,1077.0,9.8043,92.85051067780873,0.10199606295197006
060058,2024,11,Ripi,5093.0,31.6134,215.98272138228944,0.3479537158293635
060060,2024,23,Roccasecca,7016.0,43.3317,327.82212086659064,0.5307892374404881
060062,2024,3,San Donato Val di Comino,1886.0,37.6342,159.06680805938495,0.07971472756163277
060063,2024,9,San Giorgio a Liri,3005.0,15.7054,299.5008319467554,0.5730513071937041
060064,2024,3,San Giovanni Incarico,3146.0,24.7104,95.35918626827717,0.12140637140637141
060066,2024,2,Sant'Andrea del Garigliano,1303.0,17.1068,153.49194167306217,0.11691257277807655
060067,2024,4,Sant'Apollinare,1834.0,18.0186,218.10250817884406,0.2219928296316029
060068,2024,14,Sant'Elia Fiumerapido,5733.0,41.103,244.2002442002442,0.34060774152738243
060070,2024,3,San Vittore del Lazio,2505.0,27.5042,119.76047904191617,0.1090742504781088
060071,2024,3,Serrone,2982.0,15.3938,100.6036217303823,0.1948836544582884
060072,2024,1,Settefrati,711.0,50.677,140.64697609001408,0.019732817649032106
060073,2024,3,Sgurgola,2411.0,19.221,124.4296972210701,0.15607928827844544
060074,2024,80,Sora,25133.0,72.1249,318.3066088409661,1.1091869798086376
060075,2024,1,Strangolagalli,2316.0,10.5679,43.177892918825556,0.09462617927875926
060076,2024,4,Supino,4678.0,35.5901,85.50662676357418,0.11239080530821774
060077,2024,1,Terelle,311.0,31.6444,321.54340836012864,0.03160116797916851
060078,2024,4,Torre Cajetani,1310.0,11.9926,305.3435114503817,0.33353901572636463
060079,2024,12,Torrice,4772.0,18.0598,251.46689019279128,0.6644591855945249
060080,2024,3,Trevi nel Lazio,1741.0,54.3218,172.31476163124643,0.05522644684086315
060081,2024,4,Trivigliano,1619.0,12.6404,247.06609017912294,0.31644568209866775
060082,2024,3,Vallecorsa,2454.0,39.2762,122.24938875305624,0.07638213472790137
060085,2024,42,Veroli,19868.0,119.6404,211.39520837527684,0.35105198578406627
060086,2024,3,Vicalvi,743.0,8.2083,403.7685060565276,0.36548371770037646
060087,2024,4,Vico nel Lazio,2110.0,45.8421,189.5734597156398,0.08725603757244978
060089,2024,9,Villa Santa Lucia,2547.0,17.7672,353.35689045936397,0.5065513980818588
061002,2024,13,Alife,7337.0,64.3172,177.1841352051247,0.20212322675738373
061003,2024,6,Alvignano,4576.0,38.1268,131.11888111888112,0.15736961927043444
061004,2024,11,Arienzo,5265.0,14.0079,208.9268755935423,0.7852711684121103
061005,2024,90,Aversa,50640.0,8.8518,177.7251184834123,10.167423574866127
061007,2024,1,Bellona,5958.0,11.7783,16.784155756965426,0.08490189585933454
061008,2024,3,Caianello,1754.0,15.6782,171.0376282782212,0.19134849663864473
061009,2024,6,Caiazzo,5210.0,37.0404,115.16314779270634,0.16198529173551043
061010,2024,5,Calvi Risorta,5524.0,15.9577,90.51412020275163,0.3133283618566585
061012,2024,7,Cancello ed Arnone,5443.0,49.3014,128.60554841080287,0.14198379762035154
061013,2024,13,Capodrise,10033.0,3.4356,129.57241104355626,3.783909651880312
061015,2024,21,Capua,17657.0,48.603,118.93300107606048,0.43207209431516574
061016,2024,13,Carinaro,7126.0,6.3159,182.43053606511367,2.0582973131303537
061017,2024,10,Carinola,7318.0,59.2291,136.6493577480186,0.16883592693456426
061018,2024,27,Casagiove,12983.0,6.3569,207.96426095663563,4.247353269675471
061019,2024,32,Casal di Principe,21077.0,23.5127,151.82426341509702,1.3609666265465048
061020,2024,7,Casaluce,9442.0,9.5584,74.13683541622537,0.732340140609307
061021,2024,21,Casapulla,8317.0,2.9044,252.49488998436934,7.2304090345682415
061022,2024,132,Caserta,72813.0,54.0685,181.28630876354498,2.441347549867298
061023,2024,1,Castel Campagnano,1478.0,17.4785,67.65899864682004,0.05721314758131418
061024,2024,1,Castel di Sasso,1064.0,20.3231,93.98496240601503,0.04920509174289355
061025,2024,1,Castello del Matese,1403.0,21.7729,71.27583749109053,0.045928654428211216
061026,2024,1,Castel Morrone,3644.0,25.3439,27.442371020856204,0.039457226393727875
061027,2024,74,Castel Volturno,26737.0,73.9413,276.7700190746905,1.0007938729776187
061028,2024,2,Cervino,4818.0,8.2077,41.511000415110004,0.24367362354861896
061029,2024,6,Cesa,9310.0,2.737,64.44683136412459,2.1921812203142124
061030,2024,1,Ciorlano,382.0,28.6508,261.7801047120419,0.03490303935666718
061031,2024,3,Conca della Campania,1177.0,26.467,254.88530161427357,0.11334869837911361
061032,2024,16,Curti,6766.0,1.6894,236.47650014779782,9.47081804190837
061033,2024,1,Dragoni,1998.0,25.7843,50.05005005005005,0.03878329060707485
061034,2024,1,Fontegreca,767.0,9.7113,130.3780964797914,0.10297282547135811
061036,2024,11,Francolise,4635.0,40.9244,237.32470334412082,0.2687883023330825
061037,2024,9,Frignano,9034.0,9.858,99.62364401151207,0.9129640900791235
061039,2024,2,Galluccio,2016.0,32.1131,99.2063492063492,0.062279879550712944
061041,2024,3,Gioia Sannitica,3316.0,54.4234,90.47044632086852,0.05512334767765336
061042,2024,7,Grazzanise,6785.0,47.05,103.16875460574798,0.1487778958554729
061043,2024,22,Gricignano di Aversa,12589.0,9.9776,174.75573913734212,2.204939063502245
061044,2024,1,Letino,646.0,31.5888,154.79876160990713,0.03165678974826521
061046,2024,21,Lusciano,15579.0,4.5573,134.79684190256114,4.607991573958265
061047,2024,8,Macerata Campania,10026.0,7.633,79.79253939756633,1.0480807022140706
061048,2024,78,Maddaloni,37221.0,36.6723,209.55911985169664,2.1269459510311597
061049,2024,140,Marcianise,38740.0,30.236,361.38358286009293,4.63024209551528
061050,2024,3,Marzano Appio,2032.0,28.304,147.63779527559055,0.105992085924251
061051,2024,14,Mignano Monte Lungo,2981.0,53.0952,469.64106004696407,0.2636773192303636
061052,2024,115,Mondragone,28915.0,55.7257,397.7174476915096,2.0636797743231576
061053,2024,16,Orta di Atella,26950.0,10.8339,59.36920222634508,1.4768458265259972
061054,2024,7,Parete,11875.0,5.6084,58.94736842105263,1.2481278082875686
061055,2024,6,Pastorano,2949.0,14.0206,203.4587995930824,0.42794174286407144
061057,2024,18,Piedimonte Matese,10373.0,41.4291,173.52742697387447,0.4344772152907015
061058,2024,1,Pietramelara,4478.0,23.9339,22.331397945511387,0.04178174054374757
061059,2024,1,Pietravairano,2800.0,33.4929,35.714285714285715,0.02985707418587223
061060,2024,9,Pignataro Maggiore,5785.0,32.3783,155.57476231633535,0.27796394498784677
061061,2024,1,Pontelatone,1569.0,32.2451,63.73486297004461,0.031012463909245124
061062,2024,11,Portico di Caserta,7750.0,1.9126,141.93548387096774,5.751333263620203
061064,2024,2,Pratella,1469.0,33.7444,136.14703880190606,0.059269093538483426
061065,2024,1,Presenzano,1687.0,31.8895,59.276822762299936,0.03135828407469543
061066,2024,1,Raviscanina,1194.0,24.6402,83.75209380234506,0.04058408616813175
061067,2024,12,Recale,7657.0,3.2195,156.71934177876454,3.7272868457835067
061068,2024,2,Riardo,2232.0,16.4795,89.60573476702508,0.12136290542795593
061069,2024,1,Rocca d'Evandro,3032.0,49.532,32.98153034300791,0.02018896874747638
061070,2024,3,Roccamonfina,3230.0,31.0384,92.87925696594426,0.09665446672508893
061074,2024,8,San Cipriano d'Aversa,13196.0,6.1901,60.62443164595332,1.2923862296247233
061075,2024,22,San Felice a Cancello,16884.0,27.179,130.3008765695333,0.8094484712461828
061076,2024,1,San Gregorio Matese,890.0,56.4989,112.35955056179776,0.01769945963549733
061077,2024,12,San Marcellino,14274.0,4.6099,84.06893652795293,2.6030933425887763
061078,2024,27,San Nicola la Strada,22160.0,4.7271,121.84115523465704,5.711747159992385
061080,2024,3,San Potito Sannitico,1918.0,23.1312,156.41293013555787,0.12969495746005397
061081,2024,21,San Prisco,12043.0,7.7852,174.3751556921033,2.697425885012588
061082,2024,21,Santa Maria a Vico,14074.0,10.8351,149.2113116384823,1.9381454716615443
061083,2024,56,Santa Maria Capua Vetere,31968.0,15.9201,175.17517517517518,3.5175658444356506
061084,2024,4,Santa Maria la Fossa,2553.0,29.7297,156.67841754798275,0.13454558909104364
061085,2024,7,San Tammaro,5717.0,36.9668,122.44184012594017,0.18935910059837477
061086,2024,2,Sant'Angelo d'Alife,2095.0,33.5227,95.4653937947494,0.059661065486968534
061087,2024,17,Sant'Arpino,14869.0,3.2007,114.33183132692179,5.311338144780829
061088,2024,22,Sessa Aurunca,20414.0,162.187,107.76917801508768,0.1356458902378119
061089,2024,2,Sparanise,7182.0,18.7652,27.847396268448897,0.10658026559802188
061090,2024,19,Succivo,8575.0,7.2119,221.57434402332362,2.634534588665955
061091,2024,18,Teano,11518.0,89.4301,156.27713144643167,0.20127451495637375
061092,2024,28,Teverola,14338.0,6.6991,195.2852559631748,4.179665925273545
061093,2024,3,Tora e Piccilli,821.0,12.3939,365.4080389768575,0.2420545590976206
061094,2024,19,Trentola Ducenta,19881.0,6.6551,95.56863336854283,2.85495334405193
061095,2024,5,Vairano Patenora,6365.0,43.5233,78.55459544383346,0.11488099477750997
061097,2024,5,Valle di Maddaloni,2631.0,10.9014,190.04180919802354,0.4586566862971728
061098,2024,3,Villa di Briano,7217.0,8.5469,41.56851877511431,0.3510044577566135
061099,2024,30,Villa Literno,11989.0,61.8249,250.22937692885145,0.4852413833261356
061100,2024,11,Vitulazio,7568.0,22.9698,145.34883720930233,0.47888967252653486
061101,2024,8,Falciano del Massico,3358.0,46.72,238.23704586063135,0.17123287671232876
061102,2024,16,Cellole,7985.0,36.7814,200.37570444583594,0.43500247407657133
061103,2024,1,Casapesenna,6816.0,3.0481,14.671361502347418,0.3280732259440307
061104,2024,14,San Marco Evangelista,6470.0,5.6867,216.38330757341578,2.4618847486239823
062001,2024,5,Airola,8105.0,14.8972,61.69031462060457,0.3356335418736407
062002,2024,3,Amorosi,2645.0,11.2218,113.42155009451795,0.2673367908891622
062003,2024,6,Apice,5426.0,49.0381,110.57869517139699,0.12235384323617758
062004,2024,1,Apollosa,2502.0,21.1195,39.96802557953637,0.0473496058145316
062005,2024,1,Arpaia,1994.0,4.961,50.150451354062184,0.20157226365652084
062008,2024,123,Benevento,57500.0,130.834,213.91304347826087,0.940122598101411
062009,2024,1,Bonea,1349.0,11.4626,74.12898443291327,0.08724024217891228
062011,2024,2,Buonalbergo,1583.0,25.0788,126.34238787113075,0.07974863231095586
062013,2024,1,Campolattaro,983.0,17.5858,101.7293997965412,0.05686406077630816
062014,2024,1,Campoli del Monte Taburno,1599.0,9.8038,62.53908692933083,0.10200126481568371
062019,2024,5,Castelvenere,2545.0,15.4357,196.46365422396855,0.32392440899991576
062022,2024,2,Ceppaloni,3166.0,23.8035,63.17119393556538,0.08402125737811666
062023,2024,7,Cerreto Sannita,3654.0,33.353,191.57088122605364,0.20987617305789583
062026,2024,2,Cusano Mutri,3823.0,58.8586,52.3149359142035,0.0339797412782499
062027,2024,4,Dugenta,2627.0,16.0522,152.26494099733537,0.24918702732335757
062028,2024,3,Durazzano,2103.0,12.9049,142.65335235378032,0.23246983703864424
062029,2024,3,Faicchio,3376.0,43.9892,88.86255924170615,0.06819855782783048
062030,2024,3,Foglianise,3233.0,11.7656,92.79307145066501,0.25498062147276807
062035,2024,1,Frasso Telesino,2102.0,21.8164,47.57373929590866,0.045837076694596725
062037,2024,2,Guardia Sanframondi,4656.0,21.0975,42.955326460481096,0.09479796184382036
062038,2024,4,Limatola,4072.0,18.3809,98.23182711198427,0.21761720046352462
062039,2024,3,Melizzano,1739.0,17.5907,172.51293847038528,0.17054466280477754
062040,2024,1,Moiano,4026.0,20.2035,24.838549428713364,0.049496374390575894
062043,2024,12,Montesarchio,13098.0,26.5073,91.61704076958314,0.4527054811316128
062044,2024,2,Morcone,4580.0,101.3315,43.66812227074236,0.019737199192748554
062045,2024,5,Paduli,3688.0,45.2987,135.57483731019522,0.11037844353149208
062046,2024,3,Pago Veiano,2290.0,23.749,131.00436681222706,0.12632110825718978
062048,2024,1,Paolisi,2013.0,6.001,49.67709885742673,0.16663889351774702
062049,2024,1,Paupisi,1522.0,6.8327,65.7030223390276,0.14635502802698785
062052,2024,2,Pietrelcina,2902.0,28.2535,68.91798759476224,0.0707876900207054
062054,2024,1,Pontelandolfo,2018.0,29.0289,49.554013875123886,0.034448428979396394
062055,2024,1,Puglianello,1297.0,8.7611,77.10100231303007,0.11414091837782926
062057,2024,2,San Bartolomeo in Galdo,4457.0,82.6623,44.87323311644604,0.024194826420266553
062058,2024,7,San Giorgio del Sannio,9804.0,22.3386,71.39942880456957,0.3133589392352251
062060,2024,5,San Leucio del Sannio,2920.0,9.959,171.23287671232876,0.5020584396023697
062061,2024,4,San Lorenzello,2129.0,13.8833,187.88163457022077,0.2881159378533922
062062,2024,2,San Lorenzo Maggiore,1944.0,16.2955,102.880658436214,0.12273326992114388
062064,2024,1,San Marco dei Cavoti,3058.0,49.187,32.701111837802486,0.02033057515197105
062065,2024,1,San Martino Sannita,1163.0,6.184,85.98452278589853,0.16170763260025872
062066,2024,1,San Nazzaro,867.0,2.0421,115.34025374855825,0.4896919837422261
062067,2024,1,San Nicola Manfredi,3577.0,19.2242,27.95638803466592,0.052017769269982625
062068,2024,7,San Salvatore Telesino,3845.0,18.3108,182.05461638491548,0.3822880485833497
062070,2024,3,Sant'Agata de' Goti,10426.0,63.3786,28.77421830040284,0.04733458927776884
062073,2024,4,Solopaca,3536.0,31.1266,113.12217194570137,0.12850745021942647
062074,2024,23,Telese Terme,7665.0,9.9987,300.0652315720809,2.3002990388750537
062076,2024,4,Torrecuso,3307.0,29.1549,120.95554883580284,0.13719820681943687
063001,2024,68,Acerra,58334.0,54.7117,116.5700963417561,1.2428785799015567
063002,2024,115,Afragola,61861.0,17.9106,185.90064822747772,6.420778756713902
063003,2024,4,Agerola,7640.0,19.8316,52.356020942408385,0.20169829968333366
063004,2024,13,Anacapri,6940.0,6.4666,187.31988472622479,2.010330003402097
063005,2024,41,Arzano,32750.0,4.731,125.19083969465649,8.666243923060664
063006,2024,55,Bacoli,25436.0,13.4675,216.22896681868218,4.083905698904771
063007,2024,18,Barano d'Ischia,9845.0,10.9609,182.83392585068563,1.6422009141585088
063008,2024,55,Boscoreale,26309.0,11.3981,209.05393591546618,4.825365631113958
063009,2024,15,Boscotrecase,9810.0,7.5305,152.90519877675843,1.9918996082597438
063010,2024,18,Brusciano,15715.0,5.6161,114.5402481705377,3.2050711347732412
063011,2024,65,Caivano,35908.0,27.2212,181.01815751364597,2.3878447680484327
063012,2024,5,Calvizzano,12204.0,3.9831,40.970173713536546,1.2553036579548593
063013,2024,12,Camposano,5111.0,3.3276,234.78771277636469,3.606202668589975
063014,2024,3,Capri,6937.0,4.0628,43.24636009802508,0.7384070099438811
063016,2024,21,Cardito,21598.0,3.1983,97.23122511343644,6.5659881812212735
063017,2024,38,Casalnuovo di Napoli,47489.0,7.8354,80.01853060708795,4.849784312224009
063018,2024,5,Casamarciano,3112.0,6.3842,160.66838046272494,0.7831834842266846
063019,2024,14,Casamicciola Terme,7802.0,5.8488,179.44116893104334,2.393653398987827
063020,2024,11,Casandrino,13397.0,3.1823,82.10793461222661,3.456619426201175
063021,2024,24,Casavatore,18146.0,1.5267,132.26055328998126,15.720180782078994
063022,2024,3,Casola di Napoli,3723.0,2.5932,80.58017727639,1.1568718186024989
063023,2024,148,Casoria,74115.0,12.1384,199.68967145652027,12.192710736176101
063024,2024,116,Castellammare di Stabia,63694.0,17.8099,182.12076490721262,6.513231405005082
063025,2024,20,Castello di Cisterna,7756.0,3.9214,257.864878803507,5.100219309430305
063026,2024,16,Cercola,17076.0,4.229,93.69875849145,3.783400331047529
063027,2024,25,Cicciano,12334.0,7.3311,202.6917463920869,3.4101294485138656
063028,2024,3,Cimitile,6970.0,2.7406,43.0416068866571,1.0946508063927607
063029,2024,4,Comiziano,1692.0,2.4494,236.4066193853428,1.6330529925696091
063030,2024,4,Crispano,11705.0,2.2191,34.17343015805211,1.8025325582443332
063031,2024,42,Forio,17410.0,13.0814,241.24066628374496,3.210665525096702
063032,2024,30,Frattamaggiore,28828.0,5.3882,104.06549188289164,5.567722059314798
063033,2024,5,Frattaminore,15461.0,2.0417,32.33943470668133,2.4489396091492384
063034,2024,227,Giugliano in Campania,122364.0,94.6321,185.5120787159622,2.3987632103694203
063035,2024,60,Gragnano,28293.0,14.6424,212.06658890891742,4.097688903458449
063036,2024,11,Grumo Nevano,17274.0,2.8769,63.679518351279384,3.823560082032744
063037,2024,30,Ischia,19602.0,8.1402,153.04560759106215,3.6854131348124124
063038,2024,9,Lacco Ameno,4641.0,2.0768,193.92372333548803,4.333590138674884
063039,2024,5,Lettere,6055.0,12.0191,82.57638315441783,0.41600452612924427
063040,2024,2,Liveri,1516.0,2.7109,131.92612137203164,0.7377623667416725
063041,2024,51,Marano di Napoli,57700.0,15.6525,88.38821490467937,3.258265452803067
063042,2024,18,Mariglianella,7738.0,3.2623,232.61824760920135,5.517579621739263
063043,2024,52,Marigliano,29182.0,22.5752,178.19203618669042,2.3034125943513235
063044,2024,45,Massa Lubrense,14022.0,19.8362,320.9242618741977,2.2685796674766334
063045,2024,21,Melito di Napoli,36216.0,3.7992,57.985420808482445,5.527479469361971
063046,2024,33,Meta,7830.0,2.2511,421.45593869731795,14.659499800097729
063047,2024,13,Monte di Procida,11952.0,3.7043,108.76840696117806,3.5094349809680643
063048,2024,41,Mugnano di Napoli,34388.0,5.2636,119.22763754798186,7.789345694961622
063049,2024,2544,Napoli,922094.0,118.9441,275.89378089435564,21.388198321732645
063050,2024,73,Nola,33718.0,39.1853,216.50157186072718,1.8629435017723484
063051,2024,32,Ottaviano,22981.0,20.0227,139.24546364387973,1.5981860588232355
063052,2024,23,Palma Campania,16618.0,20.6708,138.40414008906006,1.112680689668518
063053,2024,75,Piano di Sorrento,12549.0,7.3354,597.6571838393497,10.224391307904137
063054,2024,3,Pimonte,5836.0,12.5394,51.40507196710075,0.2392458969328676
063055,2024,25,Poggiomarino,21955.0,13.2007,113.86927806877705,1.893838963085291
063056,2024,12,Pollena Trocchia,12968.0,8.0156,92.53547193090685,1.4970806926493339
063057,2024,71,Pomigliano d'Arco,39673.0,11.7093,178.96302271065966,6.06355631848189
063058,2024,106,Pompei,24233.0,12.4303,437.4200470432881,8.52754961666251
063059,2024,78,Portici,52721.0,4.6013,147.94863526867852,16.951731032534283
063060,2024,233,Pozzuoli,77090.0,43.4339,302.24413023738487,5.364473372181637
063061,2024,3,Procida,10183.0,4.2559,29.460866149464792,0.7049037806339435
063062,2024,34,Qualiano,24804.0,7.4345,137.07466537655216,4.573273253076872
063063,2024,60,Quarto,40819.0,14.159,146.99037213062545,4.2375874002401295
063064,2024,79,Ercolano,50617.0,19.8936,156.07404626904005,3.9711263924076086
063065,2024,5,Roccarainola,6601.0,28.3315,75.74609907589759,0.17648200765931915
063066,2024,10,San Gennaro Vesuviano,12183.0,7.0144,82.08158909956497,1.4256386861313868
063067,2024,42,San Giorgio a Cremano,43230.0,4.1538,97.15475364330327,10.111223458038422
063068,2024,31,San Giuseppe Vesuviano,30147.0,14.1713,102.82946893554914,2.1875198464502197
063069,2024,3,San Paolo Bel Sito,3367.0,2.948,89.1000891000891,1.01763907734057
063070,2024,6,San Sebastiano al Vesuvio,8738.0,2.6395,68.66559853513391,2.273157795036939
063071,2024,31,Sant'Agnello,8685.0,4.1482,356.93724812895795,7.473120871703389
063072,2024,52,Sant'Anastasia,26411.0,18.7405,196.88766044451177,2.7747392011952723
063073,2024,19,Sant'Antimo,32446.0,5.9133,58.55883622018122,3.213095902457173
063074,2024,40,Sant'Antonio Abate,19247.0,7.9318,207.82459604094146,5.042991502559318
063075,2024,19,San Vitaliano,6371.0,5.3696,298.22633809449064,3.5384386174016687
063076,2024,25,Saviano,15949.0,13.8775,156.7496394758292,1.8014772113132769
063077,2024,9,Scisciano,6071.0,5.4791,148.2457585241311,1.6426055374057784
063078,2024,4,Serrara Fontana,3023.0,6.4432,132.31888852133642,0.6208095356344674
063079,2024,47,Somma Vesuviana,33881.0,30.6664,138.7208169770668,1.5326220228001983
063080,2024,54,Sorrento,15809.0,9.9556,341.57758238977794,5.424082928201213
063081,2024,8,Striano,8660.0,7.6518,92.37875288683603,1.045505632661596
063082,2024,23,Terzigno,17482.0,23.4648,131.56389429127103,0.9801916061504893
063083,2024,67,Torre Annunziata,40674.0,7.508,164.7243939617446,8.923814597762387
063084,2024,148,Torre del Greco,81655.0,30.6611,181.25038270773376,4.826963155268402
063085,2024,10,Tufino,3401.0,5.207,294.0311673037342,1.9204916458613406
063086,2024,52,Vico Equense,20322.0,29.3794,255.88032673949414,1.769947650394494
063087,2024,20,Villaricca,30710.0,6.8729,65.12536633018561,2.9099797756405597
063088,2024,3,Visciano,4226.0,10.9036,70.9891150023663,0.27513848637147365
063089,2024,18,Volla,24905.0,6.2063,72.27464364585425,2.9002787490130997
063090,2024,21,Santa Maria la Carità,11685.0,3.9788,179.7175866495507,5.277973258268824
063091,2024,4,Trecase,8643.0,6.2131,46.28022677311119,0.6438010011105567
063092,2024,2,Massa di Somma,5019.0,3.0421,39.84857541342897,0.6574405838072385
064001,2024,1,Aiello del Sabato,3956.0,10.8723,25.278058645096056,0.09197685862237062
064002,2024,1,Altavilla Irpina,4000.0,14.0831,25.0,0.07100709360865151
064003,2024,3,Andretta,1700.0,43.6485,176.47058823529412,0.06873088422282553
064004,2024,1,Aquilonia,1518.0,56.145,65.87615283267458,0.017811025024490158
064005,2024,56,Ariano Irpino,21422.0,186.7365,261.4135001400429,0.29988780982828744
064006,2024,17,Atripalda,10570.0,8.5931,160.8325449385052,1.9783314519789135
064007,2024,2,Avella,7553.0,29.389,26.47954455183371,0.068052672768723
064008,2024,133,Avellino,52819.0,30.55,251.80332834775365,4.353518821603928
064010,2024,4,Baiano,4517.0,12.2951,88.55435023245516,0.3253328561784776
064011,2024,3,Bisaccia,3604.0,102.1573,83.24084350721421,0.029366476991854715
064012,2024,3,Bonito,2238.0,18.7774,134.04825737265415,0.1597665278473058
064014,2024,3,Calabritto,2161.0,56.334,138.82461823229985,0.05325380764724678
064015,2024,1,Calitri,4341.0,101.0517,23.0361667818475,0.009895924561387884
064017,2024,1,Caposele,3295.0,41.2828,30.349013657056144,0.024223163157537763
064018,2024,1,Capriglia Irpina,2242.0,7.4879,44.603033006244424,0.1335487920511759
064019,2024,1,Carife,1306.0,16.7239,76.5696784073507,0.059794665119978
064020,2024,1,Casalbore,1626.0,28.0937,61.50061500615006,0.03559516902366011
064021,2024,5,Cassano Irpino,920.0,13.0746,543.4782608695652,0.38242087712052375
064022,2024,1,Castel Baronia,1066.0,15.3663,93.80863039399625,0.06507747473367043
064023,2024,3,Castelfranci,1862.0,11.6888,161.1170784103115,0.25665594415166654
064024,2024,1,Castelvetere sul Calore,1532.0,17.17,65.27415143603133,0.05824111822947
064025,2024,8,Cervinara,8903.0,29.343,89.85735145456587,0.2726374263026957
064026,2024,8,Cesinali,2602.0,3.7261,307.45580322828596,2.1470169882719197
064027,2024,1,Chianche,457.0,6.6074,218.8183807439825,0.1513454611496201
064028,2024,6,Chiusano di San Domenico,2128.0,24.6024,281.9548872180451,0.24387864598575748
064029,2024,3,Contrada,2961.0,10.3106,101.31712259371835,0.29096269858204177
064030,2024,5,Conza della Campania,1265.0,51.6343,395.2569169960474,0.09683485590005093
064031,2024,1,Domicella,1833.0,6.399,54.55537370430987,0.1562744178777934
064032,2024,7,Flumeri,2626.0,34.5501,266.56511805026656,0.20260433399613895
064033,2024,2,Fontanarosa,2880.0,16.7042,69.44444444444444,0.11973036721303625
064034,2024,4,Forino,5162.0,20.3896,77.48934521503294,0.19617844391258288
064035,2024,11,Frigento,3484.0,38.0394,315.7290470723306,0.28917385658028255
064036,2024,4,Gesualdo,3303.0,27.3349,121.10202845897669,0.14633307603100798
064038,2024,30,Grottaminarda,7722.0,29.1148,388.5003885003885,1.03040378089494
064039,2024,4,Grottolella,1833.0,7.1256,218.2214948172395,0.5613562366677893
064040,2024,5,Guardia Lombardi,1533.0,55.8729,326.1578604044357,0.08948882195125006
064041,2024,3,Lacedonia,2107.0,82.0825,142.38253440911248,0.036548594401973625
064042,2024,2,Lapio,1452.0,15.2465,137.7410468319559,0.13117764732889517
064043,2024,5,Lauro,3303.0,11.2934,151.37753557372085,0.44273646554624824
064044,2024,15,Lioni,6009.0,46.5111,249.62556165751374,0.3225036604165457
064045,2024,1,Luogosano,1094.0,6.0681,91.40767824497257,0.1647962294622699
064046,2024,8,Manocalzati,3054.0,8.7453,261.95153896529143,0.9147770802602541
064047,2024,3,Marzano di Nola,1632.0,4.7196,183.8235294117647,0.6356470887363336
064048,2024,1,Melito Irpino,1807.0,20.684,55.34034311012728,0.04834654805646876
064049,2024,26,Mercogliano,11653.0,19.9169,223.11851025487002,1.3054240368732082
064050,2024,20,Mirabella Eclano,6856.0,33.9585,291.71528588098016,0.5889541646421367
064051,2024,1,Montaguto,357.0,18.3786,280.1120448179272,0.05441110857192605
064053,2024,1,Montefalcione,3140.0,15.294,31.84713375796178,0.0653851183470642
064054,2024,15,Monteforte Irpino,11303.0,26.9575,132.7081305848005,0.5564314198275063
064055,2024,1,Montefredane,2136.0,9.4461,46.81647940074907,0.1058637956405289
064056,2024,2,Montefusco,1232.0,8.2382,162.33766233766235,0.2427714792066228
064057,2024,8,Montella,7392.0,82.9536,108.22510822510823,0.09643945530995642
064058,2024,2,Montemarano,2667.0,34.0089,74.99062617172854,0.05880813551746749
064059,2024,5,Montemiletto,5065.0,21.6348,98.71668311944718,0.23110913897979182
064063,2024,2,Morra De Sanctis,1163.0,30.412,171.96904557179707,0.06576351440220965
064065,2024,3,Mugnano del Cardinale,5132.0,12.2983,58.45674201091193,0.24393615377735137
064066,2024,4,Nusco,3946.0,53.6004,101.36847440446022,0.07462630875888986
064067,2024,3,Ospedaletto d'Alpinolo,2113.0,5.6764,141.9782300047326,0.5285039813966599
064068,2024,2,Pago del Vallo di Lauro,1699.0,4.6255,117.71630370806356,0.4323856880337261
064069,2024,1,Parolise,634.0,3.2187,157.72870662460568,0.3106844378165098
064072,2024,5,Pietradefusi,1974.0,9.2415,253.29280648429585,0.5410377103284099
064074,2024,1,Prata di Principato Ultra,2782.0,10.9911,35.94536304816679,0.09098270418793387
064075,2024,9,Pratola Serra,3664.0,8.8428,245.63318777292577,1.017777174650563
064077,2024,1,Quindici,1888.0,23.9082,52.96610169491525,0.04182665361675074
064078,2024,8,Roccabascerana,2299.0,12.4554,347.9773814702044,0.64229169677409
064079,2024,1,Rocca San Felice,804.0,14.4116,124.37810945273631,0.06938854811401926
064080,2024,5,Rotondi,3449.0,7.8084,144.96955639315743,0.6403360483581784
064081,2024,2,Salza Irpina,728.0,4.9594,274.72527472527474,0.40327458966810503
064082,2024,1,San Mango sul Calore,1094.0,14.5865,91.40767824497257,0.06855654200802112
064083,2024,5,San Martino Valle Caudina,4753.0,22.9153,105.1967178624027,0.21819483052807515
064084,2024,3,San Michele di Serino,2436.0,4.4659,123.15270935960591,0.671757092635303
064086,2024,3,San Potito Ultra,1479.0,4.5378,202.83975659229208,0.6611133148221605
064092,2024,13,Sant'Angelo dei Lombardi,3946.0,55.1046,329.4475418144957,0.23591496898625525
064093,2024,1,Santa Paolina,1201.0,8.4343,83.26394671107411,0.11856348481794576
064095,2024,2,Santo Stefano del Sole,2071.0,10.7802,96.57170449058425,0.18552531492922208
064096,2024,2,Savignano Irpino,1048.0,38.4722,190.83969465648855,0.05198558959456438
064097,2024,1,Scampitella,1087.0,15.1053,91.99632014719411,0.06620192912421469
064099,2024,8,Serino,6789.0,52.4994,117.83767859773162,0.15238269389745407
064101,2024,19,Solofra,12124.0,22.2135,156.71395579016826,0.8553357192698134
064103,2024,6,Sperone,3650.0,4.6968,164.38356164383563,1.2774655084312725
064104,2024,3,Sturno,2859.0,16.6733,104.93179433368311,0.17992838850137644
064107,2024,2,Taurasi,2193.0,14.4115,91.19927040583676,0.13877805918884223
064108,2024,2,Teora,1450.0,23.2061,137.9310344827586,0.08618423604138567
064109,2024,2,Torella dei Lombardi,1973.0,26.5685,101.36847440446022,0.07527711387545401
064112,2024,1,Trevico,880.0,11.0025,113.63636363636363,0.09088843444671665
064114,2024,3,Vallata,2570.0,47.9136,116.73151750972762,0.06261270286515729
064115,2024,1,Vallesaccarda,1246.0,14.1237,80.25682182985554,0.07080297655713447
064116,2024,7,Venticano,2336.0,14.1566,299.6575342465753,0.49446901092070134
064117,2024,1,Villamaina,924.0,9.0366,108.22510822510823,0.11066108934776354
064118,2024,1,Villanova del Battista,1496.0,19.9992,66.84491978609626,0.0500020000800032
064119,2024,5,Volturara Irpina,3062.0,32.4183,163.29196603527106,0.15423387407729583
064121,2024,33,Montoro,19305.0,40.1409,170.94017094017093,0.8221041381732845
065001,2024,2,Acerno,2533.0,72.4968,78.95775759968417,0.027587424548393864
065002,2024,61,Agropoli,21214.0,32.7665,287.5459602149524,1.8616574855416355
065003,2024,7,Albanella,6287.0,40.2302,111.34086209638937,0.1739986378392352
065005,2024,13,Altavilla Silentina,6907.0,52.4817,188.2148544954394,0.2477053906409282
065006,2024,14,Amalfi,4921.0,5.7001,284.4950213371266,2.4560972614515535
065007,2024,52,Angri,33889.0,13.7655,153.44211986190209,3.7775598416330682
065008,2024,3,Aquara,1358.0,32.7339,220.91310751104564,0.0916481079248119
065009,2024,15,Ascea,5757.0,37.4528,260.55237102657634,0.40050410116199586
065010,2024,10,Atena Lucana,2392.0,26.0072,418.0602006688963,0.38450890522624503
065011,2024,1,Atrani,808.0,0.1206,123.76237623762377,8.291873963515755
065012,2024,3,Auletta,2165.0,35.6828,138.56812933025404,0.08407411974396628
065013,2024,43,Baronissi,16912.0,17.9298,254.25733207190163,2.3982420328168748
065014,2024,148,Battipaglia,49805.0,56.8494,297.15891978716996,2.603369604604446
065016,2024,2,Bracigliano,5327.0,14.4087,37.54458419373005,0.1388050275180967
065017,2024,9,Buccino,4697.0,65.9179,191.61166702150308,0.13653347573269173
065019,2024,1,Caggiano,2577.0,35.4297,38.80481179666278,0.02822490735174162
065021,2024,5,Camerota,6859.0,70.5768,72.89692374981776,0.07084481019258453
065022,2024,31,Campagna,16423.0,136.3035,188.75966632162212,0.2274336315648534
065025,2024,136,Capaccio Paestum,22276.0,113.0263,610.5225354641767,1.203259772283088
065026,2024,2,Casalbuono,1077.0,34.8232,185.70102135561746,0.05743297571733787
065028,2024,17,Casal Velino,5341.0,31.7096,318.29245459651753,0.5361152458561446
065029,2024,5,Caselle in Pittari,1855.0,45.5545,269.54177897574124,0.10975864074899297
065031,2024,10,Castellabate,8624.0,37.4332,115.95547309833024,0.26714253657181325
065032,2024,11,Castelnuovo Cilento,2799.0,18.0593,392.9974991068239,0.6091044503386067
065033,2024,1,Castelnuovo di Conza,596.0,14.0638,167.78523489932886,0.07110453789160824
065034,2024,21,Castel San Giorgio,13606.0,13.5851,154.3436719094517,1.5458112196450522
065035,2024,1,Castel San Lorenzo,2263.0,14.2937,44.18912947414936,0.06996089186144945
065037,2024,74,Cava de' Tirreni,51257.0,36.5311,144.37052500146322,2.025671277349984
065038,2024,2,Celle di Bulgheria,1774.0,31.6166,112.73957158962796,0.06325790882005022
065039,2024,5,Centola,4969.0,47.7508,100.6238679814852,0.1047102875763338
065040,2024,1,Ceraso,2242.0,46.4579,44.603033006244424,0.021524864447166142
065041,2024,6,Cetara,1993.0,4.9681,301.0536879076769,1.2077051589138705
065042,2024,1,Cicerale,1174.0,41.3734,85.17887563884157,0.02417011896532555
065043,2024,6,Colliano,3436.0,55.158,174.62165308498254,0.10877841836179701
065044,2024,4,Conca dei Marini,671.0,1.1281,596.1251862891207,3.5457849481428947
065046,2024,6,Contursi Terme,3244.0,28.9342,184.9568434032059,0.20736706043367364
065047,2024,3,Corbara,2490.0,6.7318,120.48192771084338,0.44564603820672033
065049,2024,1,Cuccaro Vetere,555.0,17.6631,180.18018018018017,0.056615203446733584
065050,2024,165,Eboli,37908.0,137.5727,435.264324153213,1.1993658625584873
065052,2024,26,Fisciano,13756.0,31.6874,189.00843268391975,0.8205154099105638
065053,2024,4,Furore,719.0,1.8817,556.3282336578582,2.125737365148536
065054,2024,1,Futani,1094.0,14.8506,91.40767824497257,0.06733734663919302
065055,2024,11,Giffoni Sei Casali,4931.0,35.075,223.07848306631516,0.3136136849607983
065056,2024,17,Giffoni Valle Piana,11560.0,88.6125,147.05882352941177,0.19184652278177458
065058,2024,2,Giungano,1296.0,11.7006,154.320987654321,0.1709314052270824
065059,2024,6,Ispani,1000.0,8.343,600.0,0.7191657677094571
065060,2024,4,Laureana Cilento,1182.0,13.7442,338.409475465313,0.2910318534363586
065061,2024,1,Laurino,1339.0,70.4538,74.68259895444362,0.014193698565584823
065064,2024,1,Lustra,1001.0,15.2415,99.9000999000999,0.06561034018961388
065066,2024,41,Maiori,5420.0,16.6714,756.4575645756457,2.459301558357427
065067,2024,60,Mercato San Severino,21740.0,30.3331,275.9889604415824,1.9780371936926986
065068,2024,6,Minori,2606.0,2.6624,230.23791250959326,2.253605769230769
065069,2024,2,Moio della Civitella,1816.0,17.1887,110.13215859030838,0.11635551263329978
065070,2024,1,Montano Antilia,1762.0,33.4423,56.75368898978434,0.02990224954623336
065071,2024,3,Montecorice,2533.0,22.251,118.43663639952626,0.1348254011055683
065072,2024,28,Montecorvino Pugliano,10937.0,28.8816,256.0117033921551,0.9694753753254668
065073,2024,13,Montecorvino Rovella,12279.0,42.1614,105.87181366560795,0.30833890715203954
065074,2024,1,Monteforte Cilento,538.0,22.1659,185.87360594795538,0.04511434230056077
065075,2024,1,Monte San Giacomo,1438.0,51.6911,69.54102920723227,0.019345690070437658
065076,2024,14,Montesano sulla Marcellana,6295.0,110.2217,222.39872915011915,0.12701673082523676
065078,2024,102,Nocera Inferiore,44377.0,20.9447,229.84879554724296,4.869967103849661
065079,2024,47,Nocera Superiore,23917.0,14.6625,196.5129405861939,3.205456095481671
065080,2024,1,Novi Velia,2267.0,34.7132,44.11116012351125,0.028807485336989964
065081,2024,4,Ogliastro Cilento,2267.0,13.2426,176.444640494045,0.3020554875930709
065082,2024,11,Olevano sul Tusciano,6483.0,26.7239,169.67453339503317,0.4116165679410565
065083,2024,2,Oliveto Citra,3655.0,31.6214,54.719562243502054,0.06324830652659275
065084,2024,1,Omignano,1637.0,10.1008,61.087354917532075,0.09900205924283226
065085,2024,3,Orria,991.0,26.5503,302.72452068617554,0.11299307352459294
065087,2024,19,Padula,4972.0,67.1141,382.1399839098954,0.28309997452100233
065088,2024,60,Pagani,34474.0,11.9763,174.04420722863608,5.009894541719897
065090,2024,17,Pellezzano,10959.0,14.0374,155.12364266812665,1.2110504794335133
065091,2024,6,Perdifumo,1710.0,23.8138,350.87719298245617,0.2519547489270927
065094,2024,1,Petina,1011.0,35.4697,98.91196834817012,0.02819307747175758
065095,2024,1,Piaggine,1183.0,62.7654,84.53085376162299,0.015932344890656317
065096,2024,4,Pisciotta,2453.0,31.238,163.06563391765187,0.12804917088161855
065097,2024,16,Polla,5177.0,48.0811,309.059300753332,0.33277108884780093
065098,2024,6,Pollica,2204.0,28.1653,272.2323049001815,0.2130280877533703
065099,2024,89,Pontecagnano Faiano,25797.0,37.1891,345.0013567469086,2.393174344095447
065100,2024,7,Positano,3782.0,8.6531,185.08725542041248,0.808958639100438
065101,2024,5,Postiglione,2002.0,48.2433,249.75024975024974,0.10364133465165111
065102,2024,1,Praiano,1994.0,2.6706,50.150451354062184,0.3744476896577548
065103,2024,7,Prignano Cilento,1049.0,12.0409,667.302192564347,0.5813518923004094
065104,2024,11,Ravello,2403.0,7.935,457.7611319184353,1.3862633900441084
065106,2024,11,Roccadaspide,6910.0,64.1579,159.18958031837917,0.1714519957791636
065107,2024,1,Roccagloriosa,1595.0,40.5575,62.695924764890286,0.024656352092707886
065108,2024,18,Roccapiemonte,8731.0,5.3133,206.16195166647577,3.3877251425667665
065109,2024,1,Rofrano,1312.0,63.5882,76.21951219512195,0.015726188192148858
065112,2024,2,Rutino,779.0,9.6883,256.73940949935815,0.2064345654036312
065114,2024,48,Sala Consilina,11900.0,59.6928,403.3613445378151,0.8041170794467675
065115,2024,1,Salento,1834.0,23.7851,54.525627044711015,0.042043127840538826
065116,2024,543,Salerno,129206.0,59.8517,420.2591210934477,9.072424008006456
065118,2024,16,San Cipriano Picentino,6532.0,17.3872,244.9479485609308,0.9202171712524155
065120,2024,4,San Gregorio Magno,4004.0,50.0525,99.9000999000999,0.07991608810748714
065121,2024,7,San Mango Piemonte,2637.0,6.0237,265.45316647705727,1.1620764646313728
065122,2024,17,San Marzano sul Sarno,10357.0,5.1894,164.14019503717293,3.2759085828804873
065123,2024,1,San Mauro Cilento,862.0,15.2807,116.0092807424594,0.06544202817933734
065124,2024,1,San Mauro la Bruca,548.0,19.0544,182.4817518248175,0.05248131665127215
065125,2024,7,San Pietro al Tanagro,1663.0,15.5134,420.92603728202045,0.451222813825467
065126,2024,1,San Rufo,1619.0,31.9585,61.766522544780734,0.03129057997089976
065127,2024,7,Santa Marina,3141.0,28.3605,222.85896211397642,0.2468221646303838
065129,2024,4,Sant'Arsenio,2713.0,20.1435,147.43826022852932,0.19857522277657805
065130,2024,26,Sant'Egidio del Monte Albino,8806.0,7.2451,295.25323642970704,3.588632317014258
065132,2024,18,San Valentino Torio,10893.0,9.1563,165.24373450839988,1.9658595720978997
065133,2024,4,Sanza,2368.0,128.7442,168.91891891891893,0.03106936079450569
065134,2024,11,Sapri,6418.0,14.2001,171.39295730757246,0.7746424320955486
065135,2024,53,Sarno,30590.0,40.0006,173.25923504413208,1.3249801252981206
065136,2024,12,Sassano,4641.0,47.7559,258.5649644473174,0.2512778525794719
065137,2024,110,Scafati,48612.0,19.8723,226.2815765654571,5.5353431661156485
065140,2024,9,Serre,3749.0,67.033,240.06401707121898,0.13426222905136276
065142,2024,7,Siano,9464.0,8.5692,73.96449704142012,0.8168790552210241
065143,2024,15,Sicignano degli Alburni,3137.0,81.1133,478.16385081287854,0.18492651636661314
065146,2024,7,Teggiano,7221.0,61.8655,96.93948206619581,0.11314868545473648
065147,2024,2,Torchiara,1805.0,8.4617,110.803324099723,0.23635912405308623
065149,2024,1,Torre Orsaia,1987.0,21.0329,50.327126321087064,0.047544561139928394
065151,2024,5,Tramonti,4022.0,24.826,124.31626056688215,0.20140175622331427
065152,2024,2,Trentinara,1548.0,23.4361,129.19896640826875,0.08533843088227137
065154,2024,22,Vallo della Lucania,8089.0,25.3214,271.97428606749907,0.8688303174390042
065155,2024,3,Valva,1535.0,26.785,195.4397394136808,0.11200298674631323
065156,2024,14,Vibonati,3182.0,20.5428,439.97485857950977,0.6815039819304087
065157,2024,44,Vietri sul Mare,7306.0,9.5175,602.2447303586094,4.623062779091148
065158,2024,33,Bellizzi,13366.0,8.022,246.89510698787967,4.113687359760658
066002,2024,2,Aielli,1437.0,37.5166,139.17884481558804,0.053309734890688396
066003,2024,4,Alfedena,917.0,39.95,436.2050163576881,0.10012515644555695
066004,2024,6,Anversa degli Abruzzi,318.0,32.4329,1886.7924528301885,0.18499733295511658
066005,2024,2,Ateleta,1092.0,41.9252,183.15018315018315,0.0477040061824392
066006,2024,104,Avezzano,41283.0,104.0845,251.919676380108,0.9991881596203085
066007,2024,2,Balsorano,3297.0,58.842,60.66120715802245,0.03398932735121172
066008,2024,1,Barete,623.0,24.5883,160.51364365971108,0.04066974943367374
066009,2024,11,Barisciano,1678.0,78.4864,655.5423122765196,0.14015166958861663
066010,2024,3,Barrea,720.0,87.1069,416.6666666666667,0.034440440424352146
066012,2024,3,Bugnara,1058.0,25.121,283.5538752362949,0.11942199753194539
066013,2024,1,Cagnano Amiterno,1190.0,61.3144,84.03361344537815,0.016309382461542475
066014,2024,1,Calascio,128.0,39.4433,781.25,0.025352848265738415
066015,2024,1,Campo di Giove,780.0,28.904,128.2051282051282,0.0345972875726543
066017,2024,3,Canistro,936.0,15.903,320.5128205128205,0.18864365214110546
066018,2024,2,Cansano,221.0,37.6995,904.9773755656109,0.053051101473494344
066019,2024,2,Capestrano,858.0,43.6574,233.1002331002331,0.0458112484939552
066020,2024,5,Capistrello,4889.0,60.9626,102.27040294538762,0.08201749925364075
066024,2024,1,Carapelle Calvisio,83.0,14.7863,1204.8192771084339,0.06763017117196324
066025,2024,29,Carsoli,5130.0,95.7935,565.3021442495127,0.3027345279168211
066028,2024,16,Castel di Sangro,6533.0,84.4298,244.9104546150314,0.1895065486356713
066031,2024,2,Castelvecchio Subequo,850.0,19.2942,235.2941176470588,0.1036580941422811
066032,2024,18,Celano,10431.0,82.7991,172.5625539257981,0.2173936673224709
066033,2024,2,Cerchio,1570.0,20.1647,127.38853503184713,0.09918322613279643
066035,2024,1,Civitella Alfedena,285.0,29.4906,350.87719298245617,0.03390911002149837
066036,2024,3,Civitella Roveto,3068.0,45.4518,97.78357235984356,0.0660039866407931
066037,2024,1,Cocullo,217.0,31.6044,460.8294930875576,0.03164116388857248
066038,2024,2,Collarmele,843.0,23.9435,237.24792408066432,0.08352997682043144
066039,2024,1,Collelongo,1120.0,54.0194,89.28571428571428,0.018511867958548225
066040,2024,1,Collepietro,217.0,15.2092,460.8294930875576,0.06574967782657866
066042,2024,1,Fagnano Alto,381.0,24.6437,262.4671916010499,0.040578322248688306
066043,2024,1,Fontecchio,293.0,16.8595,341.29692832764505,0.059313740027877454
066046,2024,3,Gioia dei Marsi,1738.0,58.4035,172.61219792865361,0.051366784524900046
066047,2024,1,Goriano Sicoli,525.0,20.2376,190.47619047619048,0.049412973870419416
066048,2024,2,Introdacqua,1981.0,37.1068,100.95911155981827,0.05389847682904481
066049,2024,206,L'Aquila,69349.0,473.9064,297.0482631328498,0.43468499264833727
066051,2024,13,Luco dei Marsi,6047.0,44.8647,214.9826360178601,0.28976010092567206
066052,2024,4,Lucoli,873.0,103.4425,458.1901489117984,0.03866882567610025
066053,2024,5,Magliano de' Marsi,3530.0,70.9185,141.643059490085,0.07050346524531681
066054,2024,2,Massa d'Albe,1385.0,68.5331,144.4043321299639,0.029182978735822544
066056,2024,3,Montereale,2262.0,104.4084,132.6259946949602,0.028733320307561462
066058,2024,2,Navelli,518.0,42.0036,386.1003861003861,0.047614966336218804
066059,2024,1,Ocre,1125.0,23.6036,88.8888888888889,0.04236641868189598
066060,2024,1,Ofena,454.0,36.8978,220.26431718061676,0.02710188683336134
066061,2024,5,Opi,375.0,49.9042,1333.3333333333335,0.10019196781032458
066062,2024,7,Oricola,1256.0,18.3576,557.3248407643312,0.38131346145465633
066063,2024,3,Ortona dei Marsi,437.0,57.1661,686.4988558352402,0.052478654307360484
066064,2024,5,Ortucchio,1766.0,38.9993,283.1257078142695,0.1282074293641168
066065,2024,2,Ovindoli,1171.0,61.3767,170.79419299743807,0.032585655468606166
066066,2024,5,Pacentro,1101.0,72.5874,454.13260672116263,0.06888247822624863
066069,2024,6,Pescina,3851.0,48.7943,155.80368735393407,0.122965182408601
066070,2024,4,Pescocostanzo,1106.0,55.0623,361.6636528028933,0.07264498577066342
066071,2024,7,Pettorano sul Gizio,1343.0,62.8484,521.2211466865227,0.11137912818782976
066072,2024,4,Pizzoli,4259.0,56.4355,93.91876027236441,0.07087737328454607
066073,2024,2,Poggio Picenze,1055.0,11.4565,189.5734597156398,0.17457338628726052
066074,2024,1,Prata d'Ansidonia,441.0,19.6544,226.75736961451247,0.05087919244545751
066075,2024,8,Pratola Peligna,7187.0,28.6736,111.31209127591484,0.27900228781876013
066076,2024,2,Prezza,920.0,21.5962,217.3913043478261,0.09260888489641696
066077,2024,5,Raiano,2658.0,28.9925,188.11136192626034,0.17245839441234803
066078,2024,3,Rivisondoli,673.0,32.0009,445.7652303120356,0.09374736335540562
066079,2024,1,Roccacasale,611.0,17.3068,163.66612111292963,0.057780756696789705
066081,2024,1,Rocca di Cambio,486.0,27.6186,205.761316872428,0.03620748336266139
066083,2024,4,Rocca Pia,181.0,44.961,2209.944751381215,0.0889659927492716
066084,2024,9,Roccaraso,1548.0,49.91,581.3953488372093,0.180324584251653
066085,2024,2,San Benedetto dei Marsi,3761.0,16.7609,53.17734645041213,0.11932533455840677
066086,2024,1,San Benedetto in Perillis,97.0,19.0984,1030.9278350515465,0.05236040715452603
066087,2024,1,San Demetrio ne' Vestini,1880.0,16.4918,53.19148936170213,0.06063619495749402
066089,2024,7,Sante Marie,1111.0,40.8133,630.06300630063,0.1715127176680151
066091,2024,1,Santo Stefano di Sessanio,116.0,33.6988,862.0689655172414,0.02967464716844517
066093,2024,2,Scanno,1717.0,134.6765,116.48223645894002,0.01485040077519092
066095,2024,6,Scoppito,3802.0,53.0036,157.81167806417673,0.11319985812284449
066096,2024,11,Scurcola Marsicana,2702.0,30.3815,407.10584752035527,0.362062439313398
066097,2024,1,Secinaro,329.0,33.341,303.951367781155,0.02999310158663507
066098,2024,62,Sulmona,22643.0,57.9278,273.81530715894536,1.0702978535349177
066099,2024,9,Tagliacozzo,6443.0,87.4574,139.68648145273943,0.10290724398392817
066100,2024,1,Tione degli Abruzzi,275.0,39.6548,363.6363636363636,0.02521762813076853
066101,2024,7,Tornimparte,2865.0,65.9607,244.3280977312391,0.10612379795848133
066102,2024,8,Trasacco,5978.0,51.443,133.82402141184343,0.1555119258208114
066103,2024,2,Villalago,509.0,33.1994,392.9273084479371,0.06024205256721508
066107,2024,2,Villetta Barrea,601.0,20.5246,332.77870216306155,0.09744404275844597
067001,2024,52,Alba Adriatica,12631.0,9.5964,411.6855355870477,5.418698678671169
067002,2024,3,Ancarano,1886.0,13.9192,159.06680805938495,0.21552962813954826
067004,2024,20,Atri,10179.0,92.1814,196.48295510364477,0.21696350890743688
067005,2024,6,Basciano,2345.0,18.8534,255.86353944562902,0.31824498498944487
067006,2024,11,Bellante,6852.0,50.044,160.53706946876824,0.219806570218208
067007,2024,1,Bisenti,1707.0,30.8746,58.58230814294083,0.03238908358326909
067008,2024,8,Campli,6714.0,73.4239,119.15400655347035,0.10895634800112769
067009,2024,3,Canzano,1768.0,16.7371,169.68325791855204,0.17924252110580685
067010,2024,2,Castel Castagna,463.0,18.159,431.9654427645789,0.11013822347045543
067011,2024,18,Castellalto,7426.0,34.1757,242.39159709130084,0.5266900165907356
067014,2024,2,Castilenti,1379.0,23.7942,145.03263234227703,0.08405409721696884
067015,2024,2,Cellino Attanasio,2320.0,43.9394,86.20689655172414,0.04551723510107102
067016,2024,1,Cermignano,1493.0,26.3628,66.97923643670462,0.037932237850304217
067017,2024,6,Civitella del Tronto,4649.0,77.7369,129.0600129060013,0.07718342254450589
067018,2024,6,Colledara,2106.0,18.0131,284.90028490028493,0.3330909171658404
067019,2024,11,Colonnella,3649.0,21.6331,301.4524527267744,0.5084800606478036
067020,2024,5,Controguerra,2272.0,22.8145,220.07042253521126,0.21915886826360428
067021,2024,13,Corropoli,5145.0,22.1135,252.67249757045676,0.5878761842313519
067024,2024,1,Fano Adriano,261.0,35.7722,383.1417624521073,0.027954668709221128
067025,2024,102,Giulianova,23464.0,28.0024,434.70848960109106,3.642544924720738
067026,2024,9,Isola del Gran Sasso d'Italia,4465.0,84.045,201.56774916013438,0.10708548991611637
067027,2024,1,Montefino,965.0,18.5937,103.62694300518135,0.05378165722798583
067028,2024,6,Montorio al Vomano,7657.0,53.5649,78.35967088938227,0.11201365073023566
067029,2024,3,Morro d'Oro,3583.0,28.7269,83.72871895060005,0.10443173471554536
067030,2024,30,Mosciano Sant'Angelo,9101.0,48.4475,329.63410614218213,0.6192269982971258
067031,2024,8,Nereto,5296.0,7.0112,151.05740181268882,1.1410314924691922
067032,2024,14,Notaresco,6433.0,38.1502,217.6278563656148,0.3669705532343212
067033,2024,4,Penna Sant'Andrea,1668.0,11.0982,239.8081534772182,0.36041880665333115
067035,2024,47,Pineto,14582.0,38.1092,322.3151831024551,1.2332979962843618
067036,2024,1,Rocca Santa Maria,483.0,61.7982,207.0393374741201,0.016181701085144874
067037,2024,59,Roseto degli Abruzzi,25429.0,53.2664,232.0185614849188,1.1076400883108302
067038,2024,26,Sant'Egidio alla Vibrata,9834.0,18.3618,264.3888549928818,1.4159831824766635
067039,2024,22,Sant'Omero,5185.0,34.2024,424.3008678881389,0.6432297148738101
067040,2024,48,Silvi,15251.0,20.6259,314.733460100977,2.3271711779849604
067041,2024,143,Teramo,52476.0,152.8396,272.5055263358488,0.935621396549062
067042,2024,1,Torano Nuovo,1523.0,10.2171,65.65988181221273,0.09787513090798759
067043,2024,2,Torricella Sicura,2497.0,54.3803,80.0961153384061,0.036778024394863586
067044,2024,44,Tortoreto,11810.0,22.9731,372.5656223539374,1.9152835272557907
067046,2024,1,Valle Castellana,878.0,131.7532,113.89521640091115,0.0075899484794297225
067047,2024,73,Martinsicuro,16198.0,14.6579,450.67292258303496,4.980249558258687
068001,2024,1,Abbateggio,365.0,15.4014,273.972602739726,0.06492916228394821
068002,2024,6,Alanno,3424.0,32.5275,175.23364485981307,0.18445930366612864
068003,2024,3,Bolognano,1041.0,16.9583,288.1844380403458,0.17690452462805822
068005,2024,3,Bussi sul Tirino,2317.0,25.9116,129.4777729823047,0.11577826147362572
068006,2024,9,Cappelle sul Tavo,3956.0,5.4127,227.5025278058645,1.6627561106287065
068007,2024,1,Caramanico Terme,1823.0,84.9893,54.85463521667581,0.011766187037662388
068010,2024,2,Catignano,1242.0,17.0253,161.0305958132045,0.11747223250104255
068011,2024,34,Cepagatti,10920.0,30.8178,311.35531135531136,1.1032585064475726
068012,2024,59,Città Sant'Angelo,14799.0,62.0216,398.675586188256,0.9512814890296284
068013,2024,3,Civitaquana,1190.0,21.8798,252.10084033613447,0.13711277068346145
068015,2024,10,Collecorvino,5990.0,31.9847,166.9449081803005,0.31264948553527155
068018,2024,4,Elice,1644.0,14.3097,243.30900243309003,0.27953066800841386
068019,2024,3,Farindola,1363.0,45.4721,220.10271460014673,0.06597452064012879
068020,2024,1,Lettomanoppello,2767.0,15.0704,36.140224069389234,0.0663552394097038
068021,2024,20,Loreto Aprutino,7164.0,59.4993,279.17364600781684,0.33613840835102266
068022,2024,16,Manoppello,6784.0,39.2626,235.84905660377356,0.4075124928048576
068024,2024,198,Montesilvano,53344.0,23.5815,371.1757648470306,8.396412441956619
068025,2024,3,Moscufo,3088.0,20.2564,97.15025906735751,0.14810134081080548
068026,2024,2,Nocciano,1750.0,13.7621,114.28571428571429,0.1453266579955094
068027,2024,22,Penne,11470.0,91.1943,191.8047079337402,0.24124314787218062
068028,2024,534,Pescara,118766.0,34.3332,449.6236296583197,15.553458460032855
068030,2024,11,Pianella,8494.0,47.0484,129.50317871438662,0.23380178709584173
068031,2024,1,Picciano,1287.0,7.558,77.7000777000777,0.13231013495633767
068033,2024,7,Popoli,4784.0,35.0393,146.3210702341137,0.19977568045023733
068034,2024,1,Roccamorice,908.0,25.0563,110.13215859030838,0.03991012240434541
068035,2024,12,Rosciano,3977.0,27.7943,301.7349761126477,0.43174319914514847
068039,2024,4,Scafa,3542.0,10.3407,112.9305477131564,0.386821008248958
068040,2024,1,Serramonacesca,537.0,23.8874,186.21973929236498,0.04186307425672112
068041,2024,70,Spoltore,18996.0,37.0138,368.4986312907981,1.891186530429191
068042,2024,8,Tocco da Casauria,2459.0,29.6676,325.3355022366816,0.2696544378379107
068043,2024,1,Torre de' Passeri,2905.0,5.9177,34.42340791738383,0.168984571708603
068044,2024,1,Turrivalignani,791.0,6.1122,126.42225031605564,0.1636072118058964
068046,2024,1,Villa Celiera,571.0,13.1818,175.13134851138355,0.07586217360299807
069001,2024,4,Altino,3080.0,15.3302,129.87012987012986,0.2609228842415624
069002,2024,1,Archi,2030.0,28.5443,49.26108374384236,0.03503326408424799
069003,2024,1,Ari,1071.0,11.3915,93.37068160597573,0.08778475178861431
069005,2024,28,Atessa,10443.0,110.9761,268.1221871109834,0.25230657772259074
069006,2024,1,Bomba,755.0,17.2605,132.4503311258278,0.057935749254077226
069008,2024,2,Bucchianico,5002.0,38.0774,39.98400639744102,0.05252459464144086
069010,2024,3,Canosa Sannita,1270.0,13.9124,236.2204724409449,0.21563497311750668
069013,2024,1,Casacanditella,1174.0,12.5381,85.17887563884157,0.07975690096585607
069015,2024,11,Casalbordino,5808.0,46.0149,189.3939393939394,0.23905300239704966
069017,2024,7,Casoli,5305.0,67.035,131.95098963242225,0.10442306257924965
069018,2024,4,Castel Frentano,4268.0,21.8861,93.72071227741331,0.18276440297723212
069022,2024,146,Chieti,49139.0,59.5668,297.1163434339323,2.4510297682601716
069027,2024,3,Crecchio,2648.0,19.2341,113.29305135951662,0.15597298547891503
069028,2024,5,Cupello,4752.0,48.3922,105.21885521885521,0.10332243626038906
069029,2024,1,Dogliola,323.0,11.8476,309.59752321981426,0.08440528039434148
069030,2024,4,Fara Filiorum Petri,1936.0,14.9639,206.61157024793388,0.2673099927158027
069032,2024,1,Filetto,884.0,13.5328,113.12217194570137,0.07389453771577205
069033,2024,20,Fossacesia,6215.0,30.1407,321.8020917135961,0.6635545956132406
069035,2024,84,Francavilla al Mare,25677.0,23.1125,327.1410211473303,3.6343969713358573
069036,2024,1,Fresagrandinaria,908.0,25.1486,110.13215859030838,0.03976364489474563
069037,2024,1,Frisa,1634.0,11.4882,61.19951040391676,0.08704583833846903
069041,2024,2,Gissi,2545.0,36.6462,78.58546168958742,0.054575917830498116
069042,2024,1,Giuliano Teatino,1151.0,9.8874,86.88097306689835,0.10113882314865384
069043,2024,8,Guardiagrele,8615.0,56.5009,92.86128845037724,0.14159066492746133
069046,2024,98,Lanciano,34410.0,66.9494,284.80092996222027,1.4637920578825203
069047,2024,1,Lentella,651.0,12.6165,153.60983102918587,0.07926128482542702
069049,2024,1,Liscia,668.0,8.1795,149.7005988023952,0.12225686166636102
069050,2024,17,Miglianico,4640.0,22.7343,366.37931034482756,0.7477687898901659
069055,2024,2,Monteodorisio,2342.0,25.2122,85.39709649871904,0.07932667518106314
069056,2024,8,Mozzagrogna,2412.0,14.1032,331.6749585406302,0.5672471495830734
069057,2024,4,Orsogna,3639.0,25.446,109.92030777686178,0.15719562996148706
069058,2024,74,Ortona,22287.0,70.8737,332.03212635168484,1.0441108619981743
069059,2024,6,Paglieta,4157.0,33.7797,144.3348568679336,0.17762147088340038
069062,2024,1,Palombaro,975.0,17.193,102.56410256410257,0.05816320595591228
069068,2024,4,Pollutri,2073.0,26.168,192.9570670525808,0.1528584530724549
069069,2024,1,Pretoro,866.0,26.1259,115.47344110854503,0.038276193356018354
069071,2024,1,Rapino,1230.0,20.2985,81.30081300813008,0.04926472399438382
069072,2024,4,Ripa Teatina,4002.0,20.1629,99.95002498750624,0.19838416100858508
069073,2024,2,Roccamontepiano,1573.0,18.2198,127.14558169103624,0.10977068903061504
069074,2024,7,Rocca San Giovanni,2301.0,21.6995,304.2155584528466,0.3225880780663149
069076,2024,1,Roccaspinalveti,1208.0,33.0066,82.78145695364239,0.030296970908848534
069079,2024,1,San Buono,891.0,25.2693,112.23344556677891,0.0395737119746095
069081,2024,31,San Giovanni Teatino,14174.0,17.7311,218.71031466064625,1.7483404864898398
069082,2024,1,San Martino sulla Marrucina,865.0,7.408,115.60693641618498,0.13498920086393087
069083,2024,56,San Salvo,19445.0,19.6996,287.9917716636668,2.8426973136510387
069084,2024,8,Santa Maria Imbaro,2054.0,5.7079,389.48393378773125,1.401566250284693
069085,2024,2,Sant'Eusanio del Sangro,2308.0,23.8273,86.65511265164645,0.08393733238763938
069086,2024,13,San Vito Chietino,5189.0,17.0004,250.52996723838888,0.7646878896967131
069087,2024,5,Scerni,3022.0,41.2545,165.4533421575116,0.12119889951399242
069090,2024,6,Tollo,3948.0,14.9591,151.9756838905775,0.40109364868207315
069091,2024,5,Torino di Sangro,2971.0,32.1175,168.29350387075058,0.15567836849069822
069094,2024,4,Torrevecchia Teatina,4165.0,14.6762,96.03841536614647,0.27255011515242367
069096,2024,7,Treglio,1687.0,4.8695,414.9377593360996,1.4375192524899887
069097,2024,1,Tufillo,370.0,21.4377,270.27027027027026,0.04664679513194046
069098,2024,1,Vacri,1550.0,12.2727,64.51612903225806,0.0814816625518427
069099,2024,123,Vasto,40553.0,71.3449,303.3067837151382,1.7240195164615832
069101,2024,1,Villamagna,2180.0,12.7324,45.87155963302752,0.07853978825673086
069102,2024,1,Villa Santa Maria,1147.0,16.2298,87.1839581517001,0.061615053789941955
070002,2024,1,Baranello,2510.0,24.9947,39.8406374501992,0.040008481798141204
070003,2024,13,Bojano,7569.0,52.6298,171.75320385784119,0.2470083488821922
070005,2024,2,Busso,1163.0,23.8102,171.96904557179707,0.08399761446774912
070006,2024,107,Campobasso,47535.0,56.1117,225.0972967287262,1.9069106799473194
070007,2024,1,Campochiaro,599.0,35.701,166.9449081803005,0.028010419876193945
070008,2024,2,Campodipietra,2444.0,19.7217,81.83306055646482,0.10141113595683943
070010,2024,14,Campomarino,7629.0,76.676,183.51028968410014,0.18258646773436277
070017,2024,1,Cercemaggiore,3577.0,56.9107,27.95638803466592,0.01757138815723581
070022,2024,1,Duronia,395.0,22.4681,253.16455696202533,0.04450754625446744
070023,2024,3,Ferrazzano,3181.0,16.7727,94.30996541967934,0.1788620794505357
070025,2024,3,Gambatesa,1297.0,43.6825,231.3030069390902,0.06867738797001088
070026,2024,1,Gildone,759.0,29.7548,131.75230566534916,0.03360802290722841
070027,2024,2,Guardialfiera,970.0,43.5261,206.18556701030928,0.045949441829155384
070029,2024,9,Guglionesi,4957.0,100.9461,181.56142828323584,0.08915649044391016
070031,2024,4,Larino,6452.0,88.7652,61.99628022318661,0.04506270475366473
070034,2024,1,Lupara,440.0,25.8724,227.27272727272725,0.03865122678993831
070037,2024,1,Matrice,1063.0,20.4211,94.07337723424271,0.04896895857715794
070038,2024,1,Mirabello Sannitico,2067.0,21.4272,48.37929366231253,0.04666965352449223
070040,2024,1,Monacilioni,477.0,27.214,209.64360587002096,0.03674579260674653
070041,2024,2,Montagano,1018.0,26.6236,196.46365422396855,0.0751213209333073
070045,2024,1,Montemitro,314.0,16.2928,318.47133757961785,0.061376804478051654
070046,2024,11,Montenero di Bisaccia,6186.0,93.3125,177.82088587132233,0.11788345612860013
070047,2024,1,Montorio nei Frentani,383.0,31.6629,261.0966057441253,0.03158270404795518
070048,2024,1,Morrone del Sannio,540.0,45.84,185.1851851851852,0.02181500872600349
070049,2024,1,Oratino,1657.0,17.8849,60.350030175015085,0.055913088694932604
070050,2024,1,Palata,1595.0,43.8179,62.695924764890286,0.022821723542205352
070051,2024,11,Petacciato,3514.0,35.4006,313.0335799658509,0.31072919668028226
070052,2024,2,Petrella Tifernina,1062.0,26.5154,188.32391713747646,0.0754278645617264
070053,2024,1,Pietracatella,1256.0,50.2809,79.61783439490446,0.019888267711994017
070055,2024,1,Portocannone,2331.0,13.1136,42.9000429000429,0.07625671059053196
070057,2024,3,Riccia,4962.0,70.0393,60.45949214026602,0.04283309513373206
070059,2024,3,Ripalimosani,3017.0,33.827,99.43652635067949,0.08868655216247377
070060,2024,1,Roccavivara,653.0,21.0439,153.1393568147014,0.04751970879922448
070065,2024,1,San Giacomo degli Schiavoni,1375.0,11.0822,72.72727272727272,0.09023479092598942
070067,2024,1,San Giuliano del Sannio,949.0,24.0508,105.3740779768177,0.04157865850616196
070068,2024,1,San Giuliano di Puglia,992.0,42.0477,100.80645161290322,0.023782513668999732
070069,2024,6,San Martino in Pensilis,4601.0,100.652,130.40643338404695,0.05961133410165719
070070,2024,2,San Massimo,811.0,27.3299,246.6091245376079,0.0731799238196993
070071,2024,5,San Polo Matese,477.0,15.2841,1048.2180293501049,0.3271373518885639
070075,2024,3,Sepino,1791.0,61.3707,167.50418760469012,0.048883261882298884
070078,2024,93,Termoli,32560.0,55.6345,285.62653562653566,1.6716246214129722
070080,2024,1,Toro,1271.0,24.0582,78.67820613690007,0.041565869433290936
070081,2024,2,Trivento,4499.0,73.6983,44.45432318292954,0.027137668033048252
070083,2024,1,Ururi,2514.0,31.6494,39.77724741447892,0.031596175598905506
070084,2024,9,Vinchiaturo,3260.0,35.4776,276.07361963190186,0.25368119602227884
071001,2024,1,Accadia,2212.0,30.7359,45.20795660036166,0.03253524380284944
071004,2024,20,Apricena,12681.0,172.5024,157.71626843308889,0.11594041590145993
071005,2024,6,Ascoli Satriano,5986.0,336.6715,100.23387905111927,0.017821526324622073
071006,2024,3,Biccari,2634.0,106.6444,113.89521640091115,0.028130872319596715
071007,2024,3,Bovino,3044.0,84.9297,98.55453350854138,0.0353233321205656
071008,2024,6,Cagnano Varano,6711.0,166.8365,89.4054537326777,0.03596335334294354
071009,2024,6,Candela,2574.0,96.8096,233.1002331002331,0.06197732456285327
071010,2024,11,Carapelle,6703.0,25.0017,164.10562434730716,0.4399700820344217
071012,2024,3,Carpino,3867.0,80.0494,77.57951900698215,0.037476858040160196
071015,2024,6,Castelluccio dei Sauri,2009.0,51.4736,298.65604778496765,0.11656460787665911
071017,2024,2,Castelnuovo della Daunia,1308.0,61.4861,152.90519877675843,0.032527676987156445
071020,2024,177,Cerignola,57223.0,593.9196,309.31618405186725,0.2980201360588201
071021,2024,4,Chieuti,1557.0,61.5173,256.9043031470777,0.06502235956389503
071022,2024,1,Deliceto,3588.0,75.8521,27.870680044593087,0.01318355062022014
071024,2024,515,Foggia,147467.0,509.2545,349.23067533753317,1.011282178164356
071025,2024,7,Ischitella,4236.0,85.4608,165.2502360717658,0.08190889858274203
071026,2024,1,Isole Tremiti,451.0,3.178,221.72949002217294,0.3146633102580239
071027,2024,15,Lesina,6200.0,160.1534,241.93548387096774,0.0936602032801052
071028,2024,66,Lucera,31765.0,339.787,207.77585392727846,0.19423933228758017
071029,2024,131,Manfredonia,54643.0,354.5377,239.73793532565927,0.36949526101173447
071031,2024,1,Mattinata,6016.0,73.4796,16.622340425531913,0.013609219429610395
071033,2024,13,Monte Sant'Angelo,11654.0,245.1273,111.54968251244208,0.053033668628504456
071034,2024,1,Motta Montecorvino,668.0,19.9412,149.7005988023952,0.05014743345435581
071035,2024,4,Orsara di Puglia,2550.0,83.0056,156.8627450980392,0.048189519743246235
071036,2024,27,Orta Nova,16964.0,105.2381,159.16057533600568,0.2565610743637523
071038,2024,1,Peschici,4295.0,49.3895,23.28288707799767,0.020247218538353293
071039,2024,5,Pietramontecorvino,2554.0,71.6453,195.7713390759593,0.06978824849641219
071040,2024,5,Poggio Imperiale,2573.0,52.8824,194.325689856199,0.09454941530641575
071041,2024,1,Rignano Garganico,1905.0,89.3968,52.493438320209975,0.011186082723318955
071042,2024,5,Rocchetta Sant'Antonio,1736.0,72.4654,288.0184331797235,0.0689984461549926
071043,2024,5,Rodi Garganico,3401.0,13.4471,147.0155836518671,0.371827382855783
071046,2024,32,San Giovanni Rotondo,26344.0,261.8788,121.46978439113272,0.12219393093293539
071047,2024,10,San Marco in Lamis,12901.0,234.1973,77.51337105650725,0.0426990405098607
071049,2024,18,San Nicandro Garganico,14132.0,173.3574,127.37050665157089,0.10383173720879524
071050,2024,2,San Paolo di Civitate,5597.0,91.1604,35.733428622476325,0.0219393508584868
071051,2024,164,San Severo,50284.0,336.3046,326.14748230053294,0.4876531572865789
071053,2024,2,Serracapriola,3759.0,143.3541,53.20563979781857,0.013951467031637046
071054,2024,14,Stornara,5712.0,33.8629,245.09803921568627,0.4134318088527562
071055,2024,3,Stornarella,5220.0,33.8122,57.47126436781609,0.08872537131567897
071056,2024,24,Torremaggiore,16690.0,210.0084,143.7986818454164,0.11428114303999269
071058,2024,7,Troia,6804.0,168.245,102.880658436214,0.04160599126274184
071059,2024,13,Vico del Gargano,7350.0,111.0822,176.87074829931973,0.11703045132343436
071060,2024,32,Vieste,13461.0,169.1885,237.72379466607237,0.1891381506426264
071062,2024,3,Volturino,1572.0,58.3471,190.83969465648855,0.05141643714940417
071063,2024,2,Ordona,2909.0,39.5651,68.75214850464077,0.0505496005317818
071064,2024,6,Zapponeta,3320.0,41.7458,180.72289156626508,0.14372703361775316
072001,2024,28,Acquaviva delle Fonti,20184.0,132.0242,138.72374157748712,0.212082330360646
072002,2024,32,Adelfia,16547.0,29.8139,193.38852964283555,1.0733248585391377
072003,2024,16,Alberobello,10373.0,40.8232,154.2466017545551,0.3919339983146838
072004,2024,176,Altamura,69911.0,431.37,251.74865185736152,0.4080024109233373
072006,2024,1777,Bari,317205.0,117.4097,560.2055453098154,15.1350356912589
072010,2024,16,Bitetto,11767.0,33.9452,135.97348517039177,0.47134793726358953
072011,2024,137,Bitonto,53457.0,174.3365,256.2807490132256,0.7858365861423168
072012,2024,32,Bitritto,11197.0,17.9815,285.7908368312941,1.7796068181186218
072014,2024,49,Capurso,15357.0,15.1052,319.0727355603308,3.2439160024362472
072015,2024,53,Casamassima,19537.0,78.4318,271.28013512821826,0.6757463171825714
072016,2024,26,Cassano delle Murge,14805.0,90.1974,175.61634582911176,0.2882566459787089
072017,2024,62,Castellana Grotte,19323.0,69.1282,320.8611499249599,0.8968843395314791
072018,2024,8,Cellamare,5766.0,5.9108,138.7443635102324,1.3534546931041482
072019,2024,82,Conversano,25801.0,128.4204,317.8171388705864,0.6385278351414573
072020,2024,98,Corato,47316.0,169.3426,207.1180995857638,0.5787084880000661
072021,2024,51,Gioia del Colle,26963.0,208.9351,189.1480918295442,0.24409493665736393
072022,2024,64,Giovinazzo,19537.0,44.2824,327.5835594001126,1.445269452423536
072023,2024,62,Gravina in Puglia,42895.0,384.7214,144.53899055834012,0.16115557907618344
072024,2024,18,Grumo Appula,12298.0,81.3018,146.3652626443324,0.22139731223662945
072025,2024,42,Locorotondo,14066.0,48.1791,298.59235034835774,0.8717472929133172
072027,2024,109,Modugno,37002.0,32.2364,294.5786714231663,3.38127086151059
072028,2024,51,Mola di Bari,24678.0,50.9399,206.66180403598344,1.0011798217114678
072029,2024,179,Molfetta,57891.0,58.9733,309.2017757509803,3.0352718942301005
072030,2024,193,Monopoli,48007.0,157.8253,402.02470473056013,1.2228711112857065
072031,2024,36,Noci,18541.0,150.5967,194.16428455854592,0.23904906282806995
072032,2024,70,Noicattaro,26042.0,40.7925,268.7965594040396,1.716001716001716
072033,2024,39,Palo del Colle,20774.0,79.7126,187.73466833541926,0.4892576581368567
072034,2024,2,Poggiorsini,1339.0,43.4436,149.36519790888724,0.0460367004576048
072035,2024,46,Polignano a Mare,17653.0,63.0865,260.5789384240639,0.7291575852202927
072036,2024,74,Putignano,26143.0,100.1539,283.05856252151625,0.7388628900122711
072037,2024,41,Rutigliano,18374.0,53.8522,223.14139545009252,0.7613430834766267
072038,2024,53,Ruvo di Puglia,24611.0,223.8254,215.3508593718256,0.23679171354100115
072039,2024,11,Sammichele di Bari,6118.0,34.2339,179.79731938542008,0.3213189265610988
072040,2024,23,Sannicandro di Bari,9651.0,56.7931,238.3172728214693,0.4049787738299195
072041,2024,34,Santeramo in Colle,25827.0,144.8521,131.6451775273938,0.23472217523943387
072043,2024,28,Terlizzi,26245.0,69.2294,106.68698799771384,0.40445244361499594
072044,2024,15,Toritto,8096.0,75.3502,185.27667984189722,0.19907047360192806
072046,2024,66,Triggiano,26321.0,20.1386,250.75035143041677,3.2772883914472706
072047,2024,44,Turi,12919.0,71.3998,340.58363650437343,0.6162482247849433
072048,2024,26,Valenzano,17460.0,15.9786,148.91179839633446,1.6271763483659394
073001,2024,17,Avetrana,6317.0,74.1707,269.1150862751306,0.2292010187311162
073002,2024,7,Carosino,6677.0,10.9347,104.83750187209824,0.6401638819537802
073003,2024,37,Castellaneta,16488.0,242.3148,224.40562833575933,0.1526939336763582
073004,2024,12,Crispiano,13271.0,112.3004,90.42272624519629,0.10685625340604309
073005,2024,3,Faggiano,3418.0,21.0642,87.77062609713282,0.14242173925427978
073006,2024,3,Fragagnano,5066.0,22.4128,59.21831819976313,0.13385208452312963
073007,2024,34,Ginosa,21926.0,188.503,155.06704369241996,0.1803684821992223
073008,2024,85,Grottaglie,30993.0,102.1219,274.2554770432033,0.8323386070960294
073009,2024,43,Laterza,14944.0,161.1716,287.74089935760173,0.2667963834819534
073010,2024,20,Leporano,8069.0,15.3135,247.86218862312555,1.3060371567571099
073011,2024,23,Lizzano,9626.0,47.1769,238.93621441928113,0.48752673448234196
073012,2024,105,Manduria,30147.0,180.4069,348.2933625236342,0.5820176501009662
073013,2024,113,Martina Franca,47380.0,298.7194,238.49725622625581,0.37828142397179426
073014,2024,10,Maruggio,5238.0,49.0687,190.91256204658268,0.20379590247958473
073015,2024,64,Massafra,32168.0,127.9935,198.9554837105198,0.5000253919144332
073016,2024,2,Monteiasi,5394.0,9.746,37.07823507601038,0.20521239482864764
073017,2024,2,Montemesola,3621.0,16.4326,55.23336095001381,0.121709285201368
073018,2024,1,Monteparano,2303.0,3.8486,43.421623968736434,0.2598347451021151
073019,2024,19,Mottola,15545.0,213.9603,122.22579607590865,0.08880152065593477
073020,2024,3,Palagianello,7679.0,43.8616,39.06758692538091,0.06839695770332135
073021,2024,39,Palagiano,15776.0,69.9641,247.21095334685597,0.5574287384530066
073022,2024,22,Pulsano,11201.0,18.269,196.41103472904206,1.2042257375882643
073024,2024,27,San Giorgio Ionico,14414.0,23.5598,187.31788538920495,1.1460199152794166
073025,2024,18,San Marzano di San Giuseppe,8950.0,19.1944,201.1173184357542,0.937773517275872
073026,2024,59,Sava,15463.0,44.5686,381.5559723210244,1.3238019592268995
073027,2024,868,Taranto,190717.0,249.8582,455.12460871343404,3.473970436031317
073028,2024,16,Torricella,4175.0,26.9252,383.23353293413174,0.5942388543074889
073029,2024,25,Statte,13191.0,67.32,189.523159730119,0.3713606654783126
074001,2024,351,Brindisi,83690.0,333.0135,419.40494682757793,1.0540113238652487
074002,2024,55,Carovigno,16761.0,106.6192,328.1427122486725,0.5158545552770982
074003,2024,47,Ceglie Messapica,18991.0,132.0201,247.48565109788848,0.3560063959957612
074004,2024,10,Cellino San Marco,6227.0,37.8384,160.59097478721696,0.2642817878134382
074005,2024,19,Cisternino,11252.0,54.1688,168.858869534305,0.3507554164020617
074006,2024,23,Erchie,8276.0,44.6284,277.91203479942004,0.5153668964157353
074007,2024,98,Fasano,38890.0,131.7854,251.9928002057084,0.743633209748576
074008,2024,109,Francavilla Fontana,35324.0,177.9378,308.57207564262256,0.6125736071818354
074009,2024,31,Latiano,13767.0,55.382,225.17614585603252,0.5597486547975877
074010,2024,59,Mesagne,25964.0,124.0505,227.2377137575104,0.4756127544830533
074011,2024,29,Oria,14630.0,83.6667,198.22282980177718,0.34661340772374194
074012,2024,89,Ostuni,30276.0,225.5577,293.9622142951513,0.3945775293860506
074013,2024,13,San Donaci,6276.0,34.0443,207.138304652645,0.3818554060444773
074014,2024,7,San Michele Salentino,6170.0,26.5343,113.452188006483,0.26380948432783224
074015,2024,6,San Pancrazio Salentino,9429.0,56.6779,63.63347120585428,0.10586136748185801
074016,2024,20,San Pietro Vernotico,13114.0,46.9393,152.50876925423213,0.426082195516337
074017,2024,32,San Vito dei Normanni,18439.0,67.079,173.5452031021205,0.47704944915696423
074018,2024,18,Torchiarolo,5205.0,32.479,345.821325648415,0.5542042550571138
074019,2024,24,Torre Santa Susanna,10206.0,55.7645,235.15579071134627,0.430381335796071
074020,2024,22,Villa Castelli,9059.0,35.1455,242.8524119660007,0.6259691852441991
075002,2024,18,Alessano,6116.0,28.6923,294.3100065402224,0.627346012693301
075003,2024,5,Alezio,5580.0,16.7894,89.60573476702508,0.2978069496229764
075004,2024,4,Alliste,6470.0,23.5298,61.82380216383308,0.16999719504628172
075005,2024,4,Andrano,4632.0,15.7116,86.35578583765111,0.2545889661142086
075006,2024,15,Aradeo,8922.0,8.5803,168.12373907195698,1.7481906227055
075007,2024,7,Arnesano,3959.0,13.5612,176.81232634503664,0.5161785092764652
075009,2024,2,Botrugno,2670.0,9.7498,74.90636704119851,0.20513241297257379
075010,2024,4,Calimera,6794.0,11.1807,58.875478363261706,0.3577593531710895
075011,2024,39,Campi Salentina,9910.0,45.8786,393.5418768920283,0.8500695313283317
075012,2024,1,Cannole,1631.0,20.3484,61.31207847946045,0.04914391303493149
075013,2024,2,Caprarica di Lecce,2337.0,10.7074,85.57980316645272,0.18678670825784038
075014,2024,18,Carmiano,11733.0,24.2405,153.4134492457172,0.7425589406159113
075015,2024,6,Carpignano Salentino,3677.0,48.9866,163.17650258362795,0.1224824747992308
075016,2024,31,Casarano,19404.0,38.7274,159.76087404658836,0.8004668529258354
075017,2024,1,Castri di Lecce,2779.0,12.9451,35.98416696653472,0.07724930668747249
075018,2024,7,Castrignano de' Greci,3736.0,9.6246,187.3661670235546,0.7273029528499886
075019,2024,5,Castrignano del Capo,5133.0,20.7689,97.40892265731541,0.24074457482100642
075020,2024,29,Cavallino,12766.0,22.6543,227.16590944696853,1.2801101777587478
075021,2024,7,Collepasso,5725.0,12.7891,122.2707423580786,0.5473410951513399
075022,2024,44,Copertino,23227.0,58.5317,189.43470960520082,0.7517294047499048
075023,2024,17,Corigliano d'Otranto,5678.0,28.4134,299.4011976047904,0.5983092484531947
075024,2024,3,Corsano,5250.0,9.1202,57.142857142857146,0.3289401548211662
075025,2024,9,Cursi,3901.0,8.3571,230.71007433991286,1.0769285996338442
075026,2024,14,Cutrofiano,8723.0,56.8074,160.49524246245556,0.2464467657382665
075027,2024,2,Diso,2867.0,11.4238,69.75933031042902,0.1750730930163343
075028,2024,10,Gagliano del Capo,4906.0,16.5981,203.8320423970648,0.6024785969478434
075029,2024,61,Galatina,25944.0,82.6466,235.12180080172678,0.7380823893541899
075030,2024,26,Galatone,15015.0,47.0682,173.16017316017317,0.5523899363051912
075031,2024,80,Gallipoli,19679.0,41.2188,406.52472178464353,1.9408619367861266
075032,2024,3,Giuggianello,1148.0,10.2665,261.3240418118467,0.29221253591779084
075033,2024,5,Giurdignano,1929.0,14.0433,259.2016588906169,0.35604167111718754
075034,2024,8,Guagnano,5488.0,38.0291,145.7725947521866,0.2103652203181248
075035,2024,509,Lecce,95037.0,238.8158,535.5808790260636,2.131349768315162
075036,2024,31,Lequile,8708.0,36.8041,355.99448782728524,0.8422974614241349
075037,2024,21,Leverano,13748.0,49.503,152.74949083503054,0.42421671413853707
075038,2024,13,Lizzanello,11889.0,25.4162,109.34477247876188,0.5114848010324125
075039,2024,31,Maglie,13752.0,22.6639,225.42175683536942,1.3678140125927134
075040,2024,18,Martano,8693.0,22.2478,207.06315426204992,0.8090687618551047
075041,2024,1,Martignano,1616.0,6.4921,61.881188118811885,0.15403336362656153
075042,2024,18,Matino,11037.0,26.6286,163.08779559662952,0.6759649399517812
075043,2024,30,Melendugno,9944.0,92.3099,301.6894609814964,0.32499222726923116
075044,2024,9,Melissano,6772.0,12.5488,132.90017720023627,0.7172000510008926
075045,2024,9,Melpignano,2134.0,11.1026,421.7432052483599,0.8106209356366977
075046,2024,8,Miggiano,3329.0,7.799,240.31240612796637,1.025772534940377
075047,2024,6,Minervino di Lecce,3505.0,18.1285,171.18402282453638,0.33097057120004414
075048,2024,24,Monteroni di Lecce,13452.0,16.7428,178.4121320249777,1.4334519913037247
075049,2024,7,Montesano Salentino,2612.0,8.5283,267.9938744257274,0.8207966417691686
075050,2024,1,Morciano di Leuca,3071.0,13.5676,32.56268316509281,0.07370500309561012
075051,2024,11,Muro Leccese,4799.0,16.7671,229.21441967076476,0.6560466628099075
075052,2024,135,Nardò,30775.0,193.2643,438.6677497969131,0.6985252837694287
075053,2024,5,Neviano,4986.0,16.3019,100.28078620136382,0.3067127144688656
075054,2024,5,Nociglia,2188.0,11.1267,228.51919561243145,0.44936953454303613
075055,2024,5,Novoli,7655.0,18.0457,65.31678641410844,0.2770743168732718
075056,2024,8,Ortelle,2246.0,10.2252,356.18878005342833,0.7823807847279272
075057,2024,12,Otranto,5707.0,77.1936,210.26809181706676,0.15545330182813083
075058,2024,3,Palmariggi,1399.0,8.9724,214.43888491779842,0.3343587000133743
075059,2024,14,Parabita,8694.0,21.0919,161.0305958132045,0.663761918082297
075060,2024,2,Patù,1640.0,8.6891,121.95121951219512,0.23017343568378773
075061,2024,13,Poggiardo,5845.0,19.9594,222.41231822070145,0.6513221840335882
075063,2024,18,Racale,10634.0,24.2878,169.26838442730863,0.7411128220752806
075064,2024,9,Ruffano,9411.0,39.7265,95.63277016257571,0.22654902898568965
075065,2024,7,Salice Salentino,7889.0,59.8721,88.73114463176576,0.11691589237725084
075066,2024,15,Salve,4483.0,33.0704,334.59736783403974,0.4535778218588224
075067,2024,2,Sanarica,1443.0,13.0223,138.6001386001386,0.1535827004446219
075068,2024,17,San Cesario di Lecce,7880.0,8.0889,215.73604060913706,2.101645464772713
075069,2024,5,San Donato di Lecce,5498.0,21.5772,90.94216078574027,0.23172608123389501
075070,2024,9,Sannicola,5687.0,27.639,158.25567082820467,0.32562683165092804
075071,2024,1,San Pietro in Lama,3443.0,8.1977,29.04443799012489,0.12198543493906829
075072,2024,8,Santa Cesarea Terme,2877.0,26.8239,278.0674313521029,0.2982414935933999
075073,2024,11,Scorrano,6689.0,35.3303,164.44909552997458,0.31134748360472453
075074,2024,5,Seclì,1825.0,8.7759,273.972602739726,0.5697421347098304
075075,2024,1,Sogliano Cavour,3923.0,5.3306,25.490695895997963,0.18759614302329947
075076,2024,12,Soleto,5254.0,30.4551,228.39741149600306,0.39402267600500407
075077,2024,11,Specchia,4560.0,25.0953,241.2280701754386,0.43832908951078486
075078,2024,2,Spongano,3491.0,12.4246,57.29017473503294,0.160970976932859
075079,2024,28,Squinzano,13477.0,31.3741,207.7613712250501,0.8924558792124715
075080,2024,5,Sternatia,2171.0,16.7645,230.30861354214645,0.2982492767455039
075081,2024,4,Supersano,4162.0,36.4054,96.10764055742432,0.1098738099292962
075082,2024,9,Surano,1569.0,8.9883,573.6137667304016,1.0013016921998596
075083,2024,38,Surbo,14725.0,20.7829,258.06451612903226,1.828426254276352
075084,2024,17,Taurisano,11328.0,23.6797,150.07062146892656,0.7179145006060043
075085,2024,31,Taviano,11531.0,22.1311,268.84051686757437,1.4007437497458328
075086,2024,6,Tiggiano,2778.0,7.7107,215.98272138228944,0.778139468530743
075087,2024,25,Trepuzzi,14100.0,23.9139,177.3049645390071,1.0454171005147632
075088,2024,34,Tricase,17129.0,43.3296,198.4937824741666,0.7846829880728186
075089,2024,2,Tuglie,5091.0,8.5014,39.28501276762915,0.23525536970381347
075090,2024,40,Ugento,12006.0,100.396,333.16674995835416,0.39842224789832265
075091,2024,6,Uggiano la Chiesa,4354.0,14.458,137.80431786862655,0.41499515838981876
075092,2024,30,Veglie,13458.0,62.3085,222.9157378510923,0.48147524013577603
075093,2024,10,Vernole,6784.0,61.2746,147.40566037735852,0.16319975976995363
075094,2024,4,Zollino,1884.0,9.9545,212.31422505307856,0.401828318850771
075095,2024,2,San Cassiano,1966.0,8.7747,101.7293997965412,0.22792802033117943
075096,2024,2,Castro,2331.0,4.5637,85.8000858000858,0.4382409010232925
075097,2024,41,Porto Cesareo,6232.0,35.1153,657.8947368421052,1.1675822219944014
075098,2024,8,Presicce-Acquarica,9436.0,43.0595,84.7816871555744,0.18578943090374947
076002,2024,4,Acerenza,2204.0,77.6422,181.48820326678765,0.05151837531651602
076004,2024,1,Anzi,1573.0,77.0954,63.57279084551812,0.012970942494623544
076005,2024,4,Armento,577.0,58.9765,693.2409012131716,0.06782362466406111
076006,2024,4,Atella,3744.0,88.4769,106.83760683760684,0.04520954056934635
076007,2024,7,Avigliano,10796.0,85.4804,64.83882919599853,0.08189011750062002
076009,2024,2,Banzi,1230.0,83.0544,162.60162601626016,0.024080602592999288
076010,2024,4,Baragiano,2536.0,29.603,157.72870662460568,0.1351214403945546
076011,2024,2,Barile,2664.0,24.1247,75.07507507507508,0.0829025853171231
076013,2024,2,Brienza,3873.0,82.9325,51.63955589981926,0.02411599795014017
076014,2024,1,Brindisi Montagna,840.0,59.8776,119.04761904761907,0.016700736168450307
076021,2024,1,Castelgrande,841.0,34.8983,118.90606420927466,0.028654690916176433
076023,2024,1,Castelluccio Superiore,739.0,32.9788,135.31799729364008,0.030322510218685945
076028,2024,1,Chiaromonte,1778.0,70.0175,56.24296962879641,0.014282143749776842
076032,2024,5,Filiano,2800.0,71.8087,178.57142857142856,0.06962944601420162
076033,2024,3,Forenza,1901.0,116.3055,157.81167806417673,0.02579413699266157
076034,2024,5,Francavilla in Sinni,3987.0,46.8176,125.4075746175069,0.10679744369638769
076036,2024,6,Genzano di Lucania,5377.0,208.9252,111.58638646085177,0.02871841213984718
076037,2024,5,Grumento Nova,1598.0,66.6494,312.89111389236547,0.07501943003237839
076039,2024,11,Lagonegro,5192.0,113.067,211.864406779661,0.09728744903464318
076040,2024,3,Latronico,4173.0,76.6582,71.89072609633358,0.03913475662094858
076041,2024,1,Laurenzana,1642.0,95.7074,60.90133982947624,0.010448512863164184
076042,2024,27,Lauria,12166.0,176.6271,221.92996876541181,0.1528644245418738
076043,2024,11,Lavello,13139.0,134.6546,83.72022223913541,0.08169048810809286
076044,2024,15,Maratea,4837.0,67.8354,310.1095720487906,0.2211234841985158
076045,2024,4,Marsico Nuovo,3910.0,100.9652,102.30179028132991,0.039617610820361866
076046,2024,9,Marsicovetere,5536.0,38.0116,162.5722543352601,0.23676982815772027
076048,2024,34,Melfi,17196.0,206.206,197.7204000930449,0.1648836600292911
076050,2024,2,Moliterno,3663.0,98.5528,54.600054600054605,0.020293690285816332
076051,2024,2,Montemilone,1438.0,114.133,139.08205841446454,0.017523415664181263
076054,2024,3,Nemoli,1402.0,19.4925,213.98002853067047,0.15390534821085033
076056,2024,6,Oppido Lucano,3627.0,54.8779,165.42597187758477,0.10933362974895176
076057,2024,3,Palazzo San Gervasio,4540.0,62.9102,66.07929515418502,0.04768702054674758
076058,2024,2,Pescopagano,1727.0,69.8342,115.80775911986102,0.028639262710820776
076059,2024,10,Picerno,5687.0,78.5089,175.83963425356075,0.12737409389253956
076060,2024,5,Pietragalla,3930.0,66.0977,127.2264631043257,0.0756455973505886
076062,2024,7,Pignola,6830.0,56.235,102.48901903367496,0.12447763848137282
076063,2024,194,Potenza,65420.0,175.4318,296.5453989605625,1.1058428403516352
076064,2024,10,Rapolla,4146.0,29.8734,241.196333815726,0.334745961289977
076065,2024,1,Rapone,908.0,29.506,110.13215859030838,0.03389141191622043
076066,2024,24,Rionero in Vulture,12652.0,53.5181,189.69332911792603,0.4484464134563821
076067,2024,7,Ripacandida,1594.0,33.4848,439.146800501882,0.20905007645259938
076068,2024,6,Rivello,2591.0,69.5848,231.57082207641835,0.08622572745772066
076069,2024,1,Roccanova,1345.0,61.7351,74.34944237918215,0.01619824054711177
076070,2024,2,Rotonda,3282.0,42.9226,60.938452163315056,0.04659549980662867
076072,2024,1,Ruvo del Monte,993.0,32.621,100.70493454179255,0.030655099475797795
076074,2024,1,San Chirico Raparo,955.0,84.0711,104.71204188481677,0.011894693895999934
076076,2024,7,San Fele,2654.0,97.6989,263.7528259231349,0.07164870842967526
076078,2024,2,San Severino Lucano,1419.0,61.1583,140.94432699083862,0.03270202082137666
076079,2024,1,Sant'Angelo Le Fratte,1331.0,23.1067,75.13148009015778,0.04327749094418502
076080,2024,9,Sant'Arcangelo,6062.0,89.0963,148.46585285384361,0.10101429576761324
076083,2024,3,Satriano di Lucania,2254.0,32.9008,133.09671694764862,0.09118319311384526
076084,2024,1,Savoia di Lucania,1018.0,32.8373,98.23182711198427,0.0304531736774948
076085,2024,5,Senise,6656.0,97.3049,75.1201923076923,0.051384873731949776
076089,2024,23,Tito,7162.0,71.2665,321.1393465512427,0.32273227954228145
076090,2024,6,Tolve,3047.0,128.6832,196.9149983590417,0.04662613301503227
076091,2024,4,Tramutola,2946.0,36.6436,135.77732518669382,0.10915958039057298
076092,2024,9,Trecchina,2159.0,38.1885,416.85965724872625,0.23567304293177266
076093,2024,2,Trivigno,603.0,25.9965,331.6749585406302,0.07693343334679668
076094,2024,2,Vaglio Basilicata,1903.0,43.3628,105.09721492380451,0.04612248286549762
076095,2024,14,Venosa,11093.0,170.3885,126.20571531596501,0.08216516959771346
076096,2024,6,Vietri di Potenza,2694.0,52.241,222.71714922048997,0.11485231905974234
076097,2024,2,Viggianello,2790.0,120.827,71.68458781362007,0.01655259172204888
076098,2024,6,Viggiano,3269.0,89.6975,183.54236769654327,0.0668914964185178
076100,2024,1,Paterno,3100.0,40.7355,32.25806451612903,0.02454861238968467
077002,2024,3,Aliano,891.0,98.4081,336.70033670033666,0.030485295417755243
077003,2024,21,Bernalda,12050.0,126.1966,174.27385892116183,0.16640701888957388
077004,2024,1,Calciano,678.0,49.6912,147.49262536873155,0.020124287600218952
077007,2024,1,Craco,651.0,77.0417,153.60983102918587,0.012979983567340803
077008,2024,6,Ferrandina,8137.0,218.1083,73.7372496005899,0.027509269477594387
077009,2024,1,Garaguso,1001.0,38.6109,99.9000999000999,0.025899422183891078
077011,2024,1,Grassano,4865.0,41.6299,20.554984583761563,0.024021196303618313
077012,2024,4,Grottole,2088.0,117.1502,191.57088122605364,0.03414420120494886
077013,2024,8,Irsina,4459.0,263.453,179.4124243103835,0.030365947626331834
077014,2024,184,Matera,59794.0,392.081,307.723182928053,0.46929078430222326
077015,2024,5,Miglionico,2395.0,88.8385,208.76826722338203,0.05628190480478622
077016,2024,11,Montalbano Jonico,6874.0,135.9956,160.02327611288916,0.08088496980784672
077017,2024,13,Montescaglioso,9224.0,175.7987,140.9366869037294,0.07394821463412414
077018,2024,1,Nova Siri,6663.0,52.7498,15.008254539996999,0.018957417848029755
077020,2024,42,Pisticci,16889.0,233.6684,248.682574456747,0.17974189064503374
077021,2024,57,Policoro,17762.0,67.6564,320.90980745411554,0.8424923584465032
077022,2024,6,Pomarico,3884.0,129.6666,154.4799176107106,0.046272517363762145
077023,2024,2,Rotondella,2489.0,76.7161,80.35355564483729,0.026070146944383255
077024,2024,2,Salandra,2595.0,77.4371,77.07129094412332,0.02582741347493643
077026,2024,1,San Mauro Forte,1310.0,87.0579,76.33587786259542,0.011486608337669528
077027,2024,2,Stigliano,3768.0,211.1428,53.07855626326964,0.009472262374089952
077028,2024,1,Tricarico,4890.0,178.1606,20.449897750511248,0.005612913292838036
077029,2024,7,Tursi,4849.0,159.93,144.35966178593523,0.043769149002688676
077031,2024,24,Scanzano Jonico,7635.0,72.178,314.3418467583497,0.3325112915292749
078003,2024,14,Acri,19380.0,200.6273,72.23942208462333,0.06978113148110951
078006,2024,1,Albidona,1203.0,64.669,83.12551953449709,0.01546335956950007
078007,2024,1,Alessandria del Carretto,375.0,41.112,266.6666666666667,0.024323798404358825
078008,2024,4,Altilia,671.0,10.5604,596.1251862891207,0.3787735313056324
078009,2024,8,Altomonte,4116.0,65.7159,194.3634596695821,0.1217361399600401
078010,2024,19,Amantea,13770.0,29.456,137.98111837327525,0.6450298750678979
078011,2024,5,Amendolara,2753.0,60.9084,181.62005085361426,0.08209048341443873
078012,2024,3,Aprigliano,2461.0,122.4229,121.90166598943519,0.024505219203269975
078013,2024,3,Belmonte Calabro,1772.0,23.9782,169.3002257336343,0.12511364489411214
078014,2024,8,Belsito,900.0,11.5532,888.8888888888889,0.6924488453415504
078015,2024,17,Belvedere Marittimo,9045.0,37.085,187.94914317302377,0.4584063637589322
078017,2024,18,Bisignano,9593.0,86.1967,187.63681851349943,0.20882469978549062
078019,2024,5,Bonifati,2611.0,33.8466,191.4975105323631,0.14772532543889194
078020,2024,1,Buonvicino,2072.0,30.5945,48.262548262548265,0.032685613427249995
078021,2024,1,Calopezzati,1310.0,22.574,76.33587786259542,0.044298750775228136
078025,2024,6,Cariati,7496.0,28.8228,80.04268943436499,0.20816853324451476
078026,2024,1,Carolei,3138.0,15.4296,31.867431485022305,0.06481049411520713
078029,2024,29,Cassano all'Ionio,16645.0,159.0676,174.22649444277562,0.1823124256605368
078030,2024,2,Castiglione Cosentino,2656.0,14.0869,75.30120481927712,0.14197587829827713
078031,2024,6,Castrolibero,9398.0,11.5571,63.843370929985106,0.5191613813153819
078033,2024,45,Castrovillari,21088.0,130.6354,213.391502276176,0.34447018189556583
078034,2024,1,Celico,2545.0,99.7468,39.29273084479371,0.010025384272979184
078035,2024,1,Cellara,485.0,5.8584,206.18556701030928,0.170695070326369
078036,2024,2,Cerchiara di Calabria,2218.0,81.9632,90.17132551848512,0.024401194682491655
078040,2024,5,Cetraro,9478.0,66.1416,52.75374551593163,0.07559538928601667
078041,2024,1,Civita,859.0,27.6187,116.41443538998836,0.03620735226495092
078042,2024,1,Cleto,1187.0,18.984,84.24599831508003,0.05267593763168984
078043,2024,2,Colosimi,1163.0,25.5793,171.96904557179707,0.07818822250804361
078045,2024,159,Cosenza,64070.0,37.8605,248.16606836272825,4.199627580195719
078047,2024,6,Crosia,9621.0,21.1022,62.363579669473026,0.28433054373477645
078048,2024,8,Diamante,5049.0,12.2068,158.44721727074668,0.6553724153750369
078049,2024,1,Dipignano,4196.0,23.3725,23.83222116301239,0.04278532463365066
078050,2024,2,Domanico,929.0,23.6617,215.28525296017222,0.0845247805525385
078051,2024,4,Fagnano Castello,3472.0,29.6743,115.2073732718894,0.13479677700906173
078052,2024,2,Falconara Albanese,1416.0,19.2708,141.24293785310735,0.10378396330199056
078055,2024,4,Fiumefreddo Bruzio,2769.0,32.06,144.4564824846515,0.12476606363069244
078056,2024,7,Francavilla Marittima,2814.0,33.0161,248.75621890547262,0.21201777314704037
078057,2024,3,Frascineto,1932.0,29.1137,155.27950310559004,0.10304427125373965
078058,2024,10,Fuscaldo,7905.0,60.7961,126.5022137887413,0.1644842350084956
078059,2024,1,Grimaldi,1536.0,24.7085,65.10416666666666,0.04047190238177145
078060,2024,6,Grisolia,2199.0,51.7482,272.8512960436562,0.11594606189200785
078061,2024,7,Guardia Piemontese,1728.0,21.4629,405.09259259259255,0.32614418368440423
078062,2024,1,Lago,2318.0,49.9546,43.14063848144953,0.020018176504265874
078063,2024,5,Laino Borgo,1769.0,57.0811,282.6455624646693,0.08759466793737332
078064,2024,1,Laino Castello,787.0,37.3359,127.06480304955528,0.02678387289445279
078066,2024,4,Lattarico,3799.0,43.9328,105.29086601737299,0.09104814625974215
078067,2024,9,Longobardi,2259.0,18.2379,398.40637450199205,0.49347786751764183
078068,2024,2,Longobucco,2774.0,212.2541,72.09805335255948,0.009422668396040406
078069,2024,1,Lungro,2264.0,35.65,44.169611307420496,0.028050490883590466
078070,2024,11,Luzzi,8754.0,77.6003,125.6568425862463,0.14175202930916503
078072,2024,1,Malito,748.0,16.9158,133.6898395721925,0.05911632911242743
078073,2024,3,Malvito,1693.0,38.2373,177.20023626698168,0.07845742246445225
078074,2024,2,Mandatoriccio,2498.0,37.3158,80.06405124099278,0.05359659983170667
078075,2024,1,Mangone,1901.0,12.273,52.60389268805891,0.08147967082212988
078076,2024,1,Marano Marchesato,3356.0,5.0425,29.797377830750893,0.19831432821021316
078078,2024,4,Marzi,965.0,15.811,414.5077720207254,0.2529884257795206
078079,2024,1,Mendicino,9267.0,35.6846,10.790978741771879,0.02802329296110927
078080,2024,2,Mongrassano,1489.0,35.1555,134.3183344526528,0.05689010254440983
078081,2024,23,Montalto Uffugo,20011.0,76.6698,114.9367847683774,0.2999877396315107
078082,2024,2,Montegiordano,1639.0,35.8744,122.02562538133007,0.055750061325067456
078083,2024,10,Morano Calabro,4021.0,116.2522,248.69435463814972,0.08601987747328653
078084,2024,8,Mormanno,2684.0,78.8798,298.06259314456037,0.10142013544659088
078085,2024,1,Mottafollone,1111.0,31.5829,90.00900090009,0.031662703551605456
078087,2024,1,Oriolo,1921.0,85.6014,52.05622071837585,0.011682051929057235
078088,2024,2,Orsomarso,1153.0,90.4127,173.46053772766695,0.022120786128497435
078089,2024,1,Paludi,971.0,41.7394,102.98661174047373,0.02395817860342985
078091,2024,31,Paola,14928.0,42.8807,207.66345123258307,0.7229359595342427
078093,2024,1,Parenti,2047.0,37.6176,48.85197850512946,0.02658330143337161
078094,2024,2,Paterno Calabro,1322.0,24.2016,151.285930408472,0.08263916435277006
078099,2024,2,Pietrapaola,1019.0,52.8163,196.27085377821393,0.03786709784668748
078101,2024,24,Praia a Mare,6423.0,23.5918,373.6571695469407,1.0173026220975085
078102,2024,127,Rende,35725.0,55.2809,355.4933519944017,2.297357676882974
078103,2024,3,Rocca Imperiale,3253.0,55.029,92.22256378727329,0.05451670937142234
078104,2024,5,Roggiano Gravina,6813.0,44.8772,73.38910905621606,0.11141515067784977
078105,2024,3,Rogliano,5425.0,41.6841,55.29953917050691,0.07196988779894492
078106,2024,4,Rose,4188.0,47.4913,95.51098376313276,0.08422595296401657
078107,2024,1,Roseto Capo Spulico,1870.0,30.66,53.475935828877006,0.03261578604044357
078110,2024,3,Rovito,3053.0,10.6823,98.26400262037339,0.28083839622553197
078114,2024,4,San Demetrio Corone,3130.0,61.8737,127.79552715654953,0.06464782290375394
078116,2024,3,San Fili,2503.0,20.9596,119.85617259288853,0.1431325025286742
078117,2024,3,Sangineto,1236.0,27.5092,242.71844660194174,0.10905442542858389
078119,2024,6,San Giovanni in Fiore,16222.0,282.5284,36.98680803846628,0.02123680309660905
078121,2024,1,San Lorenzo del Vallo,3131.0,22.9284,31.938677738741617,0.04361403325133895
078122,2024,11,San Lucido,5939.0,27.1183,185.21636639164842,0.40563014643248285
078123,2024,12,San Marco Argentano,7063.0,80.4949,169.89947614328187,0.14907776765981448
078125,2024,10,San Nicola Arcella,1917.0,11.6934,521.6484089723526,0.8551832657738553
078127,2024,5,San Pietro in Guarano,3461.0,48.3442,144.4669170759896,0.10342502306378014
078132,2024,4,Santa Maria del Cedro,4865.0,18.4204,82.21993833504625,0.21715055047664544
078133,2024,3,Santa Sofia d'Epiro,2251.0,39.2169,133.27410039982232,0.07649763239827727
078134,2024,4,Santo Stefano di Rogliano,1676.0,19.5644,238.66348448687353,0.20445298603586107
078135,2024,1,San Vincenzo La Costa,2023.0,18.4163,49.43153732081067,0.054299723614406804
078136,2024,9,Saracena,3480.0,109.1501,258.6206896551724,0.0824552611495546
078137,2024,1,Scala Coeli,866.0,67.4966,115.47344110854503,0.014815561080113665
078138,2024,33,Scalea,11017.0,22.5554,299.5370790596351,1.4630642772905824
078142,2024,6,Spezzano Albanese,6678.0,32.2636,89.84725965858041,0.18596808787612049
078143,2024,4,Spezzano della Sila,4292.0,80.2874,93.19664492078284,0.04982101799286064
078145,2024,7,Tarsia,1883.0,48.2778,371.74721189591077,0.14499417951936502
078146,2024,3,Terranova da Sibari,4673.0,43.4561,64.19858763107212,0.06903518723493365
078148,2024,3,Torano Castello,4373.0,30.2216,68.6027898467871,0.09926674960955079
078149,2024,8,Tortora,5868.0,58.215,136.332651670075,0.13742162672850639
078150,2024,8,Trebisacce,8647.0,26.7168,92.51763617439575,0.29943705833033896
078152,2024,4,Vaccarizzo Albanese,1047.0,8.5337,382.043935052531,0.4687298592638598
078154,2024,6,Villapiana,5419.0,39.733,110.72153533862337,0.15100797825485116
078155,2024,5,Zumpano,2621.0,8.0838,190.76688286913392,0.6185209926024889
078156,2024,3,Casali del Manco,9612.0,168.9546,31.210986267166042,0.01775624931194534
078157,2024,127,Corigliano-Rossano,74129.0,346.5524,171.32296402217756,0.36646694698983473
079003,2024,1,Amaroni,1678.0,9.8829,59.594755661501786,0.10118487488490222
079005,2024,1,Andali,674.0,17.8675,148.3679525222552,0.05596753882748006
079008,2024,3,Badolato,2827.0,37.0665,106.11956137247967,0.08093561571769657
079009,2024,1,Belcastro,1227.0,53.2162,81.49959250203749,0.018791270327456675
079011,2024,7,Borgia,7275.0,42.3744,96.21993127147766,0.1651940794441927
079012,2024,8,Botricello,4995.0,15.4779,160.16016016016016,0.516865983111404
079018,2024,2,Cardinale,1828.0,30.119,109.40919037199124,0.0664032670407384
079020,2024,2,Carlopoli,1406.0,16.4125,142.2475106685633,0.12185833968012184
079023,2024,201,Catanzaro,86183.0,112.7223,233.2246498729448,1.7831431757513818
079027,2024,1,Cerva,1130.0,21.3688,88.49557522123894,0.04679719965557261
079029,2024,8,Chiaravalle Centrale,5203.0,23.8247,153.75744762636938,0.33578597002270755
079034,2024,1,Cortale,1902.0,30.0099,52.576235541535226,0.03332233696213583
079036,2024,11,Cropani,4649.0,44.8062,236.61002366100234,0.2455017385986761
079039,2024,14,Curinga,6549.0,52.5252,213.77309512902733,0.26653872807718965
079042,2024,11,Davoli,5406.0,25.0251,203.47761746207917,0.43955868308218554
079043,2024,5,Decollatura,2915.0,50.8301,171.52658662092625,0.09836691251837001
079047,2024,9,Falerna,3748.0,24.0411,240.128068303095,0.3743589103659982
079048,2024,9,Feroleto Antico,1982.0,22.3812,454.08678102926336,0.4021232105517131
079058,2024,1,Gimigliano,3057.0,33.5464,32.71180896303566,0.029809457944816733
079059,2024,5,Girifalco,5589.0,43.0791,89.46144211844695,0.11606556311529258
079060,2024,9,Gizzeria,4971.0,37.1937,181.05009052504525,0.24197646375595866
079061,2024,2,Guardavalle,4205.0,60.2658,47.56242568370987,0.0331863179448377
079063,2024,6,Isca sullo Ionio,1487.0,23.5552,403.4969737726967,0.2547208259747317
079069,2024,7,Maida,4409.0,58.3341,158.76616012701294,0.11999842287787076
079071,2024,1,Marcedusa,403.0,15.6834,248.13895781637717,0.06376168432865323
079072,2024,7,Marcellinara,2192.0,20.9053,319.3430656934307,0.3348433172449092
079074,2024,2,Martirano Lombardo,993.0,19.8432,201.4098690835851,0.10079019512981778
079080,2024,6,Montauro,1732.0,11.7399,346.42032332563514,0.5110776071346433
079081,2024,12,Montepaone,5500.0,16.8499,218.1818181818182,0.7121703986373805
079083,2024,1,Motta Santa Lucia,800.0,26.2959,125.0,0.03802874212329679
079087,2024,4,Nocera Terinese,4741.0,46.5793,84.37038599451593,0.085875056087146
079092,2024,3,Pentone,1941.0,12.3828,154.5595054095827,0.24227153793972284
079094,2024,2,Petrizzi,1005.0,21.8991,199.0049751243781,0.09132795411683585
079095,2024,1,Petronà,2448.0,46.1278,40.84967320261438,0.02167890079301419
079096,2024,4,Pianopoli,2533.0,24.65,157.91551519936834,0.16227180527383367
079099,2024,2,Platania,1923.0,26.8396,104.00416016640666,0.0745167588190584
079110,2024,8,San Mango d'Aquino,1451.0,6.8918,551.3439007580979,1.1607997910560377
079114,2024,4,San Pietro a Maida,3820.0,16.453,104.71204188481677,0.243116756822464
079116,2024,1,San Sostene,1417.0,32.4844,70.57163020465774,0.030784007092635235
079117,2024,3,Santa Caterina dello Ionio,1971.0,40.6942,152.20700152207002,0.07372057934545954
079118,2024,1,Sant'Andrea Apostolo dello Ionio,1758.0,21.4332,56.88282138794084,0.046656588843476475
079123,2024,5,Satriano,3318.0,21.1558,150.69318866787222,0.2363418069749194
079126,2024,1,Sellia,505.0,12.809,198.01980198019803,0.07807010695604653
079127,2024,12,Sellia Marina,7543.0,41.455,159.08789606257457,0.2894705101917742
079129,2024,2,Serrastretta,2962.0,41.6486,67.5219446320054,0.048020821828344766
079130,2024,3,Sersale,4318.0,53.2973,69.47660954145438,0.0562880295999985
079133,2024,9,Simeri Crichi,4673.0,46.7436,192.59576289321635,0.19253972736374605
079137,2024,20,Soverato,8712.0,7.7924,229.5684113865932,2.566603357117191
079138,2024,2,Soveria Mannelli,2897.0,20.4957,69.03693476009664,0.09758144391262558
079142,2024,10,Squillace,3540.0,34.326,282.4858757062147,0.2913243605430286
079143,2024,3,Stalettì,2303.0,12.1084,130.2648719062093,0.2477618843117175
079147,2024,1,Tiriolo,3650.0,29.2624,27.397260273972602,0.03417354694078408
079160,2024,162,Lamezia Terme,67569.0,162.4255,239.75491719575547,0.9973803374470142
080001,2024,3,Africo,2791.0,53.8961,107.48835542816195,0.055662654626216
080004,2024,1,Antonimina,1200.0,22.9063,83.33333333333334,0.04365611207397092
080005,2024,17,Ardore,4822.0,32.7748,352.55080879303193,0.5186911895724764
080007,2024,4,Bagnara Calabra,9534.0,24.8528,41.95510803440319,0.1609476598210262
080008,2024,3,Benestare,2469.0,18.7159,121.5066828675577,0.16029151683862383
080009,2024,10,Bianco,4158.0,29.9844,240.50024050024052,0.3335067568468937
080010,2024,1,Bivongi,1216.0,25.3448,82.23684210526315,0.039455825258041095
080012,2024,21,Bovalino,8689.0,18.0561,241.68488894003912,1.1630418528918205
080013,2024,7,Bova Marina,4156.0,29.4995,168.43118383060633,0.2372921574941948
080014,2024,5,Brancaleone,3314.0,36.1371,150.8750754375377,0.13836196042294485
080018,2024,2,Campo Calabro,4473.0,8.0092,44.7127207690588,0.249712830245218
080019,2024,4,Candidoni,418.0,26.9521,956.9377990430621,0.14841144103798962
080023,2024,1,Careri,2145.0,38.1623,46.62004662004662,0.02620387135995472
080024,2024,2,Casignana,726.0,24.5414,275.4820936639118,0.08149494323877203
080025,2024,16,Caulonia,6749.0,101.7562,237.0721588383464,0.1572385761260739
080027,2024,7,Cinquefrondi,6244.0,29.9509,112.10762331838565,0.2337158482716713
080028,2024,16,Cittanova,9855.0,61.9827,162.35413495687467,0.25813654455194757
080029,2024,13,Condofuri,4712.0,60.2945,275.89134125636673,0.21560838882485137
080031,2024,1,Delianuova,3141.0,21.38,31.836994587710922,0.046772684752104776
080032,2024,3,Feroleto della Chiesa,1517.0,7.5555,197.7587343441002,0.3970617431010522
080033,2024,1,Ferruzzano,771.0,19.1061,129.70168612191958,0.052339305248062136
080034,2024,1,Fiumara,871.0,6.5876,114.8105625717566,0.15180035217681706
080036,2024,4,Gerace,2426.0,28.9874,164.88046166529267,0.137990989188406
080038,2024,25,Gioia Tauro,19133.0,39.8668,130.66429728740917,0.6270882037183823
080039,2024,9,Gioiosa Ionica,6799.0,36.0708,132.37240770701575,0.24950929837985297
080040,2024,2,Grotteria,2876.0,37.9745,69.54102920723227,0.05266692122345258
080041,2024,1,Laganadi,378.0,8.1905,264.55026455026456,0.12209266833526647
080042,2024,3,Laureana di Borrello,4716.0,35.6906,63.61323155216285,0.08405574577059505
080043,2024,31,Locri,11925.0,25.7538,259.958071278826,1.2037058608826658
080044,2024,8,Mammola,2537.0,81.0708,315.3330705557745,0.09867917918658752
080045,2024,13,Marina di Gioiosa Ionica,6282.0,16.1551,206.94046482012098,0.8046994447573831
080049,2024,7,Melicucco,4851.0,6.5328,144.3001443001443,1.0715160421258878
080050,2024,16,Melito di Porto Salvo,10650.0,35.4083,150.23474178403757,0.4518714538681609
080051,2024,1,Molochio,2279.0,37.4469,43.87889425186486,0.02670448021064494
080052,2024,4,Monasterace,3407.0,15.7333,117.4053419430584,0.25423782677505674
080053,2024,4,Montebello Jonico,5736.0,56.4508,69.73500697350069,0.07085816321469315
080054,2024,6,Motta San Giovanni,5699.0,46.4757,105.2816283558519,0.129099723081094
080055,2024,6,Oppido Mamertina,4897.0,58.8739,122.52399428221361,0.10191273212747924
080056,2024,1,Palizzi,2097.0,52.6163,47.68717215069146,0.019005517301672676
080057,2024,39,Palmi,17842.0,32.121,218.585360385607,1.2141589614271038
080060,2024,2,Platì,3736.0,50.8735,53.53319057815846,0.039313198423540745
080061,2024,4,Polistena,9988.0,11.7699,40.04805766920305,0.33984995624431813
080063,2024,393,Reggio di Calabria,173026.0,239.0361,227.13349438812665,1.6441031291926198
080064,2024,2,Riace,1856.0,16.2369,107.75862068965517,0.12317622206209314
080065,2024,7,Rizziconi,7623.0,40.2229,91.82736455463728,0.17403021661789675
080067,2024,13,Roccella Ionica,6209.0,37.8198,209.37349009502336,0.34373529209567477
080068,2024,1,Roghudi,952.0,46.9207,105.04201680672269,0.021312555013032627
080069,2024,22,Rosarno,14561.0,39.5572,151.08852413982555,0.5561566541615686
080071,2024,2,San Giorgio Morgeto,2965.0,35.4002,67.45362563237774,0.05649685594996639
080072,2024,1,San Giovanni di Gerace,420.0,13.5662,238.09523809523813,0.07371260927894326
080073,2024,6,San Lorenzo,2331.0,64.5201,257.4002574002574,0.09299427620229975
080074,2024,4,San Luca,3499.0,105.3446,114.31837667905116,0.03797062212965829
080077,2024,2,San Roberto,1563.0,34.6363,127.95905310300704,0.05774288824152696
080081,2024,1,Sant'Eufemia d'Aspromonte,3792.0,32.8795,26.371308016877634,0.030414087805471494
080082,2024,1,Sant'Ilario dello Ionio,1345.0,13.9996,74.34944237918215,0.07143061230320867
080083,2024,1,Santo Stefano in Aspromonte,1163.0,17.7968,85.98452278589853,0.056189876831789984
080084,2024,1,Scido,866.0,17.5297,115.47344110854503,0.057046041860385525
080085,2024,8,Scilla,4629.0,44.1308,172.82350399654354,0.18127928793495698
080086,2024,9,Seminara,2510.0,33.854,358.56573705179284,0.2658474626336622
080087,2024,1,Serrata,801.0,22.0617,124.84394506866417,0.04532742263742142
080088,2024,46,Siderno,17493.0,31.8595,262.96232778825816,1.4438393571776078
080091,2024,3,Stignano,1221.0,17.765,245.7002457002457,0.16887137630171686
080092,2024,2,Stilo,2423.0,78.1081,82.54230293025176,0.02560553899019436
080093,2024,20,Taurianova,14884.0,48.5444,134.37248051599033,0.4119939684083025
080094,2024,2,Terranova Sappo Minulio,476.0,9.1204,420.16806722689074,0.2192886276917679
080095,2024,2,Varapodio,2018.0,29.124,99.10802775024777,0.06867188572998215
080096,2024,46,Villa San Giovanni,12931.0,12.1747,355.7342819580852,3.7783271867068593
080097,2024,2,San Ferdinando,4626.0,14.198,43.23389537397319,0.1408649105507818
081001,2024,112,Alcamo,44741.0,130.8932,250.3296752419481,0.8556594231021932
081002,2024,6,Buseto Palizzolo,2799.0,72.8093,214.36227224008573,0.08240705514268096
081003,2024,7,Calatafimi-Segesta,6276.0,154.8616,111.53601019757808,0.04520165102259049
081004,2024,18,Campobello di Mazara,11411.0,65.8321,157.74252913855054,0.27342284387099913
081005,2024,33,Castellammare del Golfo,14529.0,127.3202,227.13194301053068,0.2591890367749972
081006,2024,59,Castelvetrano,29855.0,209.7569,197.6218388879585,0.28127799371558215
081007,2024,9,Custonaci,5307.0,69.9007,169.58733747880157,0.1287540754241374
081008,2024,33,Erice,26490.0,47.3374,124.5753114382786,0.6971232049077474
081009,2024,6,Favignana,4270.0,38.3149,140.5152224824356,0.15659704188187884
081010,2024,2,Gibellina,3836.0,46.5738,52.13764337851929,0.0429425986284134
081011,2024,179,Marsala,80661.0,243.2581,221.91641561597302,0.7358439451759262
081012,2024,92,Mazara del Vallo,50334.0,274.7416,182.77903603925776,0.3348601012733419
081013,2024,23,Paceco,10903.0,58.0074,210.9511143721911,0.39650113606195075
081014,2024,9,Pantelleria,7366.0,84.5311,122.18300298669563,0.10646968985379346
081015,2024,8,Partanna,10021.0,82.7263,79.83235206067259,0.09670443377740816
081016,2024,1,Poggioreale,1394.0,37.4571,71.73601147776183,0.0266972082729309
081018,2024,12,Salemi,10114.0,182.421,118.64741941862765,0.06578190011018469
081019,2024,7,Santa Ninfa,4842.0,60.9436,144.5683601817431,0.11486029706154542
081020,2024,12,San Vito Lo Capo,4772.0,60.1187,251.46689019279128,0.19960511454838512
081021,2024,170,Trapani,65378.0,273.1336,260.0263085441586,0.6224060313341163
081022,2024,12,Valderice,11587.0,52.9625,103.5643393458186,0.22657540712768467
081023,2024,1,Vita,1819.0,9.1029,54.97526113249038,0.10985510112162059
081024,2024,18,Petrosino,7976.0,45.2764,225.67703109327985,0.39755810974370753
081025,2024,10,,,,,
082001,2024,1,Alia,3379.0,45.9748,29.59455460195324,0.021751046225323437
082002,2024,2,Alimena,1808.0,59.6975,110.61946902654867,0.03350224046233092
082003,2024,2,Aliminusa,1107.0,13.6806,180.66847335140017,0.1461924184611786
082004,2024,10,Altavilla Milicia,8307.0,23.7839,120.3804020705429,0.42045249097078274
082005,2024,18,Altofonte,9849.0,35.4356,182.75967103259214,0.5079637426768561
082006,2024,108,Bagheria,53025.0,29.8358,203.67751060820365,3.6198124400887526
082007,2024,2,Balestrate,6160.0,6.4298,32.467532467532465,0.3110516656816697
082008,2024,1,Baucina,1842.0,24.471,54.28881650380022,0.04086469698827183
082009,2024,5,Belmonte Mezzagno,10905.0,29.2934,45.850527281063734,0.17068691241030404
082010,2024,1,Bisacquino,4203.0,64.9696,23.792529145848206,0.015391814017632862
082011,2024,15,Bolognetta,4042.0,27.6253,371.10341415141016,0.5429805287182402
082013,2024,1,Borgetto,7069.0,26.0237,14.146272457207527,0.038426511218619945
082014,2024,4,Caccamo,7827.0,188.2312,51.10514884374601,0.021250462197552798
082015,2024,2,Caltavuturo,3663.0,97.9459,54.600054600054605,0.0204194356272187
082017,2024,17,Campofelice di Roccella,7511.0,14.506,226.3347090933298,1.1719288570246795
082018,2024,1,Campofiorito,1181.0,21.6994,84.6740050804403,0.046084223526917795
082019,2024,2,Camporeale,3029.0,38.7206,66.02839220864972,0.05165209216799327
082020,2024,18,Capaci,11283.0,6.1204,159.53203935123636,2.940984249395464
082021,2024,88,Carini,38405.0,76.594,229.1368311417784,1.1489150586207797
082022,2024,1,Castelbuono,8256.0,60.7859,12.112403100775193,0.016451183580402692
082023,2024,10,Casteldaccia,11586.0,33.9185,86.31106507854307,0.29482435838849
082024,2024,5,Castellana Sicula,3101.0,73.1964,161.23831022250886,0.06830937040619485
082025,2024,4,Castronovo di Sicilia,2880.0,201.04,138.88888888888889,0.019896538002387585
082026,2024,1,Cefalà Diana,995.0,9.0592,100.50251256281408,0.11038502296008477
082027,2024,36,Cefalù,13877.0,66.2409,259.4220652878864,0.543470876754392
082028,2024,3,Cerda,4979.0,43.8343,60.25306286402893,0.06843955532539586
082029,2024,1,Chiusa Sclafani,2611.0,57.5503,38.299502106472616,0.017376104034210072
082030,2024,1,Ciminna,3485.0,56.4206,28.694404591104735,0.017724022786003695
082031,2024,38,Cinisi,11827.0,33.1617,321.2987232603365,1.1459002403374976
082034,2024,14,Corleone,10580.0,229.4546,132.32514177693764,0.061014248570305414
082035,2024,20,Ficarazzi,12768.0,3.5295,156.64160401002505,5.666525003541578
082036,2024,2,Gangi,6285.0,127.4634,31.821797931583138,0.015690778686273863
082037,2024,2,Geraci Siculo,1768.0,113.3465,113.12217194570137,0.017645008888673226
082043,2024,37,Isola delle Femmine,7026.0,3.5663,526.6154284087675,10.374898354036397
082044,2024,7,Lascari,3656.0,10.3266,191.46608315098467,0.6778610578505995
082045,2024,6,Lercara Friddi,6340.0,37.4931,94.63722397476342,0.1600294454179569
082046,2024,3,Marineo,6287.0,33.2219,47.71751232702402,0.09030187918210579
082048,2024,53,Misilmeri,28589.0,69.4886,185.38598761761517,0.7627150352719726
082049,2024,50,Monreale,38226.0,530.1798,130.80102548003975,0.09430762922314279
082050,2024,3,Montelepre,5844.0,9.8912,51.3347022587269,0.3032999029440311
082053,2024,1987,Palermo,637885.0,160.5878,311.4981540559819,12.373293612590746
082054,2024,56,Partinico,30621.0,108.0579,182.88102935893667,0.518240683929634
082055,2024,4,Petralia Soprana,3046.0,56.1025,131.31976362442546,0.0712980704959672
082056,2024,5,Petralia Sottana,2505.0,178.344,199.6007984031936,0.028035706275512495
082057,2024,2,Piana degli Albanesi,5658.0,64.9165,35.34817956875221,0.030808808238275323
082058,2024,9,Polizzi Generosa,3016.0,134.6583,298.40848806366046,0.06683583559275588
082059,2024,2,Pollina,2827.0,49.9291,70.74637424831977,0.040056800543170214
082060,2024,2,Prizzi,4342.0,95.0363,46.06172270842929,0.02104459033022119
082061,2024,1,Roccamena,1388.0,33.717,72.04610951008645,0.029658629178159385
082062,2024,2,Roccapalumba,2298.0,31.5663,87.03220191470844,0.06335870849608602
082063,2024,4,San Cipirello,5050.0,20.8522,79.20792079207921,0.19182628211891312
082064,2024,4,San Giuseppe Jato,8208.0,29.7814,48.732943469785575,0.13431202025425265
082067,2024,10,Santa Flavia,10879.0,14.5987,91.92021325489476,0.6849924993321324
082068,2024,1,Sciara,2551.0,31.1931,39.20031360250882,0.03205837188352552
082070,2024,70,Termini Imerese,25173.0,76.6885,278.07571604496883,0.9127835333850577
082071,2024,19,Terrasini,12483.0,19.8463,152.20700152207002,0.9573572907796416
082072,2024,18,Torretta,4173.0,25.5421,431.3443565780014,0.7047188758950909
082073,2024,14,Trabia,10279.0,22.0772,136.20001945714563,0.6341383871143079
082074,2024,3,Trappeto,2987.0,4.1885,100.43521928356209,0.7162468664199594
082076,2024,1,Valledolmo,3287.0,25.7793,30.4228780042592,0.038790812783900265
082077,2024,1,Ventimiglia di Sicilia,1825.0,26.9001,54.794520547945204,0.03717458299411527
082078,2024,4,Vicari,2484.0,85.9462,161.0305958132045,0.046540742929879385
082079,2024,29,Villabate,19568.0,3.7977,148.20114472608338,7.636200858414304
082080,2024,4,Villafrati,3142.0,25.6441,127.3074474856779,0.15598129784238868
082081,2024,3,Scillato,627.0,31.6956,478.46889952153106,0.09465036156438118
082082,2024,1,Blufi,919.0,21.9813,108.8139281828074,0.04549321468702943
083001,2024,2,Alcara li Fusi,1763.0,62.9346,113.44299489506524,0.031779021396815106
083003,2024,10,Alì Terme,2378.0,6.2744,420.52144659377626,1.5937778911130944
083005,2024,88,Barcellona Pozzo di Gotto,39945.0,59.1418,220.30291651020153,1.487949301509254
083007,2024,14,Brolo,5742.0,7.6646,243.81748519679553,1.8265793387782794
083008,2024,1,Capizzi,2918.0,70.1664,34.27004797806717,0.014251835636429974
083009,2024,42,Capo d'Orlando,13034.0,14.4275,322.234156820623,2.9111072604401316
083010,2024,6,Capri Leone,4293.0,6.7645,139.7624039133473,0.8869835168896445
083011,2024,5,Caronia,3097.0,227.2587,161.44656118824668,0.022001357923811058
083017,2024,1,Cesarò,2212.0,216.9304,45.20795660036166,0.004609773457293215
083019,2024,6,Falcone,2703.0,9.3367,221.97558268590456,0.6426253387171056
083024,2024,4,Forza d'Agrò,883.0,11.189,453.0011325028313,0.357493967289302
083025,2024,4,Francavilla di Sicilia,3636.0,82.7262,110.01100110011001,0.048352275337196673
083027,2024,2,Furci Siculo,3205.0,17.9132,62.402496099843994,0.11164950985865173
083028,2024,7,Furnari,3753.0,13.5543,186.51745270450306,0.516441276937946
083029,2024,3,Gaggi,3039.0,7.6505,98.71668311944718,0.3921312332527286
083032,2024,28,Giardini-Naxos,9006.0,5.2904,310.903841883189,5.292605474066233
083033,2024,8,Gioiosa Marea,6757.0,26.4823,118.39573775344087,0.30208856481498964
083034,2024,2,Graniti,1425.0,10.0474,140.35087719298244,0.19905647232119753
083035,2024,1,Gualtieri Sicaminò,1615.0,14.3838,61.91950464396285,0.06952265743405775
083036,2024,1,Itala,1472.0,10.9835,67.93478260869566,0.09104565939818819
083038,2024,8,Letojanni,2757.0,6.7241,290.17047515415305,1.189750301155545
083039,2024,3,Librizzi,1586.0,23.3863,189.15510718789406,0.1282802324437812
083041,2024,14,Lipari,12266.0,89.7135,114.13663786075331,0.15605232211428605
083042,2024,1,Longi,1348.0,42.1099,74.1839762611276,0.023747384819246778
083046,2024,2,Mazzarrà Sant'Andrea,1405.0,6.6942,142.34875444839858,0.29876609602342324
083047,2024,3,Merì,2330.0,1.8503,128.75536480686696,1.621358698589418
083048,2024,768,Messina,222329.0,213.7621,345.43401895389263,3.592779075430116
083049,2024,97,Milazzo,30421.0,24.7022,318.8586831465106,3.92677575276696
083051,2024,1,Mirto,913.0,9.2692,109.52902519167579,0.10788417554913046
083052,2024,1,Mistretta,4434.0,127.4678,22.552999548940008,0.007845118531895899
083054,2024,3,Monforte San Giorgio,2564.0,32.2599,117.0046801872075,0.0929947086010806
083057,2024,1,Montalbano Elicona,2001.0,67.8008,49.97501249375312,0.01474908850633031
083059,2024,3,Motta d'Affermo,670.0,14.5764,447.7611940298508,0.20581213468346093
083060,2024,3,Naso,3523.0,36.7367,85.15469770082316,0.08166220700280646
083061,2024,8,Nizza di Sicilia,3518.0,13.4154,227.4019329164298,0.5963295913651475
083063,2024,2,Oliveri,2036.0,10.4348,98.23182711198427,0.19166634722275463
083064,2024,13,Pace del Mela,6056.0,12.1757,214.66314398943197,1.0677004196883957
083066,2024,28,Patti,12788.0,50.0766,218.95527056615578,0.5591433923229613
083067,2024,1,Pettineo,1240.0,30.6164,80.64516129032258,0.032662233312865004
083068,2024,4,Piraino,3798.0,16.9687,105.318588730911,0.23572813474220183
083070,2024,2,Reitano,733.0,14.1173,272.8512960436562,0.14167014939117253
083072,2024,6,Roccalumera,3953.0,8.906,151.78345560333923,0.6737031214911295
083075,2024,1,Rodì Milici,1957.0,36.5448,51.0986203372509,0.027363674175258857
083076,2024,10,Rometta,6420.0,32.1231,155.76323987538942,0.3113024583555136
083077,2024,28,San Filippo del Mela,6764.0,10.0502,413.9562389118865,2.786014208672464
083078,2024,1,San Fratello,3350.0,67.6292,29.850746268656717,0.01478651233490859
083080,2024,7,San Pier Niceto,2583.0,36.6798,271.00271002710025,0.19084073522756395
083081,2024,1,San Piero Patti,2651.0,41.8183,37.72161448509996,0.02391297589811159
083082,2024,1,San Salvatore di Fitalia,1178.0,14.9963,84.88964346349745,0.0666831151684082
083083,2024,1,Santa Domenica Vittoria,871.0,20.1634,114.8105625717566,0.049594810399039846
083084,2024,21,Sant'Agata di Militello,11989.0,33.9764,175.160563850196,0.6180760763353387
083085,2024,11,Sant'Alessio Siculo,1488.0,6.1676,739.247311827957,1.783513846552954
083086,2024,2,Santa Lucia del Mela,4453.0,85.674,44.91354143274197,0.023344305156757006
083088,2024,1,Sant'Angelo di Brolo,2826.0,30.3859,35.38570417551309,0.03291000102021003
083089,2024,21,Santa Teresa di Riva,9271.0,8.1175,226.51278179268687,2.5870033877425316
083090,2024,1,San Teodoro,1260.0,13.974,79.36507936507937,0.07156147130385
083091,2024,2,Santo Stefano di Camastra,4416.0,21.9173,45.289855072463766,0.09125211590843763
083092,2024,3,Saponara,3707.0,26.2623,80.92797410304829,0.11423218834603215
083093,2024,2,Savoca,1660.0,9.0755,120.48192771084338,0.22037353313867006
083094,2024,1,Scaletta Zanclea,1915.0,4.7618,52.21932114882507,0.21000462010164223
083095,2024,2,Sinagra,2515.0,24.027,79.52286282306163,0.08323968868356432
083096,2024,7,Spadafora,4701.0,10.5246,148.90448840672198,0.6651084126712654
083097,2024,50,Taormina,10492.0,13.1331,476.5535646206634,3.807174239136228
083098,2024,18,Torregrotta,7239.0,4.126,248.65312888520515,4.362578768783325
083099,2024,3,Tortorici,5908.0,70.5008,50.77860528097495,0.042552708621746135
083101,2024,3,Tusa,2663.0,41.0737,112.65490048817124,0.0730394388623377
083102,2024,1,Ucria,940.0,26.2643,106.38297872340426,0.03807449655996924
083103,2024,4,Valdina,1276.0,2.6016,313.4796238244514,1.5375153751537516
083104,2024,5,Venetico,3896.0,4.517,128.33675564681724,1.1069293779056895
083105,2024,18,Villafranca Tirrena,8196.0,14.2458,219.61932650073206,1.2635303036684498
083106,2024,13,Terme Vigliatore,7165.0,13.228,181.43754361479412,0.9827638342908981
083107,2024,9,Acquedolci,5466.0,12.9304,164.6542261251372,0.6960341520757285
083108,2024,9,Torrenova,4440.0,12.9268,202.7027027027027,0.6962279914596033
084001,2024,160,Agrigento,55872.0,245.3165,286.368843069874,0.6522186644599935
084002,2024,1,Alessandria della Rocca,2567.0,62.2395,38.955979742890534,0.01606696711895179
084003,2024,5,Aragona,8892.0,74.7015,56.23031938821413,0.06693306024644753
084004,2024,1,Bivona,3298.0,88.5732,30.32140691328078,0.011290096778709588
084009,2024,1,Cammarata,5930.0,192.453,16.863406408094434,0.0051960738466015075
084010,2024,14,Campobello di Licata,9260.0,81.3276,151.1879049676026,0.1721432822313704
084011,2024,38,Canicattì,34446.0,91.8595,110.31759856006502,0.41367523228408604
084013,2024,1,Castrofilippo,2646.0,18.0752,37.79289493575208,0.05532442241303001
084015,2024,2,Cianciana,3177.0,38.0815,62.95247088448222,0.05251893964260862
084017,2024,22,Favara,31821.0,81.875,69.13673360359512,0.2687022900763359
084018,2024,1,Grotte,5303.0,23.976,18.857250612860643,0.04170837504170838
084019,2024,2,Joppolo Giancaxio,1102.0,19.1421,181.48820326678765,0.10448174442720497
084020,2024,10,Lampedusa e Linosa,6337.0,25.2217,157.80337699226763,0.3964839800647855
084021,2024,60,Licata,34671.0,179.9535,173.0552911655274,0.33341946669556305
084022,2024,1,Lucca Sicula,1730.0,18.632,57.80346820809249,0.0536711034778875
084023,2024,22,Menfi,11812.0,113.578,186.251269895022,0.19369948405501064
084024,2024,4,Montallegro,2385.0,27.4124,167.71488469601675,0.1459193649589237
084025,2024,1,Montevago,2734.0,32.9092,36.5764447695684,0.03038663960229966
084026,2024,1,Naro,7110.0,207.4873,14.064697609001406,0.0048195720894724636
084027,2024,28,Palma di Montechiaro,21437.0,77.0626,130.61529131874795,0.3633409721447239
084028,2024,36,Porto Empedocle,15622.0,25.2257,230.44424529509666,1.4271159967810605
084029,2024,8,Racalmuto,7603.0,68.1009,105.22162304353546,0.11747274999302507
084030,2024,5,Raffadali,12260.0,22.2987,40.78303425774878,0.2242283182427675
084031,2024,5,Ravanusa,10574.0,49.5006,47.28579534707774,0.10100887666008089
084032,2024,6,Realmonte,4379.0,20.3693,137.01758392327014,0.294560932383538
084033,2024,29,Ribera,18058.0,118.521,160.59364270683355,0.24468237696273235
084034,2024,9,Sambuca di Sicilia,5485.0,96.3715,164.08386508659981,0.09338860555247143
084037,2024,2,Santa Elisabetta,2166.0,16.1674,92.33610341643582,0.1237057288123013
084038,2024,2,Santa Margherita di Belice,6104.0,67.2752,32.765399737876805,0.02972863700145076
084039,2024,2,Sant'Angelo Muxaro,1184.0,64.5212,168.91891891891893,0.03099756359150171
084041,2024,69,Sciacca,39250.0,191.6678,175.79617834394907,0.35999787131693484
084042,2024,1,Siculiana,4177.0,40.9909,23.940627244433802,0.024395658548604687
085003,2024,7,Butera,4234.0,298.5222,165.32829475673122,0.023448842330654137
085004,2024,163,Caltanissetta,59864.0,421.2465,272.2838433783242,0.38694683516658296
085006,2024,4,Delia,3958.0,12.3988,101.0611419909045,0.32261186566441913
085007,2024,293,Gela,72491.0,279.2195,404.188106109724,1.0493536447132095
085009,2024,1,Mazzarino,11181.0,295.5893,8.943743851176102,0.003383072391321337
085010,2024,1,Milena,2777.0,24.6266,36.010082823190494,0.04060649866404619
085012,2024,6,Mussomeli,10059.0,164.4247,59.64807634953773,0.03649086785622841
085013,2024,28,Niscemi,25180.0,96.8171,111.19936457505958,0.2892051094279833
085014,2024,6,Resuttano,1809.0,38.2733,331.6749585406302,0.15676725027630228
085015,2024,1,Riesi,10697.0,66.9953,9.348415443582313,0.01492642021156708
085016,2024,14,San Cataldo,21255.0,72.7746,65.86685485768055,0.19237481209103174
085017,2024,8,Santa Caterina Villarmosa,4847.0,75.8139,165.05054672993606,0.10552154684035513
085018,2024,4,Serradifalco,5679.0,41.9382,70.43493572812115,0.09537843779656732
085019,2024,3,Sommatino,6487.0,34.7565,46.24633883150917,0.08631479003927323
085021,2024,3,Vallelunga Pratameno,3198.0,39.3738,93.80863039399625,0.07619279825670877
085022,2024,2,Villalba,1480.0,41.8177,135.13513513513513,0.04782663800256829
086001,2024,17,Agira,7756.0,164.0807,219.1851469829809,0.10360755408771415
086002,2024,1,Aidone,4389.0,210.7759,22.784233310549098,0.004744375424325077
086003,2024,9,Assoro,4892.0,112.1499,183.9738348323794,0.08024973718211073
086004,2024,6,Barrafranca,12063.0,53.712,49.73887092762995,0.11170688114387846
086005,2024,4,Calascibetta,4169.0,89.1179,95.9462700887503,0.04488436105428875
086006,2024,4,Catenanuova,4519.0,11.2247,88.51515822084532,0.3563569627696063
086007,2024,6,Centuripe,5172.0,174.1946,116.0092807424594,0.03444423650331296
086008,2024,2,Cerami,1859.0,95.0465,107.58472296933834,0.021042331911222404
086009,2024,70,Enna,26037.0,358.7437,268.84817759342474,0.1951253778115128
086010,2024,1,Gagliano Castelferrato,3368.0,56.2367,29.69121140142518,0.01778198222868696
086011,2024,8,Leonforte,12583.0,84.3917,63.5778431216721,0.09479605221840537
086012,2024,11,Nicosia,12947.0,218.5057,84.96176720475786,0.050341936160017794
086013,2024,1,Nissoria,2849.0,61.8245,35.1000351000351,0.016174817426748294
086014,2024,35,Piazza Armerina,20749.0,304.5376,168.68282808810065,0.11492833725622058
086015,2024,4,Pietraperzia,6459.0,118.1099,61.929091190586774,0.03386676307405222
086016,2024,3,Regalbuto,6830.0,170.2924,43.92386530014642,0.01761675799976981
086018,2024,4,Troina,8699.0,168.2777,45.982296815725945,0.02377023218168539
086019,2024,4,Valguarnera Caropepe,7163.0,9.4134,55.84252408208852,0.4249261690781227
086020,2024,5,Villarosa,4496.0,54.892,111.2099644128114,0.0910879545288931
087001,2024,5,Aci Bonaccorsi,3495.0,1.7242,143.0615164520744,2.8998956037582646
087002,2024,55,Aci Castello,17987.0,8.7058,305.7763940623784,6.317627328907165
087003,2024,34,Aci Catena,28160.0,8.5219,120.73863636363636,3.9897206022131213
087004,2024,200,Acireale,50627.0,40.4413,395.04612163470085,4.945439439384986
087005,2024,52,Aci Sant'Antonio,17867.0,14.3333,291.03934628085295,3.627915413756776
087006,2024,28,Adrano,33926.0,83.2208,82.53257088958321,0.33645434795147366
087007,2024,140,Belpasso,27546.0,166.3264,508.2407609090249,0.8417184523924043
087008,2024,44,Biancavilla,22987.0,70.2753,191.41253752120764,0.6261090311958825
087009,2024,20,Bronte,18327.0,250.8569,109.12860806460414,0.07972672866482844
087010,2024,17,Calatabiano,5133.0,26.4172,331.1903370348724,0.6435201308238572
087011,2024,88,Caltagirone,36241.0,383.3735,242.8189067630584,0.22954116546918346
087012,2024,4,Camporotondo Etneo,5149.0,6.554,77.68498737618955,0.6103143118706134
087014,2024,3,Castiglione di Sicilia,2969.0,118.9022,101.04412260020209,0.025230819951186777
087015,2024,1459,Catania,300356.0,182.796,485.75690180985237,7.981575089170442
087016,2024,25,Fiumefreddo di Sicilia,9086.0,12.1599,275.14858023332596,2.0559379600161183
087017,2024,106,Giarre,26485.0,27.3544,400.22654332641116,3.875062147223116
087018,2024,6,Grammichele,12561.0,32.0655,47.76689754000478,0.1871169949010619
087019,2024,46,Gravina di Catania,25031.0,5.1302,183.77212256801567,8.966512026821565
087020,2024,3,Licodia Eubea,2794.0,112.4453,107.37294201861131,0.0266796388999807
087021,2024,8,Linguaglossa,5098.0,60.2466,156.9242840329541,0.13278757639435254
087022,2024,6,Maletto,3613.0,40.9571,166.06698034874066,0.14649474694253256
087023,2024,62,Mascali,14092.0,37.8462,439.96593812091965,1.6382093842974987
087024,2024,75,Mascalucia,31628.0,16.3066,237.1316554951309,4.599364674426306
087025,2024,1,Militello in Val di Catania,6792.0,62.4748,14.723203769140163,0.016006453802173037
087026,2024,1,Milo,1038.0,16.6713,96.33911368015414,0.05998332463575127
087027,2024,11,Mineo,4991.0,245.2684,220.39671408535366,0.044848826836233285
087028,2024,3,Mirabella Imbaccari,4282.0,15.3009,70.06071929005138,0.19606689802560634
087029,2024,141,Misterbianco,48943.0,37.6868,288.09022740739226,3.741363023658151
087030,2024,33,Motta Sant'Anastasia,11987.0,35.6999,275.2982397597397,0.9243723371774151
087031,2024,12,Nicolosi,7529.0,42.6505,159.383716296985,0.28135660777716553
087032,2024,27,Palagonia,15805.0,57.7851,170.83201518506803,0.46724847754871063
087033,2024,112,Paternò,45621.0,144.6802,245.50097542798272,0.7741211306039112
087034,2024,28,Pedara,14714.0,19.2394,190.29495718363464,1.4553468403380563
087035,2024,11,Piedimonte Etneo,3927.0,26.5431,280.1120448179272,0.41442032015853464
087037,2024,9,Ramacca,10377.0,306.4331,86.73026886383347,0.02937019532158895
087038,2024,10,Randazzo,10324.0,205.6137,96.86168151879117,0.0486348915466236
087039,2024,35,Riposto,13969.0,13.2139,250.55479991409547,2.6487259628118873
087040,2024,1,San Cono,2431.0,6.6313,41.135335252982316,0.15079999396800023
087041,2024,71,San Giovanni la Punta,23336.0,10.8496,304.25094274940005,6.544020056038932
087042,2024,33,San Gregorio di Catania,11464.0,5.649,287.85764131193304,5.8417419012214555
087043,2024,2,San Michele di Ganzaria,2965.0,25.8122,67.45362563237774,0.07748274071950473
087044,2024,13,San Pietro Clarenza,8123.0,6.2721,160.03939431244615,2.072671035219464
087045,2024,34,Sant'Agata li Battiati,9318.0,3.118,364.8851684910925,10.904425914047467
087046,2024,1,Sant'Alfio,1522.0,25.8595,65.7030223390276,0.038670507937121755
087047,2024,7,Santa Maria di Licodia,7395.0,26.2767,94.65855307640297,0.26639570417898745
087048,2024,22,Santa Venerina,8303.0,19.0259,264.9644706732506,1.1563184921606862
087049,2024,18,Scordia,16296.0,24.3092,110.45655375552282,0.7404604018231781
087050,2024,18,Trecastagni,11073.0,19.1562,162.5575724735844,0.9396435618755287
087051,2024,50,Tremestieri Etneo,19892.0,6.4902,251.35732957973053,7.70392283750886
087052,2024,10,Valverde,7775.0,5.5218,128.61736334405145,1.8110036582273896
087053,2024,19,Viagrande,8715.0,10.0944,218.0149168100975,1.8822317324457125
087054,2024,5,Vizzini,5772.0,126.7508,86.62508662508662,0.03944748277722902
087055,2024,11,Zafferana Etnea,9282.0,76.8653,118.5089420383538,0.14310748803426251
087057,2024,3,Maniace,3739.0,37.7004,80.23535704733887,0.07957475252251965
087058,2024,1,Ragalna,4083.0,39.528,24.49179524859172,0.02529852256628213
088001,2024,9,Acate,10620.0,102.4684,84.7457627118644,0.08783195599814186
088002,2024,16,Chiaramonte Gulfi,7926.0,127.374,201.86727226848348,0.12561433259534913
088003,2024,64,Comiso,29978.0,65.4008,213.48989258789777,0.9785813017577766
088004,2024,2,Giarratana,2830.0,43.6296,70.67137809187278,0.045840438601316535
088005,2024,36,Ispica,16127.0,113.753,223.22812674396977,0.3164751698856294
088006,2024,116,Modica,53370.0,292.3698,217.35057148210603,0.39675780467066024
088007,2024,2,Monterosso Almo,2829.0,56.55,70.69635913750442,0.03536693191865606
088008,2024,38,Pozzallo,18940.0,15.3764,200.63357972544878,2.471319684711636
088009,2024,185,Ragusa,72579.0,444.7079,254.8946665013296,0.4160034035824414
088010,2024,35,Santa Croce Camerina,10838.0,41.085,322.93781140431815,0.8518924181574784
088011,2024,53,Scicli,26822.0,138.7215,197.59898590709122,0.3820604592655068
088012,2024,191,Vittoria,62051.0,182.4725,307.81131649771964,1.0467330693666168
089001,2024,96,Augusta,34857.0,111.1579,275.4109647990361,0.8636363227444923
089002,2024,103,Avola,30503.0,74.5914,337.6717044225158,1.3808562381186036
089004,2024,3,Buscemi,978.0,52.0509,306.7484662576687,0.05763589102205726
089005,2024,5,Canicattini Bagni,6639.0,15.0628,75.31254707034192,0.3319435961441432
089006,2024,21,Carlentini,17152.0,158.9089,122.43470149253731,0.13215118851115326
089008,2024,3,Ferla,2349.0,24.8976,127.7139208173691,0.12049354154617312
089009,2024,37,Floridia,21561.0,26.4772,171.6061407170354,1.3974287311347122
089010,2024,8,Francofonte,11908.0,74.2007,67.18172657037286,0.10781569446110346
089011,2024,30,Lentini,22106.0,216.7816,135.70976205555053,0.138388128881787
089012,2024,29,Melilli,13257.0,136.4172,218.75235724522895,0.2125831639998475
089013,2024,66,Noto,23638.0,554.9841,279.2114392080548,0.11892232588284961
089014,2024,46,Pachino,21521.0,50.9828,213.7447144649412,0.9022650776340256
089015,2024,2,Palazzolo Acreide,8247.0,87.5343,24.251242876197406,0.022848186368086568
089016,2024,27,Rosolini,20644.0,76.4685,130.78860685913583,0.35308656505619956
089017,2024,444,Siracusa,117053.0,207.8248,379.315352874339,2.1364149033224136
089018,2024,5,Solarino,7556.0,13.0204,66.17257808364214,0.3840127799453166
089019,2024,4,Sortino,8337.0,93.3295,47.97888928871296,0.04285890313352156
089020,2024,1,Portopalo di Capo Passero,3790.0,15.0908,26.385224274406333,0.06626553926895858
089021,2024,33,Priolo Gargallo,11468.0,56.9645,287.7572375305197,0.5793081656119162
090002,2024,3,Alà dei Sardi,1787.0,197.9892,167.87912702853944,0.015152341642877489
090003,2024,193,Alghero,42325.0,225.4113,455.99527466036625,0.8562126211063953
090004,2024,1,Anela,592.0,36.8902,168.91891891891893,0.027107470276658843
090005,2024,1,Ardara,757.0,38.1886,132.1003963011889,0.026185825089162732
090006,2024,65,Arzachena,13337.0,230.8505,487.3659743570518,0.2815675079759411
090008,2024,4,Benetutti,1736.0,94.446,230.4147465437788,0.04235224361010525
090009,2024,5,Berchidda,2636.0,201.8768,189.68133535660093,0.024767581019711032
090011,2024,5,Bonnanaro,952.0,21.8441,525.2100840336135,0.22889475876781373
090012,2024,4,Bono,3369.0,74.5393,118.72959335114278,0.053662967052279804
090013,2024,5,Bonorva,3233.0,149.744,154.6551190844417,0.03339031947857677
090014,2024,2,Bortigiadas,737.0,75.8973,271.37042062415196,0.026351398534598728
090016,2024,6,Bottidda,660.0,33.7144,909.090909090909,0.17796549842203926
090017,2024,1,Buddusò,3666.0,176.8381,27.277686852154936,0.005654889981287969
090018,2024,1,Bultei,854.0,96.8314,117.096018735363,0.01032722856428803
090020,2024,1,Burgos,859.0,18.077,116.41443538998836,0.05531891353653814
090021,2024,5,Calangianus,3854.0,126.8371,129.73533990659055,0.039420642698390296
090022,2024,3,Cargeghe,605.0,12.0464,495.86776859504135,0.24903705671403906
090023,2024,11,Castelsardo,5687.0,43.3436,193.42359767891682,0.2537860260799749
090025,2024,2,Chiaramonti,1529.0,98.6116,130.80444735120994,0.020281589589865697
090026,2024,13,Codrongianos,1276.0,30.3907,1018.808777429467,0.42776244048343737
090030,2024,1,Giave,500.0,47.0662,200.0,0.021246669584542622
090032,2024,1,Ittireddu,482.0,23.6867,207.4688796680498,0.04221778466396755
090033,2024,6,Ittiri,8188.0,111.4578,73.27796775769419,0.05383203328972938
090034,2024,1,Laerru,872.0,19.8495,114.67889908256882,0.050379102748180055
090035,2024,9,La Maddalena,10722.0,51.6732,83.93956351426972,0.17417152411695036
090036,2024,2,Luogosanto,1821.0,135.0697,109.8297638660077,0.01480716992782245
090037,2024,4,Luras,2466.0,87.5852,162.20600162206003,0.04566981636166841
090041,2024,5,Monti,2336.0,123.822,214.04109589041096,0.040380546268029914
090042,2024,2,Mores,1777.0,94.8547,112.54924029262803,0.021084880348575242
090043,2024,4,Muros,831.0,11.2256,481.34777376654637,0.3563283922462942
090044,2024,1,Nughedu San Nicolò,768.0,67.8938,130.20833333333331,0.014728885406325762
090045,2024,1,Nule,1291.0,51.9467,77.45933384972889,0.019250500994288378
090046,2024,3,Nulvi,2662.0,67.375,112.69722013523666,0.04452690166975881
090047,2024,291,Olbia,59948.0,383.6361,485.4206979382131,0.7585313269528077
090048,2024,9,Olmedo,4125.0,33.4655,218.1818181818182,0.2689336779668614
090049,2024,6,Oschiri,3074.0,215.6111,195.1854261548471,0.02782788084657979
090050,2024,1,Osilo,2879.0,98.031,34.73428273706148,0.01020085483163489
090051,2024,5,Ossi,5529.0,30.0898,90.43226623259179,0.16616926666179235
090052,2024,11,Ozieri,10023.0,252.1279,109.74758056470118,0.043628650379430436
090053,2024,1,Padria,625.0,48.3942,160.0,0.020663633245306255
090054,2024,7,Palau,4077.0,44.4411,171.69487368162865,0.15751185276692073
090055,2024,6,Pattada,2928.0,164.8777,204.91803278688525,0.03639060952451423
090056,2024,3,Perfugas,2261.0,60.8803,132.68465280849182,0.04927702393056539
090057,2024,3,Ploaghe,4383.0,96.2684,68.44626967830253,0.031162873798671217
090058,2024,40,Porto Torres,21377.0,104.5108,187.11699490106187,0.38273556417135834
090059,2024,3,Pozzomaggiore,2442.0,78.7714,122.85012285012284,0.038084888677870396
090060,2024,1,Putifigari,707.0,53.1002,141.44271570014143,0.018832320782219275
090062,2024,5,Aglientu,1179.0,148.1899,424.0882103477523,0.03374049108609966
090063,2024,3,Santa Teresa Gallura,4951.0,102.2847,60.5938194304181,0.029329899779732452
090064,2024,520,Sassari,122506.0,547.0333,424.4690055997257,0.9505819846799088
090067,2024,3,Sennori,7001.0,31.3396,42.851021282673905,0.09572553574391504
090068,2024,5,Siligo,818.0,43.4487,611.2469437652812,0.11507824169652947
090069,2024,22,Sorso,14339.0,67.0106,153.4277146244508,0.3283062679635759
090070,2024,26,Tempio Pausania,13443.0,210.8176,193.4092092538868,0.12332936149543491
090071,2024,2,Thiesi,2826.0,63.2444,70.77140835102618,0.031623353213881385
090073,2024,2,Torralba,914.0,36.5029,218.8183807439825,0.054790167356566194
090074,2024,6,Trinità d'Agultu e Vignola,2216.0,134.0008,270.7581227436823,0.04477585208446517
090075,2024,1,Tula,1469.0,66.1853,68.07351940095303,0.015109095222050818
090076,2024,3,Uri,2864.0,56.8063,104.74860335195531,0.052811043845488966
090077,2024,1,Usini,4254.0,30.7367,23.507287259050305,0.03253439699121897
090078,2024,5,Villanova Monteleone,2177.0,202.6815,229.67386311437758,0.02466924706991018
090079,2024,4,Valledoria,4216.0,25.9539,94.87666034155598,0.154119419432147
090080,2024,6,Telti,2224.0,83.2468,269.7841726618705,0.0720748425164691
090081,2024,3,Badesi,1819.0,31.3026,164.92578339747115,0.09583868432654156
090082,2024,3,Viddalba,1623.0,50.4089,184.84288354898337,0.059513300230713224
090083,2024,5,Golfo Aranci,2406.0,37.4285,207.81379883624274,0.13358804119855192
090084,2024,15,Loiri Porto San Paolo,3551.0,118.5196,422.41622078287804,0.1265613451277257
090085,2024,3,Sant'Antonio di Gallura,1448.0,81.6928,207.18232044198894,0.036722942535939516
090086,2024,2,Tergu,602.0,36.8773,332.22591362126246,0.05423390541064558
090087,2024,2,Santa Maria Coghinas,1296.0,22.9701,154.320987654321,0.0870697123652052
090089,2024,6,Stintino,1543.0,59.043,388.8528839922229,0.1016208525989533
090090,2024,2,Padru,2024.0,157.996,98.81422924901185,0.012658548317678929
090091,2024,15,Budoni,5221.0,54.2785,287.30128327906533,0.2763525152684765
090092,2024,17,San Teodoro,4923.0,107.5989,345.31789559211865,0.15799418023790207
091001,2024,1,Aritzo,1215.0,75.5753,82.30452674897118,0.013231836327477363
091002,2024,4,Arzana,2285.0,162.486,175.054704595186,0.02461750550816686
091005,2024,6,Bari Sardo,3848.0,37.4258,155.92515592515593,0.16031721432808382
091006,2024,5,Baunei,3469.0,211.8973,144.13375612568464,0.023596336527176135
091007,2024,3,Belvì,579.0,18.1022,518.1347150259068,0.16572571289677498
091008,2024,4,Birori,508.0,17.3275,787.4015748031496,0.2308469196364161
091009,2024,2,Bitti,2661.0,215.3679,75.15971439308531,0.009286434979400366
091010,2024,4,Bolotana,2456.0,108.4346,162.86644951140065,0.03688859459987864
091011,2024,2,Borore,1989.0,42.6755,100.5530417295123,0.046865297418893746
091016,2024,1,Desulo,2166.0,74.4978,46.16805170821791,0.013423215182193301
091017,2024,7,Dorgali,8288.0,226.5328,84.45945945945947,0.030900602473460794
091018,2024,2,Dualchi,590.0,23.4099,338.9830508474576,0.08543394034147946
091024,2024,3,Fonni,3752.0,112.2661,79.95735607675905,0.02672222514187275
091025,2024,1,Gadoni,725.0,43.4345,137.9310344827586,0.0230231728234468
091027,2024,5,Galtellì,2380.0,56.53,210.08403361344537,0.0884486113568017
091028,2024,5,Gavoi,2527.0,38.0587,197.86307874950535,0.13137600601176602
091031,2024,3,Girasole,1278.0,13.1613,234.7417840375587,0.22794100886690524
091032,2024,1,Ilbono,2014.0,31.132,49.65243296921549,0.03212128999100604
091033,2024,2,Irgoli,2239.0,75.2988,89.32559178204555,0.026560848247249625
091035,2024,2,Jerzu,3069.0,102.4051,65.16780710329097,0.019530277300642253
091037,2024,5,Lanusei,5154.0,53.1687,97.01202949165696,0.09404029062211414
091038,2024,1,Lei,474.0,19.1146,210.97046413502107,0.05231603067812039
091039,2024,2,Loceri,1265.0,19.3735,158.10276679841897,0.10323379874570934
091040,2024,2,Loculi,504.0,38.1494,396.8253968253968,0.05242546409642091
091041,2024,2,Lodè,1638.0,123.4437,122.1001221001221,0.01620171786814556
091042,2024,3,Lotzorai,2100.0,16.8669,142.85714285714286,0.17786315209078135
091043,2024,7,Lula,1277.0,148.7146,548.159749412686,0.04707002540436514
091044,2024,16,Macomer,9567.0,122.7633,167.2415595275426,0.13033211065522024
091046,2024,4,Mamoiada,2413.0,48.8294,165.76875259013676,0.08191786096081459
091047,2024,1,Meana Sardo,1624.0,73.8037,61.576354679802954,0.01354945619257571
091050,2024,4,Noragugume,294.0,26.7317,1360.5442176870747,0.14963507745485696
091051,2024,79,Nuoro,34660.0,192.059,227.92844777841893,0.4113319344576406
091055,2024,10,Oliena,6722.0,165.7374,148.76524843796489,0.06033641169705811
091056,2024,1,Ollolai,1202.0,27.2372,83.19467554076539,0.03671449341341988
091057,2024,1,Olzai,792.0,69.8209,126.26262626262627,0.014322359064406218
091060,2024,7,Oniferi,898.0,35.6734,779.510022271715,0.19622463796554296
091061,2024,8,Orani,2742.0,130.4318,291.75784099197665,0.0613347358542932
091062,2024,4,Orgosolo,3991.0,222.5957,100.22550739163117,0.01796979905721449
091063,2024,6,Orosei,6798.0,90.9957,88.261253309797,0.06593718164704486
091064,2024,4,Orotelli,1916.0,61.1765,208.76826722338203,0.06538458394971926
091066,2024,1,Ortueri,1066.0,38.8335,93.80863039399625,0.02575096244222128
091067,2024,6,Orune,2185.0,128.4462,274.5995423340961,0.04671216431470919
091070,2024,6,Ottana,2224.0,45.0708,269.7841726618705,0.1331238850874624
091071,2024,2,Ovodda,1538.0,40.8474,130.03901170351105,0.048962724677702865
091072,2024,1,Perdasdefogu,1757.0,77.7449,56.91519635742743,0.012862580053482607
091073,2024,16,Posada,3006.0,32.7669,532.2687957418497,0.488297641827576
091077,2024,3,Sarule,1596.0,52.7148,187.96992481203006,0.056910013886043394
091083,2024,2,Silanus,2022.0,47.9345,98.91196834817012,0.04172360199856054
091084,2024,3,Sindia,1626.0,58.5657,184.50184501845018,0.051224522203269146
091085,2024,27,Siniscola,11136.0,196.4124,242.45689655172416,0.13746586264411007
091086,2024,2,Sorgono,1552.0,56.0512,128.8659793814433,0.03568166248001827
091088,2024,6,Talana,971.0,118.6731,617.9196704428424,0.05055905677023689
091090,2024,1,Teti,617.0,43.8006,162.07455429497568,0.02283073747848203
091093,2024,1,Tonara,1851.0,52.0143,54.02485143165856,0.019225482223157862
091094,2024,1,Torpè,2712.0,91.5027,36.87315634218289,0.010928639264196575
091095,2024,40,Tortolì,10969.0,40.285,364.6640532409518,0.9929254064788383
091099,2024,6,Urzulei,1154.0,129.6349,519.9306759098787,0.04628383251732366
091100,2024,2,Ussassai,492.0,47.323,406.50406504065046,0.04226274750121505
091101,2024,12,Villagrande Strisaili,2997.0,210.351,400.4004004004004,0.05704750631088039
091104,2024,2,Lodine,309.0,7.7001,647.2491909385113,0.2597368865339411
092003,2024,39,Assemini,26291.0,118.1723,148.33973603134152,0.33002657983300654
092009,2024,520,Cagliari,149572.0,84.5839,347.658652689006,6.14774206438814
092011,2024,28,Capoterra,23089.0,68.4888,121.26986876867772,0.4088259686255271
092015,2024,19,Decimomannu,8222.0,27.7167,231.08732668450497,0.6855072934368088
092037,2024,10,Maracalagonis,7888.0,101.3687,126.77484787018255,0.0986497804549136
092050,2024,8,Pula,7064.0,138.9157,113.25028312570782,0.05758888304201758
092051,2024,169,Quartu Sant'Elena,68640.0,96.4102,246.2121212121212,1.7529265575634112
092066,2024,12,Sarroch,5097.0,67.8293,235.43260741612713,0.17691469615638078
092068,2024,62,Selargius,28655.0,26.6857,216.3671261559937,2.323341714851025
092074,2024,39,Sestu,20772.0,48.2851,187.7527440785673,0.8077025831985436
092075,2024,12,Settimo San Pietro,6776.0,23.294,177.0956316410862,0.5151541169399846
092080,2024,17,Sinnai,17301.0,223.908,98.26021617247557,0.07592404023080909
092090,2024,9,Uta,8585.0,134.7065,104.834012813046,0.06681192073136782
092099,2024,2,Villa San Pietro,2148.0,39.887,93.10986964618249,0.050141650161706824
092105,2024,26,Quartucciu,12864.0,27.9315,202.1144278606965,0.9308486833861411
092108,2024,25,Elmas,9349.0,14.0545,267.40827896031664,1.7787897114803086
092109,2024,32,Monserrato,19175.0,6.4217,166.88396349413298,4.983104162449195
093002,2024,2,Arba,1296.0,15.3112,154.320987654321,0.13062333455248445
093004,2024,24,Aviano,8854.0,113.3483,271.0639259091936,0.211736744177019
093005,2024,32,Azzano Decimo,15702.0,51.3378,203.79569481594703,0.6233223862339251
093006,2024,4,Barcis,234.0,103.4107,1709.4017094017095,0.03868071679236288
093007,2024,13,Brugnera,9258.0,29.1193,140.41909699719162,0.4464393031425893
093008,2024,2,Budoia,2505.0,37.3582,79.84031936127744,0.053535769924675174
093009,2024,10,Caneva,6361.0,41.7946,157.20798616569724,0.23926535963976206
093010,2024,17,Casarsa della Delizia,8257.0,20.466,205.88591498122804,0.8306459493794586
093011,2024,1,Castelnovo del Friuli,826.0,22.4812,121.06537530266344,0.0444816113018878
093012,2024,3,Cavasso Nuovo,1480.0,10.5962,202.7027027027027,0.2831203639040411
093013,2024,12,Chions,5126.0,33.4461,234.10066328521262,0.3587862261967763
093016,2024,1,Clauzetto,384.0,28.3078,260.41666666666663,0.0353259525643109
093017,2024,42,Cordenons,18067.0,56.3393,232.4680356450988,0.745483170717421
093018,2024,3,Cordovado,2684.0,12.0182,111.77347242921013,0.24962140753190992
093020,2024,2,Fanna,1490.0,10.2629,134.22818791946307,0.19487669177328046
093021,2024,24,Fiume Veneto,11786.0,35.7555,203.6314271169184,0.6712254058816126
093022,2024,30,Fontanafredda,12697.0,46.4018,236.2762857367882,0.6465266433629729
093025,2024,20,Maniago,11622.0,69.4596,172.08742040956804,0.287937160594072
093026,2024,3,Meduno,1539.0,31.5906,194.9317738791423,0.09496495793052365
093027,2024,13,Montereale Valcellina,4323.0,67.8802,300.71709461022436,0.19151387297032124
093028,2024,11,Morsano al Tagliamento,2682.0,32.5331,410.1416853094705,0.33811717911911254
093029,2024,14,Pasiano di Pordenone,7758.0,45.5945,180.45888115493685,0.30705457895140864
093030,2024,5,Pinzano al Tagliamento,1484.0,21.9508,336.9272237196766,0.22778213094739144
093031,2024,6,Polcenigo,3140.0,49.6887,191.0828025477707,0.12075180071122811
093032,2024,52,Porcia,15067.0,29.5333,345.1251078515962,1.7607243349033126
093033,2024,191,Pordenone,51403.0,38.2114,371.5736435616598,4.9985082985705835
093034,2024,12,Prata di Pordenone,8483.0,22.9602,141.45938936696922,0.5226435309796953
093035,2024,3,Pravisdomini,3401.0,16.2091,88.20935019112027,0.18508121980862602
093036,2024,10,Roveredo in Piano,5942.0,15.8565,168.29350387075058,0.6306561977737836
093037,2024,38,Sacile,20058.0,32.7407,189.45059327948948,1.1606349283918793
093038,2024,13,San Giorgio della Richinvelda,4717.0,48.1525,275.59889760440956,0.269975598359379
093039,2024,2,San Martino al Tagliamento,1426.0,17.979,140.25245441795232,0.11124089215195507
093040,2024,14,San Quirino,4220.0,51.7586,331.7535545023697,0.27048645056087295
093041,2024,16,San Vito al Tagliamento,15077.0,60.8809,106.12190754128805,0.2628082042151151
093042,2024,8,Sequals,2182.0,27.7045,366.63611365719527,0.2887617535057482
093043,2024,10,Sesto al Reghena,6346.0,40.6729,157.5795776867318,0.2458639536398929
093044,2024,23,Spilimbergo,11942.0,71.8756,192.5975548484341,0.31999732871795156
093045,2024,1,Tramonti di Sopra,286.0,125.1433,349.65034965034965,0.007990839301824388
093049,2024,3,Vito d'Asio,717.0,53.7144,418.41004184100416,0.05585094499798937
093050,2024,6,Vivaro,1304.0,37.6768,460.1226993865031,0.15924919313742145
093051,2024,14,Zoppola,8374.0,45.5349,167.18414139001672,0.30745647843741836
093053,2024,4,Valvasone Arzene,3890.0,29.675,102.82776349614394,0.13479359730412804
094002,2024,6,Agnone,4796.0,96.8489,125.10425354462052,0.06195217498598332
094005,2024,1,Cantalupo nel Sannio,733.0,15.638,136.4256480218281,0.0639467962655071
094007,2024,1,Carovilli,1279.0,41.5624,78.18608287724786,0.024060208265162746
094008,2024,1,Carpinone,1044.0,32.4292,95.78544061302682,0.03083640669520062
094010,2024,6,Castelpetroso,1577.0,22.7064,380.46924540266326,0.2642426804777508
094012,2024,2,Castel San Vincenzo,474.0,21.9784,421.94092827004215,0.09099843482692098
094014,2024,2,Cerro al Volturno,1170.0,23.7896,170.94017094017093,0.08407035006893769
094016,2024,1,Civitanova del Sannio,919.0,50.4723,108.8139281828074,0.01981284783930988
094017,2024,6,Colli a Volturno,1291.0,25.2497,464.7560030983733,0.2376265856624039
094019,2024,1,Filignano,584.0,30.8761,171.23287671232876,0.03238751008061251
094020,2024,1,Forlì del Sannio,646.0,32.5616,154.79876160990713,0.030711021571421554
094021,2024,1,Fornelli,1826.0,23.1728,54.76451259583789,0.043154042670717395
094023,2024,46,Isernia,20971.0,69.1501,219.35053168661486,0.6652195730736471
094024,2024,1,Longano,659.0,27.3726,151.74506828528072,0.03653288324821172
094025,2024,3,Macchia d'Isernia,1057.0,17.7115,283.8221381267739,0.16938147531264997
094026,2024,2,Macchiagodena,1656.0,34.3511,120.77294685990337,0.058222298558124774
094027,2024,3,Miranda,963.0,22.1461,311.52647975077883,0.13546403204175905
094028,2024,6,Montaquila,2316.0,25.449,259.0673575129534,0.2357656489449487
094029,2024,1,Montenero Val Cocchiara,505.0,22.0189,198.01980198019803,0.04541552938611829
094030,2024,3,Monteroduni,2056.0,37.2123,145.91439688715954,0.08061850517167711
094031,2024,4,Pesche,1578.0,12.9625,253.48542458808618,0.3085824493731919
094033,2024,2,Pescopennataro,244.0,18.832,819.672131147541,0.10620220900594732
094034,2024,1,Pettoranello del Molise,429.0,15.584,233.1002331002331,0.06416837782340863
094037,2024,1,Poggio Sannita,597.0,25.7364,167.50418760469012,0.03885547318195241
094038,2024,10,Pozzilli,2186.0,34.6597,457.4565416285453,0.28851951978811124
094040,2024,1,Roccamandolfi,871.0,53.6623,114.8105625717566,0.01863505664125466
094042,2024,1,Rocchetta a Volturno,1081.0,23.3409,92.50693802035153,0.04284324940340775
094044,2024,1,Sant'Agapito,1366.0,15.9289,73.20644216691069,0.06277897406600581
094045,2024,1,Santa Maria del Molise,676.0,17.1965,147.92899408284023,0.05815136801093246
094046,2024,1,Sant'Angelo del Pesco,344.0,15.5895,290.69767441860466,0.06414573911927901
094047,2024,2,Sant'Elena Sannita,275.0,14.076,727.2727272727273,0.14208581983518045
094049,2024,2,Sessano del Molise,662.0,25.3179,302.11480362537765,0.07899549330710683
094050,2024,4,Sesto Campano,2134.0,35.3166,187.44142455482663,0.11326118595787817
094052,2024,29,Venafro,11048.0,46.4518,262.49094858797974,0.6243030410016405
095001,2024,2,Abbasanta,2572.0,39.8469,77.76049766718506,0.050192110302181604
095002,2024,1,Aidomaggiore,411.0,41.2051,243.30900243309003,0.024268840507607067
095005,2024,1,Allai,353.0,27.3604,283.28611898017,0.03654917325770091
095006,2024,6,Arborea,3769.0,94.7921,159.19342000530645,0.06329641394166813
095008,2024,1,Assolo,355.0,16.3723,281.69014084507046,0.06107877329391717
095011,2024,1,Baratili San Pietro,1219.0,6.0966,82.03445447087778,0.16402585047403473
095013,2024,2,Bauladu,654.0,24.2197,305.81039755351685,0.08257740599594546
095018,2024,19,Cabras,8843.0,102.2534,214.85921067511026,0.1858128922852443
095019,2024,3,Cuglieri,2493.0,120.597,120.33694344163659,0.024876240702505038
095021,2024,4,Ghilarza,4285.0,55.4597,93.34889148191365,0.07212444351484051
095023,2024,1,Gonnosnò,722.0,15.4582,138.50415512465375,0.06469058493226895
095024,2024,1,Gonnostramatza,821.0,17.6423,121.80267965895248,0.056681951899695625
095025,2024,15,Marrubiu,4614.0,61.2346,325.0975292587776,0.24495954901313963
095026,2024,1,Masullas,1014.0,18.6808,98.61932938856016,0.05353089803434542
095027,2024,3,Milis,1459.0,18.6691,205.620287868403,0.1606933381898431
095029,2024,7,Mogoro,3974.0,48.9861,176.14494212380473,0.14289767913755128
095030,2024,1,Morgongiori,669.0,45.1972,149.47683109118088,0.022125264396909542
095031,2024,2,Narbolia,1709.0,40.5004,117.02750146284377,0.049382228323670875
095033,2024,2,Norbello,1161.0,26.1807,172.2652885443583,0.07639215147035792
095035,2024,3,Nurachi,1709.0,15.9653,175.54125219426564,0.18790752444363715
095037,2024,1,Ollastra,1139.0,21.4698,87.7963125548727,0.04657705241781479
095038,2024,102,Oristano,30723.0,84.5723,331.99882823942977,1.2060686536844807
095040,2024,1,Pau,282.0,13.816,354.6099290780142,0.07237984944991314
095041,2024,8,Paulilatino,2110.0,103.8471,379.1469194312796,0.07703633515042789
095043,2024,5,Riola Sardo,2036.0,48.1091,245.5795677799607,0.10393044143415694
095044,2024,1,Ruinas,622.0,30.4581,160.77170418006432,0.03283198886338937
095046,2024,2,San Nicolò d'Arcidano,2521.0,28.3569,79.33359777865927,0.07052957128600094
095047,2024,8,Santa Giusta,4673.0,69.2151,171.19623368285897,0.11558171555050847
095049,2024,3,Santu Lussurgiu,2247.0,99.7954,133.5113484646195,0.030061505840950586
095050,2024,5,San Vero Milis,2407.0,72.4749,207.7274615704196,0.06898940184808809
095052,2024,2,Sedilo,2018.0,68.4524,99.10802775024777,0.029217383174293378
095053,2024,1,Seneghe,1698.0,57.8527,58.89281507656065,0.01728527795591217
095056,2024,2,Siamaggiore,892.0,13.1726,224.2152466367713,0.1518303144405812
095057,2024,2,Siamanna,779.0,28.3563,256.73940949935815,0.07053106364370527
095059,2024,7,Simaxis,2126.0,27.8199,329.2568203198495,0.2516184457888059
095061,2024,1,Siris,226.0,6.0044,442.4778761061947,0.16654453400839384
095062,2024,2,Solarussa,2302.0,31.8589,86.88097306689835,0.0627768064810775
095063,2024,1,Sorradile,348.0,26.3402,287.35632183908046,0.03796478386648545
095065,2024,11,Terralba,9830.0,49.9709,111.90233977619532,0.22012811456267548
095066,2024,2,Tramatza,943.0,16.7998,212.08907741251326,0.11904903629805116
095069,2024,5,Uras,2724.0,39.2388,183.55359765051395,0.12742489576643526
095074,2024,1,Zeddiani,1142.0,11.8094,87.56567425569177,0.08467830711128423
095077,2024,1,Curcuris,314.0,7.1807,318.47133757961785,0.1392621889230855
095079,2024,9,Bosa,7533.0,128.0155,119.47431302270012,0.07030398662661944
095080,2024,3,Flussio,437.0,6.8744,686.4988558352402,0.4364017223321308
095082,2024,3,Laconi,1691.0,124.7513,177.40981667652278,0.024047845593593013
095083,2024,2,Magomadas,586.0,9.0198,341.29692832764505,0.22173440652786092
095087,2024,2,Suni,1005.0,47.4624,199.0049751243781,0.042138619201726
096002,2024,5,Andorno Micca,3027.0,11.8868,165.18004625041294,0.42063465356529933
096004,2024,180,Biella,42943.0,46.6883,419.16028223459006,3.85535562442839
096005,2024,1,Bioglio,894.0,18.8452,111.85682326621924,0.053063910173412866
096007,2024,3,Brusnengo,1958.0,10.4533,153.21756894790602,0.28699071106731844
096010,2024,2,Camburzano,1112.0,3.8025,179.85611510791367,0.5259697567389875
096012,2024,10,Candelo,7356.0,15.121,135.94344752582927,0.6613319224918986
096014,2024,1,Casapinta,393.0,2.8608,254.4529262086514,0.3495525727069351
096015,2024,3,Castelletto Cervo,795.0,14.9021,377.35849056603774,0.20131390877795746
096016,2024,5,Cavaglià,3537.0,25.6248,141.3627367825841,0.19512347413443226
096018,2024,7,Cerrione,2802.0,27.9876,249.82155603140615,0.2501107633380497
096020,2024,29,Cossato,14070.0,27.7338,206.11229566453449,1.0456554817587205
096021,2024,2,Crevacuore,1412.0,8.6006,141.643059490085,0.2325419156803014
096026,2024,14,Gaglianico,3710.0,4.4984,377.35849056603774,3.1122176773964076
096028,2024,2,Graglia,1485.0,20.1389,134.6801346801347,0.09931029003570205
096031,2024,2,Massazza,528.0,11.6095,378.7878787878788,0.1722727076962832
096032,2024,4,Masserano,1932.0,27.0732,207.0393374741201,0.14774758802062557
096035,2024,8,Mongrando,3715.0,16.5025,215.34320323014802,0.48477503408574457
096037,2024,3,Mottalciata,1319.0,18.3909,227.44503411675512,0.16312415379345221
096038,2024,3,Muzzano,579.0,6.0973,518.1347150259068,0.4920210585013039
096040,2024,2,Occhieppo Inferiore,3777.0,4.0645,52.952078369075984,0.4920654447041457
096041,2024,4,Occhieppo Superiore,2627.0,5.1503,152.26494099733537,0.7766537871580297
096042,2024,1,Pettinengo,1466.0,15.2975,68.21282401091405,0.06537015852263442
096044,2024,1,Piedicavallo,178.0,17.7505,561.7977528089888,0.05633644122700769
096046,2024,2,Pollone,2050.0,16.2169,97.5609756097561,0.12332813299705864
096047,2024,6,Ponderano,3733.0,7.0519,160.72863648540047,0.8508345268651002
096053,2024,3,Ronco Biellese,1430.0,3.8493,209.7902097902098,0.7793624814901411
096054,2024,1,Roppolo,858.0,8.6512,116.55011655011656,0.11559090068429814
096056,2024,1,Sagliano Micca,1543.0,14.6112,64.80881399870383,0.06844064826982041
096058,2024,6,Salussola,1871.0,38.5152,320.6841261357563,0.1557826520438684
096059,2024,9,Sandigliano,2595.0,10.2224,346.8208092485549,0.8804194709657223
096063,2024,1,Sordevolo,1322.0,13.7379,75.642965204236,0.07279132909687798
096064,2024,2,Sostegno,750.0,18.067,266.6666666666667,0.11069906459290418
096068,2024,3,Tollegno,2385.0,3.3143,125.78616352201257,0.9051685122046889
096071,2024,7,Valdengo,2385.0,7.6768,293.5010482180294,0.9118382659441434
096074,2024,1,Valle San Nicolao,906.0,13.2572,110.37527593818984,0.07543070935039073
096076,2024,2,Verrone,1222.0,8.5859,163.66612111292963,0.232940052877392
096077,2024,32,Vigliano Biellese,7618.0,8.3978,420.057757941717,3.8105218033294435
096079,2024,2,Villanova Biellese,191.0,7.8731,1047.1204188481677,0.25402954363592484
096080,2024,1,Viverone,1374.0,12.261,72.7802037845706,0.0815594160345812
096082,2024,6,Zubiena,1119.0,12.4736,536.1930294906166,0.48101590559261165
096085,2024,3,Lessona,2642.0,12.7749,113.55034065102195,0.23483549773383744
096086,2024,2,Campiglia Cervo,506.0,28.2053,395.2569169960474,0.07090865901089512
096087,2024,4,Quaregna Cerreto,2038.0,8.416,196.27085377821393,0.47528517110266155
096088,2024,7,Valdilana,10342.0,61.1382,67.68516727905627,0.1144947021665669
097001,2024,31,Abbadia Lariana,3191.0,16.6724,971.4822939517393,1.85936038002927
097002,2024,3,Airuno,2794.0,4.2859,107.37294201861131,0.6999696679810542
097003,2024,5,Annone di Brianza,2297.0,5.9795,217.67522855899,0.8361903169161301
097004,2024,13,Ballabio,4149.0,15.0377,313.32851289467345,0.8644939053179675
097005,2024,5,Barzago,2373.0,3.5617,210.7037505267594,1.4038240166212763
097006,2024,8,Barzanò,5010.0,3.6195,159.68063872255487,2.210250034535157
097008,2024,4,Bellano,3418.0,22.0271,117.02750146284377,0.18159449042316056
097009,2024,3,Bosisio Parini,3309.0,5.824,90.66183136899366,0.5151098901098902
097010,2024,7,Brivio,4466.0,7.9534,156.7398119122257,0.8801267382503081
097011,2024,1,Bulciago,2895.0,3.1176,34.542314335060446,0.32075955863484734
097012,2024,5,Calco,5369.0,4.5889,93.12721177127958,1.0895857395018416
097013,2024,29,Calolziocorte,13592.0,9.1002,213.36080047086523,3.186743148502231
097016,2024,23,Casatenovo,13128.0,12.664,175.19804996953076,1.8161718256475048
097017,2024,7,Cassago Brianza,4388.0,3.5476,159.52597994530538,1.9731649565903708
097019,2024,5,Castello di Brianza,2601.0,3.5941,192.23375624759709,1.391168860076236
097020,2024,11,Cernusco Lombardone,3788.0,3.7419,290.3907074973601,2.9396830487185657
097021,2024,5,Cesana Brianza,2379.0,3.6953,210.1723413198823,1.353070116093416
097022,2024,15,Civate,3739.0,9.2704,401.1767852366943,1.6180531584397653
097023,2024,12,Colico,7970.0,35.0639,150.564617314931,0.3422323244134281
097026,2024,12,Costa Masnaga,4761.0,5.6179,252.0478890989288,2.1360294772067854
097029,2024,2,Cremeno,1649.0,13.1833,121.28562765312311,0.15170708396228563
097030,2024,4,Dervio,2596.0,11.6954,154.08320493066256,0.34201480924124017
097031,2024,12,Dolzago,2531.0,2.2583,474.1209008297116,5.3137315679936235
097033,2024,2,Ello,1209.0,2.4193,165.42597187758477,0.8266854048691771
097035,2024,1,Esino Lario,764.0,18.0526,130.89005235602096,0.055393682904401574
097036,2024,13,Galbiate,8443.0,15.6446,153.9737060286628,0.8309576467279445
097037,2024,7,Garbagnate Monastero,2516.0,3.4965,278.21939586645465,2.0020020020020017
097038,2024,8,Garlate,2671.0,3.3023,299.5132909022838,2.422553977530812
097039,2024,4,Imbersago,2486.0,3.1445,160.90104585679805,1.2720623310542216
097040,2024,1,Introbio,1931.0,26.0331,51.78663904712584,0.038412636220811196
097042,2024,234,Lecco,47454.0,45.1348,493.1091161967379,5.184469633187696
097043,2024,4,Lierna,2122.0,11.2384,188.5014137606032,0.3559225512528474
097044,2024,7,Lomagna,5065.0,3.9135,138.20335636722606,1.7886802095311103
097045,2024,19,Malgrate,4256.0,1.8954,446.4285714285714,10.024269283528543
097046,2024,24,Mandello del Lario,10082.0,43.3309,238.04800634794685,0.5538772561843858
097048,2024,37,Merate,14702.0,11.0634,251.66643994014422,3.3443606847804475
097049,2024,13,Missaglia,8683.0,11.5189,149.71783945640905,1.1285799859361572
097050,2024,2,Moggio,467.0,13.4294,428.2655246252677,0.14892698110116612
097051,2024,15,Molteno,3548.0,3.1193,422.77339346110483,4.808771198666368
097053,2024,4,Montevecchia,2673.0,5.7993,149.64459408903852,0.6897384167054645
097054,2024,11,Monticello Brianza,4141.0,4.6072,265.63631972953397,2.3875672859871506
097056,2024,8,Nibionno,3660.0,3.5135,218.5792349726776,2.276931834353209
097057,2024,22,Oggiono,9128.0,7.9575,241.01665205959682,2.7646874018221803
097058,2024,6,Olgiate Molgora,6406.0,7.091,93.66219169528567,0.8461429981666901
097059,2024,9,Olginate,6983.0,8.0004,128.88443362451667,1.1249437528123594
097060,2024,5,Oliveto Lario,1219.0,15.6963,410.17227235438884,0.318546409026331
097061,2024,22,Osnago,4771.0,4.4936,461.1192622091804,4.895851878226812
097062,2024,2,Paderno d'Adda,3834.0,3.563,52.16484089723526,0.5613247263541958
097064,2024,1,Parlasco,132.0,2.9972,757.5757575757576,0.33364473508608034
097065,2024,2,Pasturo,1929.0,21.7839,103.68066355624676,0.091810924581916
097067,2024,1,Perledo,878.0,13.6837,113.89521640091115,0.07307964951000095
097068,2024,13,Pescate,2182.0,2.1001,595.7836846929423,6.190181419932385
097069,2024,1,Premana,2175.0,33.6353,45.97701149425287,0.029730669861722653
097071,2024,20,Robbiate,6248.0,4.7003,320.1024327784891,4.255047550156372
097072,2024,1,Rogeno,3071.0,4.8248,32.56268316509281,0.20726247720112753
097074,2024,3,Santa Maria Hoè,2127.0,2.8344,141.04372355430183,1.0584250635055037
097075,2024,6,Sirone,2330.0,3.2057,257.51072961373393,1.8716660947686932
097076,2024,4,Sirtori,2796.0,4.2907,143.0615164520744,0.9322488172093131
097078,2024,5,Suello,1755.0,2.629,284.90028490028493,1.901863826550019
097079,2024,1,Taceno,539.0,3.7516,185.5287569573284,0.26655293741337033
097082,2024,2,Valgreghentino,3406.0,6.2463,58.71990604815032,0.32018955221491124
097083,2024,14,Valmadrera,11210.0,12.5992,124.88849241748439,1.1111816623277668
097084,2024,6,Varenna,741.0,12.5679,809.7165991902834,0.47740672666077866
097086,2024,7,Vercurago,2766.0,2.1157,253.07302964569777,3.3085976272628446
097091,2024,5,Verderio,5520.0,6.4653,90.57971014492753,0.7733593182064251
097092,2024,3,La Valletta Brianza,4646.0,8.7846,64.57167455876022,0.34150672768253537
098003,2024,1,Boffalora d'Adda,1734.0,8.1303,57.67012687427913,0.12299669138900163
098004,2024,16,Borghetto Lodigiano,4311.0,23.6411,371.14358617490143,0.6767874591283823
098005,2024,4,Borgo San Giovanni,2416.0,7.5038,165.56291390728478,0.5330632479543698
098006,2024,3,Brembio,2665.0,17.0835,112.5703564727955,0.17560804284836246
098008,2024,1,Casaletto Lodigiano,2942.0,9.7506,33.990482664853836,0.10255779131540622
098009,2024,4,Casalmaiocco,3176.0,4.7138,125.94458438287154,0.8485722771437058
098010,2024,33,Casalpusterlengo,15213.0,25.6122,216.91973969631238,1.288448473774217
098011,2024,1,Caselle Landi,1503.0,26.0043,66.53359946773121,0.03845517856662167
098012,2024,2,Caselle Lurani,3006.0,7.6782,66.53359946773121,0.26047771613138493
098014,2024,1,Castiglione d'Adda,4502.0,12.9782,22.21235006663705,0.0770522876824213
098017,2024,5,Cavenago d'Adda,2116.0,16.098,236.29489603024575,0.31059758976270346
098018,2024,2,Cervignano d'Adda,2164.0,4.0688,92.42144177449168,0.4915454187966968
098019,2024,25,Codogno,15548.0,20.8695,160.79238487265243,1.1979204101679486
098020,2024,1,Comazzo,2262.0,12.8023,44.208664898320066,0.07811096443607789
098021,2024,9,Cornegliano Laudense,2864.0,5.6998,314.24581005586595,1.5790027720270887
098022,2024,1,Corno Giovine,1120.0,9.9361,89.28571428571428,0.10064310946951018
098024,2024,1,Corte Palasio,1534.0,15.6782,65.1890482398957,0.06378283221288158
098025,2024,2,Crespiatica,2219.0,7.0319,90.13068949977468,0.28441815156643296
098026,2024,3,Fombio,2265.0,7.3971,132.4503311258278,0.40556434278298253
098028,2024,4,Graffignana,2549.0,10.9213,156.9242840329541,0.36625676430461573
098029,2024,10,Guardamiglio,2635.0,10.4374,379.5066413662239,0.9580930116695728
098030,2024,4,Livraga,2455.0,12.3711,162.9327902240326,0.3233342225024452
098031,2024,168,Lodi,44815.0,41.3786,374.87448398973555,4.060069697863147
098032,2024,14,Lodi Vecchio,7589.0,16.4503,184.47753327184083,0.8510483091493772
098033,2024,1,Maccastorna,65.0,5.7452,1538.4615384615386,0.1740583443570285
098034,2024,3,Mairago,1363.0,11.2472,220.10271460014673,0.26673305355999716
098035,2024,3,Maleo,3008.0,19.8334,99.73404255319149,0.1512599957647201
098036,2024,3,Marudo,1760.0,4.2024,170.45454545454544,0.7138777841233581
098037,2024,5,Massalengo,4385.0,8.4767,114.02508551881414,0.5898521830429295
098038,2024,1,Meleti,441.0,7.3856,226.75736961451247,0.13539861351819757
098039,2024,1,Merlino,1712.0,10.7302,58.41121495327102,0.09319490783023615
098040,2024,7,Montanaso Lombardo,2241.0,9.5212,312.3605533244088,0.7352014451959836
098041,2024,5,Mulazzano,5814.0,15.579,85.99931200550395,0.3209448616727646
098043,2024,2,Ospedaletto Lodigiano,2004.0,8.4968,99.8003992015968,0.2353827323227568
098044,2024,4,Ossago Lodigiano,1421.0,11.525,281.49190710767067,0.3470715835140998
098045,2024,9,Pieve Fissiraga,1711.0,12.2653,526.0081823495033,0.7337774045477893
098046,2024,5,Salerano sul Lambro,2609.0,4.3749,191.64430816404752,1.1428832659032206
098047,2024,1,San Fiorano,1826.0,8.9657,54.76451259583789,0.1115361879161694
098048,2024,10,San Martino in Strada,3733.0,13.1484,267.88106080900076,0.7605488120227556
098049,2024,11,San Rocco al Porto,3354.0,30.562,327.9666070363745,0.35992408873764803
098050,2024,10,Sant'Angelo Lodigiano,13225.0,20.0529,75.61436672967864,0.49868098878466455
098052,2024,2,Secugnago,1931.0,6.7459,103.57327809425168,0.29647637824456335
098053,2024,4,Senna Lodigiana,1784.0,27.0154,224.2152466367713,0.14806369700245045
098054,2024,22,Somaglia,3867.0,20.819,568.9164727178692,1.0567270281953984
098055,2024,5,Sordio,3448.0,2.8206,145.01160092807424,1.7726724810324044
098056,2024,14,Tavazzano con Villavesco,5919.0,16.0684,236.52644027707385,0.8712752981006199
098057,2024,1,Terranova dei Passerini,919.0,11.2567,108.8139281828074,0.08883598212620039
098058,2024,1,Turano Lodigiano,1539.0,16.3773,64.9772579597141,0.06106012590597961
098060,2024,6,Villanova del Sillaro,1867.0,13.4986,321.37118371719333,0.4444905397596788
098061,2024,21,Zelo Buon Persico,7415.0,18.8824,283.2097100472016,1.112146761004957
098062,2024,1,Castelgerundo,1491.0,19.8696,67.0690811535882,0.0503281394693401
099001,2024,67,Bellaria-Igea Marina,19458.0,18.1698,344.33138040908625,3.6874373961188347
099002,2024,87,Cattolica,16723.0,6.1953,520.2415834479459,14.042903491356352
099003,2024,41,Coriano,10503.0,46.7666,390.3646577168428,0.8766940508824674
099004,2024,1,Gemmano,1124.0,18.8499,88.9679715302491,0.053050679313948614
099005,2024,77,Misano Adriatico,13780.0,22.345,558.7808417997097,3.4459610651152386
099008,2024,4,Montefiore Conca,2227.0,22.3216,179.61383026493039,0.17919862375456957
099011,2024,15,Morciano di Romagna,7176.0,5.44,209.03010033444815,2.7573529411764706
099013,2024,228,Riccione,34942.0,17.5208,652.5098735046648,13.013104424455504
099014,2024,854,Rimini,150240.0,135.7915,568.4238551650692,6.289053438543649
099015,2024,6,Saludecio,3009.0,34.2646,199.40179461615153,0.1751078372431022
099016,2024,19,San Clemente,5624.0,20.6958,337.83783783783787,0.918060669314547
099017,2024,34,San Giovanni in Marignano,9441.0,21.3734,360.13134201885396,1.590762349462416
099018,2024,88,Santarcangelo di Romagna,22288.0,45.0587,394.8312993539124,1.9530079651654397
099020,2024,26,Verucchio,10047.0,27.3019,258.7837165322982,0.9523146740703028
099023,2024,17,Novafeltria,7064.0,41.8381,240.6568516421291,0.40632820324058694
099024,2024,6,Pennabilli,2653.0,69.8034,226.15906520919714,0.08595569843302762
099025,2024,3,San Leo,2860.0,53.136,104.8951048951049,0.056458897922312554
099026,2024,2,Sant'Agata Feltria,2034.0,79.7408,98.32841691248771,0.025081263293069547
099027,2024,4,Talamello,1065.0,10.5887,375.5868544600939,0.3777611982585209
099028,2024,11,Poggio Torriana,5186.0,34.7351,212.10952564596994,0.3166825487763098
099029,2024,5,Montescudo-Monte Colombo,6842.0,32.3479,73.0780473545747,0.15456953929003117
099030,2024,1,,,,,
099031,2024,2,,,,,
100001,2024,5,Cantagallo,3102.0,95.6224,161.18633139909736,0.05228900341342614
100002,2024,35,Carmignano,15098.0,38.4275,231.81878394489337,0.9108060633660789
100003,2024,64,Montemurlo,19477.0,30.7758,328.5926990809673,2.079556014790842
100004,2024,29,Poggio a Caiano,10169.0,5.9995,285.1804503884354,4.833736144678723
100005,2024,833,Prato,201410.0,97.3521,413.5842311702497,8.556569401173679
100006,2024,21,Vaiano,9975.0,34.1088,210.52631578947367,0.615676892766676
100007,2024,11,Vernio,6038.0,63.3768,182.17952964557801,0.1735650900645031
101001,2024,1,Belvedere di Spinello,1974.0,30.3109,50.658561296859176,0.032991432125077116
101002,2024,4,Caccuri,1572.0,61.3762,254.4529262086514,0.06517184185400857
101004,2024,1,Casabona,2403.0,67.6721,41.614648356221394,0.014777138584438786
101007,2024,3,Cirò,2560.0,71.0449,117.1875,0.04222681712550795
101008,2024,29,Cirò Marina,13833.0,41.6808,209.64360587002096,0.6957639968522678
101009,2024,3,Cotronei,5253.0,79.2012,57.110222729868646,0.037878213966455056
101010,2024,199,Crotone,60123.0,181.9947,330.98814097766245,1.0934384352950939
101011,2024,3,Crucoli,2798.0,50.425,107.21944245889921,0.05949429846306396
101012,2024,14,Cutro,9465.0,133.6858,147.9133650290544,0.10472316431513294
101013,2024,19,Isola di Capo Rizzuto,16962.0,126.6438,112.01509255983964,0.15002708383671368
101014,2024,4,Melissa,3249.0,51.6315,123.11480455524776,0.0774720858390711
101015,2024,3,Mesoraca,6025.0,94.7896,49.79253112033195,0.031649041667018325
101017,2024,7,Petilia Policastro,8700.0,98.3481,80.45977011494253,0.07117575225144156
101018,2024,2,Roccabernarda,3185.0,64.888,62.79434850863422,0.03082234003205523
101019,2024,5,Rocca di Neto,5345.0,44.9243,93.54536950420955,0.11129833965136908
101021,2024,1,San Nicola dell'Alto,725.0,7.8517,137.9310344827586,0.12736095367882114
101022,2024,1,Santa Severina,1935.0,52.3117,51.67958656330749,0.019116182421905614
101024,2024,6,Scandale,2851.0,54.2595,210.4524728165556,0.11057971415143891
101025,2024,15,Strongoli,6146.0,85.5577,244.06117800195247,0.17532028093321816
101027,2024,1,Verzino,1641.0,45.6322,60.938452163315056,0.021914349954637296
102003,2024,5,Briatico,3855.0,27.9223,129.70168612191958,0.17906834322387483
102004,2024,1,Brognaturo,630.0,25.689,158.73015873015873,0.03892716727003776
102005,2024,1,Capistrano,984.0,21.1225,101.62601626016261,0.04734288081429755
102006,2024,1,Cessaniti,3015.0,17.9691,33.16749585406302,0.05565108992659621
102007,2024,3,Dasà,1109.0,6.4627,270.5139765554554,0.4642022684017516
102009,2024,3,Drapia,2019.0,21.5938,148.58841010401187,0.1389287665904102
102011,2024,1,Filadelfia,4960.0,31.5038,20.161290322580644,0.03174220252794901
102012,2024,3,Filandari,1758.0,18.8395,170.64846416382252,0.15923989490166934
102013,2024,1,Filogaso,1317.0,23.8975,75.93014426727412,0.04184538131603724
102014,2024,6,Francavilla Angitola,1827.0,28.6319,328.4072249589491,0.2095564737233645
102016,2024,5,Gerocarne,1967.0,45.2254,254.1942043721403,0.11055734167083099
102017,2024,10,Jonadi,4406.0,8.8113,226.96323195642307,1.134906313483822
102018,2024,2,Joppolo,1685.0,21.6692,118.69436201780415,0.0922969006700755
102020,2024,2,Maierato,2055.0,39.9325,97.32360097323601,0.050084517623489644
102021,2024,3,Mileto,6401.0,35.6532,46.867676925480396,0.08414391976035812
102022,2024,1,Mongiana,672.0,18.4089,148.8095238095238,0.054321550988923835
102025,2024,1,Nicotera,5911.0,28.2468,16.91761123329386,0.035402240253763255
102026,2024,1,Parghelia,1245.0,7.9491,80.32128514056225,0.12580040507730436
102027,2024,32,Pizzo,8882.0,22.8879,360.27921639270437,1.398118656582736
102030,2024,8,Ricadi,4805.0,22.5378,166.49323621227887,0.3549592240591362
102031,2024,5,Rombiolo,4382.0,22.8427,114.10314924691922,0.21888831005091341
102032,2024,3,San Calogero,3954.0,25.3367,75.87253414264036,0.11840531718811052
102033,2024,3,San Costantino Calabro,2084.0,6.7892,143.95393474088291,0.4418782772638897
102034,2024,1,San Gregorio d'Ippona,2535.0,12.5345,39.44773175542406,0.07977980773066337
102036,2024,4,Sant'Onofrio,2889.0,18.6586,138.45621322256838,0.21437835636114178
102037,2024,10,Serra San Bruno,6352.0,40.5725,157.43073047858942,0.24647236428615443
102038,2024,1,Simbario,921.0,20.8328,108.57763300760044,0.04800122883145809
102040,2024,2,Soriano Calabro,2291.0,15.4369,87.29812309035356,0.12955969138881512
102041,2024,1,Spadola,797.0,9.6462,125.47051442910914,0.10366776554498144
102042,2024,1,Spilinga,1370.0,17.4235,72.99270072992701,0.05739374982064453
102043,2024,3,Stefanaconi,2349.0,23.1798,127.7139208173691,0.12942303212279657
102044,2024,21,Tropea,6022.0,3.6604,348.72135503155096,5.737077914981969
102046,2024,2,Vazzano,982.0,20.2027,203.66598778004072,0.09899666876209616
102047,2024,69,Vibo Valentia,31753.0,46.5709,217.30230214467923,1.481611907865212
102050,2024,3,Zungri,1854.0,23.4549,161.81229773462783,0.12790504329585717
103003,2024,2,Arizzano,1961.0,1.5995,101.98878123406426,1.2503907471084714
103004,2024,1,Arola,238.0,6.6126,420.16806722689074,0.1512264464809606
103005,2024,1,Aurano,105.0,21.1563,952.3809523809525,0.04726724427239167
103006,2024,2,Baceno,886.0,77.2735,225.7336343115124,0.025882094120235268
103007,2024,1,Bannio Anzino,471.0,39.4656,212.31422505307856,0.025338522662774667
103008,2024,14,Baveno,4820.0,17.1002,290.4564315352697,0.8187038748084817
103010,2024,1,Belgirate,493.0,7.1292,202.83975659229208,0.14026819278460417
103011,2024,2,Beura-Cardezza,1430.0,28.5514,139.86013986013987,0.07004910442219996
103012,2024,1,Bognanco,186.0,57.9948,537.6344086021505,0.01724292522777904
103013,2024,5,Brovello-Carpugnino,751.0,8.2233,665.7789613848203,0.6080284070871791
103014,2024,1,Calasca-Castiglione,567.0,57.0676,176.3668430335097,0.017523077893585853
103015,2024,1,Cambiasca,1569.0,3.9645,63.73486297004461,0.2522386177323748
103016,2024,6,Cannero Riviera,897.0,14.4193,668.8963210702341,0.4161089650676524
103017,2024,8,Cannobio,5029.0,52.5335,159.07735136209982,0.15228378082556845
103018,2024,1,Caprezzo,171.0,7.2565,584.7953216374269,0.13780748294632397
103019,2024,6,Casale Corte Cerro,3404.0,12.5227,176.2632197414806,0.4791299001014158
103022,2024,1,Cesara,591.0,11.6545,169.2047377326565,0.08580376678536188
103024,2024,3,Craveggia,759.0,36.2167,395.2569169960474,0.08283471437209905
103025,2024,7,Crevoladossola,4517.0,39.8738,154.97011290679654,0.17555387246763537
103026,2024,3,Crodo,1406.0,53.5753,213.37126600284498,0.055995953359103914
103028,2024,37,Domodossola,17783.0,36.8911,208.06388123488722,1.0029519314956723
103029,2024,1,Druogno,1057.0,29.6091,94.6073793755913,0.03377340074504122
103031,2024,1,Formazza,445.0,130.6467,224.71910112359552,0.007654230837824453
103033,2024,8,Ghiffa,2308.0,14.6546,346.6204506065858,0.545903675296494
103034,2024,5,Gignese,1081.0,14.5784,462.53469010175763,0.3429731657795094
103035,2024,7,Gravellona Toce,7621.0,14.2127,91.85146306259021,0.4925172556938513
103041,2024,1,Malesco,1358.0,43.1763,73.63770250368188,0.02316085445024238
103042,2024,5,Masera,1448.0,20.3537,345.3038674033149,0.24565558104914587
103044,2024,8,Mergozzo,2136.0,26.9947,374.53183520599254,0.29635446958106587
103046,2024,1,Montecrestese,1249.0,86.1483,80.06405124099278,0.011607890115069014
103049,2024,6,Oggebbio,865.0,21.439,693.6416184971098,0.27986379961751945
103050,2024,26,Omegna,14618.0,30.3719,177.86290874264606,0.856054445062706
103051,2024,10,Ornavasso,3358.0,25.9194,297.79630732578914,0.3858113999552459
103052,2024,2,Pallanzeno,1110.0,4.3658,180.18018018018017,0.4581061890146136
103053,2024,1,Piedimulera,1474.0,7.5656,67.84260515603799,0.1321772232208946
103054,2024,2,Pieve Vergonte,2472.0,41.672,80.90614886731392,0.047993856786331356
103055,2024,1,Premeno,767.0,7.8796,130.3780964797914,0.12690999543124015
103056,2024,3,Premia,541.0,88.9024,554.52865064695,0.03374487077964149
103057,2024,4,Premosello-Chiovenda,1856.0,34.1628,215.51724137931035,0.11708642148770008
103060,2024,1,Re,692.0,27.1522,144.50867052023122,0.03682942818629798
103061,2024,5,San Bernardino Verbano,1267.0,26.6756,394.63299131807423,0.18743720853514073
103062,2024,3,Santa Maria Maggiore,1284.0,53.7054,233.64485981308408,0.055860304550380414
103064,2024,11,Stresa,4694.0,35.3592,234.34171282488282,0.3110930111540985
103067,2024,1,Trasquera,174.0,39.6013,574.7126436781609,0.02525169628269779
103068,2024,3,Trontano,1633.0,56.7344,183.7109614206981,0.0528779717420119
103070,2024,1,Vanzone con San Carlo,384.0,15.7344,260.41666666666663,0.06355501321944275
103071,2024,2,Varzo,1946.0,93.7665,102.77492291880782,0.021329579327371718
103072,2024,125,Verbania,29954.0,37.4934,417.3065366895907,3.333920103271509
103074,2024,1,Vignone,1209.0,3.3806,82.71298593879239,0.29580547831745846
103075,2024,9,Villadossola,6276.0,18.7332,143.4034416826004,0.4804304656972648
103077,2024,4,Vogogna,1720.0,15.6245,232.5581395348837,0.2560081922621524
103079,2024,1,Valle Cannobina,477.0,55.1741,209.64360587002096,0.018124446071616937
108001,2024,66,Agrate Brianza,15482.0,11.2176,426.3015114326314,5.883611467693624
108002,2024,1,Aicurzio,2077.0,2.4676,48.146364949446316,0.4052520667855406
108003,2024,3,Albiate,6482.0,2.8631,46.282011724776304,1.0478153050888896
108004,2024,56,Arcore,17848.0,9.2455,313.76064545047063,6.057000703044724
108005,2024,11,Barlassina,6912.0,2.756,159.1435185185185,3.991291727140784
108006,2024,17,Bellusco,7366.0,6.5372,230.7901167526473,2.600501743865875
108007,2024,17,Bernareggio,11321.0,5.9338,150.16341312604894,2.864943206714079
108008,2024,20,Besana in Brianza,15498.0,15.7578,129.04890953671443,1.269212707357626
108009,2024,29,Biassono,12188.0,4.8948,237.93895635050868,5.924654735637819
108010,2024,33,Bovisio-Masciago,16833.0,4.9323,196.04348600962396,6.690590596679034
108011,2024,15,Briosco,6051.0,6.6128,247.8929102627665,2.2683280909750785
108012,2024,93,Brugherio,34811.0,10.4121,267.1569331533136,8.931915751865617
108013,2024,5,Burago di Molgora,4283.0,3.4317,116.7406023815083,1.4570038173500013
108014,2024,2,Camparada,2166.0,1.6337,92.33610341643582,1.2242149721491093
108015,2024,61,Carate Brianza,17824.0,9.9166,342.2351885098743,6.151301857491479
108016,2024,10,Carnate,7516.0,3.4702,133.04949441192122,2.8816782894357673
108017,2024,14,Cavenago di Brianza,7389.0,4.3932,189.47083502503722,3.1867431485022304
108018,2024,7,Ceriano Laghetto,6613.0,7.078,105.85210948132466,0.9889799378355467
108019,2024,122,Cesano Maderno,38983.0,11.5157,312.9569299438217,10.594232222096789
108020,2024,11,Cogliate,8444.0,6.9549,130.2700142112743,1.5816187148629024
108021,2024,38,Concorezzo,15770.0,8.5081,240.96385542168676,4.466332083543916
108022,2024,3,Correzzana,3035.0,2.506,98.84678747940693,1.197126895450918
108023,2024,145,Desio,41646.0,14.754,348.1726936560534,9.82784329673309
108024,2024,113,Giussano,25923.0,10.2805,435.90633800100295,10.991683283886971
108025,2024,10,Lazzate,7763.0,5.3139,128.8161793121216,1.881857016503886
108026,2024,8,Lesmo,8465.0,5.1171,94.50679267572357,1.5633855113247739
108027,2024,69,Limbiate,34707.0,12.286,198.80715705765405,5.616148461663682
108028,2024,183,Lissone,46147.0,9.2958,396.55882289206227,19.686309946427418
108029,2024,22,Macherio,7412.0,3.1826,296.8159740960604,6.912587192861183
108030,2024,77,Meda,23324.0,8.3083,330.13205282112847,9.267840593141798
108031,2024,5,Mezzago,4420.0,4.3185,113.12217194570137,1.1578094245687158
108032,2024,5,Misinto,5588.0,5.1093,89.4774516821761,0.9786076370539996
108033,2024,573,Monza,122522.0,33.0867,467.67111212680175,17.318136894885257
108034,2024,43,Muggiò,23603.0,5.4764,182.1802313265263,7.8518734935359
108035,2024,66,Nova Milanese,23083.0,5.8456,285.9247064939566,11.290543314629806
108036,2024,4,Ornago,5193.0,5.8844,77.02676680146351,0.6797634423220719
108037,2024,7,Renate,4056.0,2.8878,172.58382642998026,2.423990581065171
108038,2024,8,Ronco Briantino,3532.0,2.9685,226.50056625141565,2.6949637864241196
108039,2024,174,Seregno,44843.0,13.0449,388.0204268224695,13.338546098475266
108040,2024,28,Seveso,23728.0,7.4024,118.00404585300068,3.7825570085377715
108041,2024,4,Sovico,8307.0,3.263,48.15216082821716,1.225865767698437
108042,2024,3,Sulbiate,4405.0,5.2018,68.1044267877412,0.5767234418855012
108043,2024,12,Triuggio,8649.0,8.3378,138.7443635102324,1.4392285734846124
108044,2024,24,Usmate Velate,10425.0,9.7508,230.2158273381295,2.4613365057226075
108045,2024,58,Varedo,13611.0,4.848,426.1259275585923,11.963696369636963
108046,2024,23,Vedano al Lambro,7490.0,1.9793,307.0761014686248,11.62026979235083
108047,2024,14,Veduggio con Colzano,4250.0,3.5554,329.4117647058824,3.937672273161951
108048,2024,37,Verano Brianza,9164.0,3.5184,403.75381929288517,10.516143701682582
108049,2024,41,Villasanta,13946.0,4.8648,293.99110856159473,8.42789014964644
108050,2024,106,Vimercate,25941.0,20.7181,408.61955977024786,5.1162992745473765
108051,2024,9,Busnago,6752.0,5.7763,133.29383886255926,1.5580908193826497
108052,2024,18,Caponago,5105.0,5.0384,352.5954946131244,3.572562718323277
108053,2024,14,Cornate d'Adda,10674.0,13.8153,131.15982761851228,1.0133692355576787
108054,2024,53,Lentate sul Seveso,15785.0,13.9782,335.7617991764333,3.791618377187335
108055,2024,2,Roncello,4762.0,3.1611,41.999160016799664,0.632691151814242
109001,2024,10,Altidona,3538.0,12.9725,282.6455624646693,0.7708614376565812
109002,2024,8,Amandola,3355.0,69.494,238.45007451564828,0.11511785190088353
109003,2024,2,Belmonte Piceno,600.0,10.5319,333.33333333333337,0.18989925844339578
109004,2024,4,Campofilone,1896.0,12.2112,210.97046413502107,0.3275681341719078
109005,2024,1,Falerone,3138.0,24.6124,31.867431485022305,0.0406299263785734
109006,2024,141,Fermo,36168.0,124.532,389.8473788984738,1.1322391032023897
109007,2024,1,Francavilla d'Ete,946.0,10.2041,105.70824524312897,0.09799982360031752
109008,2024,5,Grottazzolina,3259.0,9.2618,153.42129487572873,0.5398518646483406
109009,2024,1,Lapedona,1160.0,14.9249,86.20689655172414,0.06700212396732977
109010,2024,1,Magliano di Tenna,1424.0,7.9294,70.2247191011236,0.12611294675511386
109011,2024,1,Massa Fermana,898.0,7.7274,111.35857461024499,0.12940963325309934
109013,2024,1,Montappone,1608.0,10.4054,62.189054726368155,0.09610394602802391
109014,2024,2,Montefalcone Appennino,383.0,15.992,522.1932114882507,0.1250625312656328
109016,2024,3,Monte Giberto,759.0,12.5337,395.2569169960474,0.2393546997295292
109017,2024,23,Montegiorgio,6479.0,47.4458,354.9930544837166,0.4847636671739121
109018,2024,18,Montegranaro,12613.0,31.4183,142.70990248156664,0.5729145116062931
109020,2024,1,Montelparo,722.0,21.6262,138.50415512465375,0.046240208635821366
109022,2024,3,Monterubbiano,2086.0,32.2351,143.81591562799616,0.09306625386612728
109023,2024,9,Monte San Pietrangeli,2315.0,18.4509,388.76889848812095,0.4877810838495683
109024,2024,21,Monte Urano,7971.0,16.7156,263.45502446368084,1.2563114695254733
109025,2024,3,Monte Vidon Combatte,398.0,11.167,753.7688442211055,0.2686486970538193
109026,2024,4,Monte Vidon Corrado,678.0,5.949,589.9705014749262,0.6723819129265423
109027,2024,1,Montottone,895.0,16.3789,111.73184357541899,0.061054161146352925
109028,2024,2,Moresco,546.0,6.3504,366.3003663003663,0.31494079113126733
109030,2024,7,Pedaso,2808.0,3.847,249.28774928774928,1.819599688068625
109031,2024,3,Petritoli,2193.0,24.0023,136.79890560875512,0.12498802198122679
109032,2024,3,Ponzano di Fermo,1646.0,14.2677,182.26002430133656,0.2102651443470216
109033,2024,51,Porto San Giorgio,15715.0,8.7932,324.53070314985683,5.799936314424782
109034,2024,119,Porto Sant'Elpidio,25958.0,18.1256,458.43285307034444,6.565299907313413
109035,2024,6,Rapagnano,1945.0,12.6456,308.4832904884319,0.4744733345985956
109036,2024,3,Santa Vittoria in Matenano,1246.0,26.179,240.7704654895666,0.11459566828373888
109037,2024,48,Sant'Elpidio a Mare,16773.0,50.5172,286.1742085494545,0.9501714267615782
109038,2024,6,Servigliano,2201.0,18.4918,272.60336210813267,0.3244681426361955
109040,2024,2,Torre San Patrizio,1919.0,11.9329,104.22094841063053,0.1676038515365083
110001,2024,216,Andria,97489.0,402.8821,221.56345844146517,0.5361369988887568
110002,2024,302,Barletta,92787.0,149.3513,325.47662926918645,2.022078147294332
110003,2024,177,Bisceglie,53934.0,69.2439,328.1788853042608,2.556181844176888
110004,2024,44,Canosa di Puglia,28422.0,150.9317,154.8096544929984,0.29152258935664277
110005,2024,25,Margherita di Savoia,11371.0,35.6977,219.85753231905724,0.7003252310372937
110006,2024,9,Minervino Murge,8390.0,257.4065,107.27056019070322,0.03496415203190285
110007,2024,24,San Ferdinando di Puglia,13734.0,41.2298,174.7487986020096,0.5821032360089062
110008,2024,15,Spinazzola,6115.0,184.0052,245.29844644317254,0.08151943532030616
110009,2024,165,Trani,54848.0,103.4118,300.8313885647608,1.5955625953711279
110010,2024,46,Trinitapoli,14001.0,148.7657,328.5479608599386,0.30921106142074417
111001,2024,3,Arbus,5961.0,269.1174,50.327126321087064,0.011147551217424069
111003,2024,2,Ballao,740.0,46.6242,270.27027027027026,0.04289617837946817
111004,2024,1,Barrali,1109.0,11.2269,90.17132551848512,0.0890717829498793
111005,2024,2,Barumini,1200.0,26.3994,166.66666666666669,0.07575929755979302
111006,2024,4,Buggerru,1040.0,48.3317,384.61538461538464,0.08276141745479675
111007,2024,3,Burcei,2663.0,94.8516,112.65490048817124,0.03162835418696153
111008,2024,3,Calasetta,2803.0,31.0599,107.02818408847664,0.09658756145383599
111009,2024,64,Carbonia,26672.0,145.5415,239.95200959808037,0.4397371196531573
111010,2024,3,Carloforte,5960.0,51.101,50.33557046979866,0.05870726600262226
111011,2024,6,Castiadas,1652.0,103.8877,363.19612590799034,0.05775467163100156
111013,2024,6,Decimoputzu,4202.0,44.7736,142.78914802475012,0.13400754015759286
111014,2024,7,Dolianova,9473.0,84.3042,73.8942256940779,0.08303263657089446
111015,2024,1,Domus de Maria,1619.0,97.136,61.766522544780734,0.01029484434195355
111016,2024,4,Domusnovas,5895.0,80.592,67.85411365564038,0.04963271788763153
111017,2024,3,Donori,1965.0,35.3087,152.67175572519085,0.08496489533740975
111018,2024,2,Escalaplano,2084.0,94.0356,95.96928982725528,0.02126854085048641
111020,2024,1,Esterzili,575.0,100.7428,173.91304347826087,0.009926267683645879
111021,2024,2,Fluminimaggiore,2685.0,108.182,74.487895716946,0.018487363886783383
111022,2024,2,Furtei,1542.0,26.1114,129.70168612191958,0.07659489724794534
111025,2024,1,Gergei,1147.0,36.1778,87.1839581517001,0.027641260662616303
111027,2024,2,Gesturi,1175.0,46.8295,170.2127659574468,0.0427081220171046
111028,2024,2,Giba,1909.0,30.4364,104.76689366160294,0.06571079365496577
111029,2024,1,Goni,465.0,18.5982,215.05376344086022,0.053768644277403195
111030,2024,8,Gonnesa,4751.0,48.0554,168.38560303094084,0.166474527316389
111031,2024,6,Gonnosfanadiga,6254.0,125.1869,95.93859929645028,0.0479283375496957
111033,2024,4,Guasila,2531.0,43.5101,158.04030027657052,0.0919326777001202
111034,2024,17,Guspini,11161.0,174.6654,152.31610070782187,0.09732895009543963
111035,2024,51,Iglesias,25493.0,208.2299,200.05491703604912,0.24492159867531033
111036,2024,2,Isili,2551.0,67.8361,78.40062720501764,0.029482826990348796
111037,2024,3,Las Plassas,219.0,11.0416,1369.86301369863,0.27169975365889
111038,2024,3,Lunamatrona,1634.0,20.5853,183.5985312117503,0.14573506337046338
111039,2024,3,Mandas,2053.0,45.0144,146.12761811982463,0.06664534015781616
111040,2024,2,Masainas,1239.0,23.6861,161.42050040355124,0.08443770819172426
111041,2024,14,Monastir,4495.0,31.7868,311.4571746384872,0.44043439415103125
111042,2024,8,Muravera,5160.0,93.5065,155.03875968992247,0.08555554961419794
111043,2024,2,Musei,1495.0,20.2739,133.7792642140468,0.09864900191872308
111046,2024,1,Nurallao,1172.0,34.7617,85.32423208191126,0.028767292738847643
111047,2024,8,Nuraminis,2364.0,45.1794,338.409475465313,0.17707185133047362
111048,2024,2,Nurri,2050.0,73.6723,97.5609756097561,0.027147245301151177
111049,2024,3,Nuxis,1443.0,61.5918,207.9002079002079,0.048707782529492566
111050,2024,1,Orroli,2056.0,75.5932,48.63813229571984,0.013228703110861825
111051,2024,5,Ortacesus,874.0,23.6259,572.0823798627002,0.21163214946308923
111052,2024,2,Pabillonis,2549.0,37.4236,78.46214201647705,0.05344221293515322
111054,2024,2,Perdaxius,1318.0,29.4953,151.74506828528072,0.06780741338450533
111057,2024,2,Portoscuso,4895.0,38.0899,40.85801838610828,0.05250735759348279
111058,2024,1,Sadali,899.0,49.6103,111.23470522803115,0.020157104472256767
111059,2024,3,Samassi,4911.0,42.0434,61.087354917532075,0.07135483809587237
111060,2024,4,Samatzai,1556.0,31.1592,257.0694087403599,0.12837300059051582
111062,2024,6,San Gavino Monreale,8189.0,87.3983,73.26901941629015,0.06865122090475444
111063,2024,14,San Giovanni Suergiu,5707.0,72.3709,245.31277378657788,0.1934479189840115
111064,2024,1,San Nicolò Gerrei,734.0,63.5145,136.23978201634876,0.015744436309819018
111065,2024,13,San Sperate,8330.0,26.2413,156.062424969988,0.49540228570993056
111066,2024,4,San Vito,3434.0,231.6382,116.48223645894002,0.017268308940407928
111067,2024,14,Sanluri,8175.0,84.2252,171.25382262996942,0.1662210359844797
111068,2024,3,Santadi,3199.0,116.4841,93.77930603313536,0.025754587965224437
111069,2024,1,Sant'Andrea Frius,1694.0,36.1629,59.031877213695395,0.027652649538615542
111070,2024,6,Sant'Anna Arresi,2644.0,36.6787,226.92889561270803,0.16358267877542007
111071,2024,12,Sant'Antioco,10767.0,87.8946,111.45165784341043,0.13652715866503745
111072,2024,5,Sardara,3856.0,56.2294,129.66804979253112,0.08892145390133988
111073,2024,1,Segariu,1108.0,16.6918,90.25270758122744,0.0599096562383925
111074,2024,1,Selegas,1297.0,20.3934,77.10100231303007,0.049035472260633345
111075,2024,4,Senorbì,4713.0,34.2889,84.8716316571186,0.11665582739603779
111076,2024,3,Serdiana,2659.0,55.706,112.82437006393381,0.053854162926794236
111077,2024,10,Serramanna,8693.0,83.8383,115.03508570113885,0.11927722771096265
111078,2024,6,Serrenti,4614.0,42.7842,130.03901170351105,0.14023868624398728
111081,2024,3,Seui,1218.0,148.2049,246.30541871921181,0.02024224570172781
111084,2024,12,Siliqua,3623.0,189.8443,331.21722329561135,0.0632096934171845
111085,2024,1,Silius,1097.0,38.3587,91.15770282588879,0.026069705177704145
111087,2024,3,Soleminis,1819.0,12.7937,164.92578339747115,0.23449041325027162
111088,2024,3,Suelli,1081.0,19.1982,277.5208140610546,0.15626464981091978
111089,2024,1,Teulada,3364.0,246.1839,29.726516052318665,0.004062004054692448
111090,2024,3,Tratalias,993.0,31.0024,302.11480362537765,0.0967667019327536
111091,2024,1,Tuili,968.0,24.5857,103.30578512396694,0.04067405036260916
111093,2024,3,Ussana,4017.0,32.8211,74.68259895444362,0.09140461471431487
111094,2024,1,Ussaramanna,506.0,9.7603,197.6284584980237,0.10245586713523148
111095,2024,1,Vallermosa,1830.0,61.7509,54.6448087431694,0.01619409595649618
111096,2024,13,Villacidro,13412.0,183.475,96.92812406799881,0.07085433982831449
111097,2024,1,Villamar,2499.0,38.5293,40.016006402561025,0.025954273760488773
111098,2024,4,Villamassargia,3427.0,91.3876,116.72016340822876,0.04376961425838954
111099,2024,2,Villanova Tulo,1017.0,40.4494,196.65683382497542,0.04944449114201942
111102,2024,1,Villaperuccio,1015.0,36.4283,98.52216748768473,0.02745118493039752
111103,2024,4,Villaputzu,4497.0,181.3074,88.948187680676,0.022061978716809132
111104,2024,1,Villasalto,999.0,130.3596,100.1001001001001,0.007671088281952384
111105,2024,11,Villasimius,3688.0,57.9708,298.2646420824295,0.1897507020775977
111106,2024,12,Villasor,6636.0,86.7935,180.83182640144665,0.1382592014378957
111107,2024,3,Villaspeciosa,2549.0,27.1937,117.69321302471559,0.11031966962936268
